{
  "type": "FeatureCollection",
  "features": [
    {
      "type": "Feature",
      "id": 1,
      "geometry": null,
      "properties": {
        "evrk_section_code": "A",
        "evrk_section_title": "Žemės ūkis, miškininkystė ir žuvininkystė",
        "evrk_chapter_code": "01",
        "evrk_chapter_title": "Augalininkystė ir gyvulininkystė, medžioklė ir susijusių paslaugų veikla",
        "evrk_group_code": "011",
        "evrk_group_title": "Vienmečių augalų auginimas",
        "evrk_class_code": "0110",
        "evrk_class_title": "Vienmečių augalų auginimas",
        "evrk_subclass_code": "011000",
        "evrk_subclass_title": "Vienmečių augalų auginimas",
        "object_id": 1
      }
    },
    {
      "type": "Feature",
      "id": 2,
      "geometry": null,
      "properties": {
        "evrk_section_code": "A",
        "evrk_section_title": "Žemės ūkis, miškininkystė ir žuvininkystė",
        "evrk_chapter_code": "01",
        "evrk_chapter_title": "Augalininkystė ir gyvulininkystė, medžioklė ir susijusių paslaugų veikla",
        "evrk_group_code": "011",
        "evrk_group_title": "Vienmečių augalų auginimas",
        "evrk_class_code": "0113",
        "evrk_class_title": "Daržovių ir melionų, šakniavaisių ir gumbavaisių auginimas",
        "evrk_subclass_code": "011300",
        "evrk_subclass_title": "Daržovių ir melionų, šakniavaisių ir gumbavaisių auginimas",
        "object_id": 2
      }
    },
    {
      "type": "Feature",
      "id": 3,
      "geometry": null,
      "properties": {
        "evrk_section_code": "A",
        "evrk_section_title": "Žemės ūkis, miškininkystė ir žuvininkystė",
        "evrk_chapter_code": "01",
        "evrk_chapter_title": "Augalininkystė ir gyvulininkystė, medžioklė ir susijusių paslaugų veikla",
        "evrk_group_code": "011",
        "evrk_group_title": "Vienmečių augalų auginimas",
        "evrk_class_code": "0113",
        "evrk_class_title": "Daržovių ir melionų, šakniavaisių ir gumbavaisių auginimas",
        "evrk_subclass_code": "011350",
        "evrk_subclass_title": "Daržovių sėklų gavyba",
        "object_id": 3
      }
    },
    {
      "type": "Feature",
      "id": 4,
      "geometry": null,
      "properties": {
        "evrk_section_code": "A",
        "evrk_section_title": "Žemės ūkis, miškininkystė ir žuvininkystė",
        "evrk_chapter_code": "01",
        "evrk_chapter_title": "Augalininkystė ir gyvulininkystė, medžioklė ir susijusių paslaugų veikla",
        "evrk_group_code": "011",
        "evrk_group_title": "Vienmečių augalų auginimas",
        "evrk_class_code": "0113",
        "evrk_class_title": "Daržovių ir melionų, šakniavaisių ir gumbavaisių auginimas",
        "evrk_subclass_code": "011360",
        "evrk_subclass_title": "Grybų ir valgomųjų trumų auginimas",
        "object_id": 4
      }
    },
    {
      "type": "Feature",
      "id": 5,
      "geometry": null,
      "properties": {
        "evrk_section_code": "A",
        "evrk_section_title": "Žemės ūkis, miškininkystė ir žuvininkystė",
        "evrk_chapter_code": "01",
        "evrk_chapter_title": "Augalininkystė ir gyvulininkystė, medžioklė ir susijusių paslaugų veikla",
        "evrk_group_code": "011",
        "evrk_group_title": "Vienmečių augalų auginimas",
        "evrk_class_code": "0119",
        "evrk_class_title": "Kitų vienmečių augalų auginimas",
        "evrk_subclass_code": "011900",
        "evrk_subclass_title": "Kitų vienmečių augalų auginimas",
        "object_id": 5
      }
    },
    {
      "type": "Feature",
      "id": 6,
      "geometry": null,
      "properties": {
        "evrk_section_code": "A",
        "evrk_section_title": "Žemės ūkis, miškininkystė ir žuvininkystė",
        "evrk_chapter_code": "01",
        "evrk_chapter_title": "Augalininkystė ir gyvulininkystė, medžioklė ir susijusių paslaugų veikla",
        "evrk_group_code": "012",
        "evrk_group_title": "Daugiamečių augalų auginimas",
        "evrk_class_code": "0120",
        "evrk_class_title": "Daugiamečių augalų auginimas",
        "evrk_subclass_code": "012000",
        "evrk_subclass_title": "Daugiamečių augalų auginimas",
        "object_id": 6
      }
    },
    {
      "type": "Feature",
      "id": 7,
      "geometry": null,
      "properties": {
        "evrk_section_code": "A",
        "evrk_section_title": "Žemės ūkis, miškininkystė ir žuvininkystė",
        "evrk_chapter_code": "01",
        "evrk_chapter_title": "Augalininkystė ir gyvulininkystė, medžioklė ir susijusių paslaugų veikla",
        "evrk_group_code": "012",
        "evrk_group_title": "Daugiamečių augalų auginimas",
        "evrk_class_code": "0123",
        "evrk_class_title": "Citrusų vaisių auginimas",
        "evrk_subclass_code": "012300",
        "evrk_subclass_title": "Citrusų vaisių auginimas",
        "object_id": 7
      }
    },
    {
      "type": "Feature",
      "id": 8,
      "geometry": null,
      "properties": {
        "evrk_section_code": "A",
        "evrk_section_title": "Žemės ūkis, miškininkystė ir žuvininkystė",
        "evrk_chapter_code": "01",
        "evrk_chapter_title": "Augalininkystė ir gyvulininkystė, medžioklė ir susijusių paslaugų veikla",
        "evrk_group_code": "012",
        "evrk_group_title": "Daugiamečių augalų auginimas",
        "evrk_class_code": "0128",
        "evrk_class_title": "Prieskoninių, kvapiųjų, vaistinių ir kitokių farmacijos pramonėje naudojamų augalų auginimas",
        "evrk_subclass_code": "012800",
        "evrk_subclass_title": "Prieskoninių, kvapiųjų, vaistinių ir kitokių farmacijos pramonėje naudojamų augalų auginimas",
        "object_id": 8
      }
    },
    {
      "type": "Feature",
      "id": 9,
      "geometry": null,
      "properties": {
        "evrk_section_code": "A",
        "evrk_section_title": "Žemės ūkis, miškininkystė ir žuvininkystė",
        "evrk_chapter_code": "01",
        "evrk_chapter_title": "Augalininkystė ir gyvulininkystė, medžioklė ir susijusių paslaugų veikla",
        "evrk_group_code": "013",
        "evrk_group_title": "Augalų dauginimas",
        "evrk_class_code": "0130",
        "evrk_class_title": "Augalų dauginimas",
        "evrk_subclass_code": "013000",
        "evrk_subclass_title": "Augalų dauginimas",
        "object_id": 9
      }
    },
    {
      "type": "Feature",
      "id": 10,
      "geometry": null,
      "properties": {
        "evrk_section_code": "A",
        "evrk_section_title": "Žemės ūkis, miškininkystė ir žuvininkystė",
        "evrk_chapter_code": "01",
        "evrk_chapter_title": "Augalininkystė ir gyvulininkystė, medžioklė ir susijusių paslaugų veikla",
        "evrk_group_code": "014",
        "evrk_group_title": "Gyvulininkystė",
        "evrk_class_code": "0142",
        "evrk_class_title": "Kitų galvijų ir buivolų auginimas",
        "evrk_subclass_code": "014210",
        "evrk_subclass_title": "Galvijų auginimas ir penėjimas mėsai",
        "object_id": 10
      }
    },
    {
      "type": "Feature",
      "id": 11,
      "geometry": null,
      "properties": {
        "evrk_section_code": "A",
        "evrk_section_title": "Žemės ūkis, miškininkystė ir žuvininkystė",
        "evrk_chapter_code": "01",
        "evrk_chapter_title": "Augalininkystė ir gyvulininkystė, medžioklė ir susijusių paslaugų veikla",
        "evrk_group_code": "014",
        "evrk_group_title": "Gyvulininkystė",
        "evrk_class_code": "0142",
        "evrk_class_title": "Kitų galvijų ir buivolų auginimas",
        "evrk_subclass_code": "014240",
        "evrk_subclass_title": "Veislinių bulių spermos gavyba",
        "object_id": 11
      }
    },
    {
      "type": "Feature",
      "id": 12,
      "geometry": null,
      "properties": {
        "evrk_section_code": "A",
        "evrk_section_title": "Žemės ūkis, miškininkystė ir žuvininkystė",
        "evrk_chapter_code": "01",
        "evrk_chapter_title": "Augalininkystė ir gyvulininkystė, medžioklė ir susijusių paslaugų veikla",
        "evrk_group_code": "014",
        "evrk_group_title": "Gyvulininkystė",
        "evrk_class_code": "0146",
        "evrk_class_title": "Kiaulių auginimas",
        "evrk_subclass_code": "014620",
        "evrk_subclass_title": "Veislinių kiaulių auginimas",
        "object_id": 12
      }
    },
    {
      "type": "Feature",
      "id": 13,
      "geometry": null,
      "properties": {
        "evrk_section_code": "A",
        "evrk_section_title": "Žemės ūkis, miškininkystė ir žuvininkystė",
        "evrk_chapter_code": "01",
        "evrk_chapter_title": "Augalininkystė ir gyvulininkystė, medžioklė ir susijusių paslaugų veikla",
        "evrk_group_code": "014",
        "evrk_group_title": "Gyvulininkystė",
        "evrk_class_code": "0149",
        "evrk_class_title": "Kitų gyvūnų auginimas",
        "evrk_subclass_code": "014910",
        "evrk_subclass_title": "Švelniakailių žvėrelių auginimas",
        "object_id": 13
      }
    },
    {
      "type": "Feature",
      "id": 14,
      "geometry": null,
      "properties": {
        "evrk_section_code": "A",
        "evrk_section_title": "Žemės ūkis, miškininkystė ir žuvininkystė",
        "evrk_chapter_code": "01",
        "evrk_chapter_title": "Augalininkystė ir gyvulininkystė, medžioklė ir susijusių paslaugų veikla",
        "evrk_group_code": "015",
        "evrk_group_title": "Mišrusis žemės ūkis",
        "evrk_class_code": "0150",
        "evrk_class_title": "Mišrusis žemės ūkis",
        "evrk_subclass_code": "015000",
        "evrk_subclass_title": "Mišrusis žemės ūkis",
        "object_id": 14
      }
    },
    {
      "type": "Feature",
      "id": 15,
      "geometry": null,
      "properties": {
        "evrk_section_code": "A",
        "evrk_section_title": "Žemės ūkis, miškininkystė ir žuvininkystė",
        "evrk_chapter_code": "01",
        "evrk_chapter_title": "Augalininkystė ir gyvulininkystė, medžioklė ir susijusių paslaugų veikla",
        "evrk_group_code": "016",
        "evrk_group_title": "Žemės ūkiui būdingų paslaugų ir derliaus apdorojimo veikla",
        "evrk_class_code": "0160",
        "evrk_class_title": "Žemės ūkiui būdingų paslaugų ir derliaus apdorojimo veikla",
        "evrk_subclass_code": "016000",
        "evrk_subclass_title": "Žemės ūkiui būdingų paslaugų ir derliaus apdorojimo veikla",
        "object_id": 15
      }
    },
    {
      "type": "Feature",
      "id": 16,
      "geometry": null,
      "properties": {
        "evrk_section_code": "A",
        "evrk_section_title": "Žemės ūkis, miškininkystė ir žuvininkystė",
        "evrk_chapter_code": "01",
        "evrk_chapter_title": "Augalininkystė ir gyvulininkystė, medžioklė ir susijusių paslaugų veikla",
        "evrk_group_code": "016",
        "evrk_group_title": "Žemės ūkiui būdingų paslaugų ir derliaus apdorojimo veikla",
        "evrk_class_code": "0161",
        "evrk_class_title": "Augalininkystei būdingų paslaugų veikla",
        "evrk_subclass_code": "016100",
        "evrk_subclass_title": "Augalininkystei būdingų paslaugų veikla",
        "object_id": 16
      }
    },
    {
      "type": "Feature",
      "id": 17,
      "geometry": null,
      "properties": {
        "evrk_section_code": "A",
        "evrk_section_title": "Žemės ūkis, miškininkystė ir žuvininkystė",
        "evrk_chapter_code": "01",
        "evrk_chapter_title": "Augalininkystė ir gyvulininkystė, medžioklė ir susijusių paslaugų veikla",
        "evrk_group_code": "016",
        "evrk_group_title": "Žemės ūkiui būdingų paslaugų ir derliaus apdorojimo veikla",
        "evrk_class_code": "0164",
        "evrk_class_title": "Sėklininkystė",
        "evrk_subclass_code": "016400",
        "evrk_subclass_title": "Sėklininkystė",
        "object_id": 17
      }
    },
    {
      "type": "Feature",
      "id": 18,
      "geometry": null,
      "properties": {
        "evrk_section_code": "A",
        "evrk_section_title": "Žemės ūkis, miškininkystė ir žuvininkystė",
        "evrk_chapter_code": "02",
        "evrk_chapter_title": "Miškininkystė ir medienos ruoša",
        "evrk_group_code": "020",
        "evrk_group_title": "Miškininkystė ir medienos ruoša",
        "evrk_class_code": "0200",
        "evrk_class_title": "Miškininkystė ir medienos ruoša",
        "evrk_subclass_code": "020000",
        "evrk_subclass_title": "Miškininkystė ir medienos ruoša",
        "object_id": 18
      }
    },
    {
      "type": "Feature",
      "id": 19,
      "geometry": null,
      "properties": {
        "evrk_section_code": "A",
        "evrk_section_title": "Žemės ūkis, miškininkystė ir žuvininkystė",
        "evrk_chapter_code": "02",
        "evrk_chapter_title": "Miškininkystė ir medienos ruoša",
        "evrk_group_code": "024",
        "evrk_group_title": "Miškininkystei būdingų paslaugų veikla",
        "evrk_class_code": "0240",
        "evrk_class_title": "Miškininkystei būdingų paslaugų veikla",
        "evrk_subclass_code": "024000",
        "evrk_subclass_title": "Miškininkystei būdingų paslaugų veikla",
        "object_id": 19
      }
    },
    {
      "type": "Feature",
      "id": 20,
      "geometry": null,
      "properties": {
        "evrk_section_code": "A",
        "evrk_section_title": "Žemės ūkis, miškininkystė ir žuvininkystė",
        "evrk_chapter_code": "03",
        "evrk_chapter_title": "Žvejyba ir akvakultūra",
        "evrk_group_code": "031",
        "evrk_group_title": "Žvejyba",
        "evrk_class_code": "0311",
        "evrk_class_title": "Jūrinė žvejyba",
        "evrk_subclass_code": "031100",
        "evrk_subclass_title": "Jūrinė žvejyba",
        "object_id": 20
      }
    },
    {
      "type": "Feature",
      "id": 21,
      "geometry": null,
      "properties": {
        "evrk_section_code": "A",
        "evrk_section_title": "Žemės ūkis, miškininkystė ir žuvininkystė",
        "evrk_chapter_code": "03",
        "evrk_chapter_title": "Žvejyba ir akvakultūra",
        "evrk_group_code": "031",
        "evrk_group_title": "Žvejyba",
        "evrk_class_code": "0312",
        "evrk_class_title": "Gėlųjų vandenų žvejyba",
        "evrk_subclass_code": "031200",
        "evrk_subclass_title": "Gėlųjų vandenų žvejyba",
        "object_id": 21
      }
    },
    {
      "type": "Feature",
      "id": 22,
      "geometry": null,
      "properties": {
        "evrk_section_code": "A",
        "evrk_section_title": "Žemės ūkis, miškininkystė ir žuvininkystė",
        "evrk_chapter_code": "03",
        "evrk_chapter_title": "Žvejyba ir akvakultūra",
        "evrk_group_code": "032",
        "evrk_group_title": "Akvakultūra",
        "evrk_class_code": "0322",
        "evrk_class_title": "Gėlųjų vandenų akvakultūra",
        "evrk_subclass_code": "032200",
        "evrk_subclass_title": "Gėlųjų vandenų akvakultūra",
        "object_id": 22
      }
    },
    {
      "type": "Feature",
      "id": 23,
      "geometry": null,
      "properties": {
        "evrk_section_code": "B",
        "evrk_section_title": "Kasyba ir karjerų eksploatavimas",
        "evrk_chapter_code": "08",
        "evrk_chapter_title": "Kita kasyba ir karjerų eksploatavimas",
        "evrk_group_code": "081",
        "evrk_group_title": "Akmens, smėlio ir molio karjerų eksploatavimas",
        "evrk_class_code": "0810",
        "evrk_class_title": "Akmens, smėlio ir molio karjerų eksploatavimas",
        "evrk_subclass_code": "081000",
        "evrk_subclass_title": "Akmens, smėlio ir molio karjerų eksploatavimas",
        "object_id": 23
      }
    },
    {
      "type": "Feature",
      "id": 24,
      "geometry": null,
      "properties": {
        "evrk_section_code": "B",
        "evrk_section_title": "Kasyba ir karjerų eksploatavimas",
        "evrk_chapter_code": "08",
        "evrk_chapter_title": "Kita kasyba ir karjerų eksploatavimas",
        "evrk_group_code": "081",
        "evrk_group_title": "Akmens, smėlio ir molio karjerų eksploatavimas",
        "evrk_class_code": "0811",
        "evrk_class_title": "Dekoratyvinio ir statybinio akmens, klinčių, gipso, kreidos ir skalūno karjerų eksploatavimas",
        "evrk_subclass_code": "081100",
        "evrk_subclass_title": "Dekoratyvinio ir statybinio akmens, klinčių, gipso, kreidos ir skalūno karjerų eksploatavimas",
        "object_id": 24
      }
    },
    {
      "type": "Feature",
      "id": 25,
      "geometry": null,
      "properties": {
        "evrk_section_code": "C",
        "evrk_section_title": "Apdirbamoji gamyba",
        "evrk_chapter_code": "10",
        "evrk_chapter_title": "Maisto produktų gamyba",
        "evrk_group_code": "101",
        "evrk_group_title": "Mėsos perdirbimas ir konservavimas ir mėsos produktų gamyba",
        "evrk_class_code": "1011",
        "evrk_class_title": "Mėsos perdirbimas ir konservavimas",
        "evrk_subclass_code": "101100",
        "evrk_subclass_title": "Mėsos perdirbimas ir konservavimas",
        "object_id": 25
      }
    },
    {
      "type": "Feature",
      "id": 26,
      "geometry": null,
      "properties": {
        "evrk_section_code": "C",
        "evrk_section_title": "Apdirbamoji gamyba",
        "evrk_chapter_code": "10",
        "evrk_chapter_title": "Maisto produktų gamyba",
        "evrk_group_code": "101",
        "evrk_group_title": "Mėsos perdirbimas ir konservavimas ir mėsos produktų gamyba",
        "evrk_class_code": "1012",
        "evrk_class_title": "Paukštienos perdirbimas ir konservavimas",
        "evrk_subclass_code": "101200",
        "evrk_subclass_title": "Paukštienos perdirbimas ir konservavimas",
        "object_id": 26
      }
    },
    {
      "type": "Feature",
      "id": 27,
      "geometry": null,
      "properties": {
        "evrk_section_code": "C",
        "evrk_section_title": "Apdirbamoji gamyba",
        "evrk_chapter_code": "10",
        "evrk_chapter_title": "Maisto produktų gamyba",
        "evrk_group_code": "101",
        "evrk_group_title": "Mėsos perdirbimas ir konservavimas ir mėsos produktų gamyba",
        "evrk_class_code": "1013",
        "evrk_class_title": "Mėsos ir paukštienos produktų gamyba",
        "evrk_subclass_code": "101310",
        "evrk_subclass_title": "Rūkytų mėsos ir paukštienos produktų gamyba",
        "object_id": 27
      }
    },
    {
      "type": "Feature",
      "id": 28,
      "geometry": null,
      "properties": {
        "evrk_section_code": "C",
        "evrk_section_title": "Apdirbamoji gamyba",
        "evrk_chapter_code": "10",
        "evrk_chapter_title": "Maisto produktų gamyba",
        "evrk_group_code": "103",
        "evrk_group_title": "Vaisių ir daržovių perdirbimas ir konservavimas",
        "evrk_class_code": "1031",
        "evrk_class_title": "Bulvių perdirbimas ir konservavimas",
        "evrk_subclass_code": "103100",
        "evrk_subclass_title": "Bulvių perdirbimas ir konservavimas",
        "object_id": 28
      }
    },
    {
      "type": "Feature",
      "id": 29,
      "geometry": null,
      "properties": {
        "evrk_section_code": "C",
        "evrk_section_title": "Apdirbamoji gamyba",
        "evrk_chapter_code": "10",
        "evrk_chapter_title": "Maisto produktų gamyba",
        "evrk_group_code": "104",
        "evrk_group_title": "Gyvūninių ir augalinių riebalų bei aliejaus gamyba",
        "evrk_class_code": "1040",
        "evrk_class_title": "Gyvūninių ir augalinių riebalų bei aliejaus gamyba",
        "evrk_subclass_code": "104000",
        "evrk_subclass_title": "Gyvūninių ir augalinių riebalų bei aliejaus gamyba",
        "object_id": 29
      }
    },
    {
      "type": "Feature",
      "id": 30,
      "geometry": null,
      "properties": {
        "evrk_section_code": "C",
        "evrk_section_title": "Apdirbamoji gamyba",
        "evrk_chapter_code": "10",
        "evrk_chapter_title": "Maisto produktų gamyba",
        "evrk_group_code": "104",
        "evrk_group_title": "Gyvūninių ir augalinių riebalų bei aliejaus gamyba",
        "evrk_class_code": "1041",
        "evrk_class_title": "Aliejaus ir riebalų gamyba",
        "evrk_subclass_code": "104100",
        "evrk_subclass_title": "Aliejaus ir riebalų gamyba",
        "object_id": 30
      }
    },
    {
      "type": "Feature",
      "id": 31,
      "geometry": null,
      "properties": {
        "evrk_section_code": "C",
        "evrk_section_title": "Apdirbamoji gamyba",
        "evrk_chapter_code": "10",
        "evrk_chapter_title": "Maisto produktų gamyba",
        "evrk_group_code": "105",
        "evrk_group_title": "Pieno produktų gamyba",
        "evrk_class_code": "1051",
        "evrk_class_title": "Pieninių veikla ir sūrių gamyba",
        "evrk_subclass_code": "105100",
        "evrk_subclass_title": "Pieninių veikla ir sūrių gamyba",
        "object_id": 31
      }
    },
    {
      "type": "Feature",
      "id": 32,
      "geometry": null,
      "properties": {
        "evrk_section_code": "C",
        "evrk_section_title": "Apdirbamoji gamyba",
        "evrk_chapter_code": "10",
        "evrk_chapter_title": "Maisto produktų gamyba",
        "evrk_group_code": "107",
        "evrk_group_title": "Kepyklos ir miltinių produktų gamyba",
        "evrk_class_code": "1071",
        "evrk_class_title": "Duonos gamyba; šviežių konditerijos kepinių ir pyragaičių gamyba",
        "evrk_subclass_code": "107100",
        "evrk_subclass_title": "Duonos gamyba; šviežių konditerijos kepinių ir pyragaičių gamyba",
        "object_id": 32
      }
    },
    {
      "type": "Feature",
      "id": 33,
      "geometry": null,
      "properties": {
        "evrk_section_code": "C",
        "evrk_section_title": "Apdirbamoji gamyba",
        "evrk_chapter_code": "10",
        "evrk_chapter_title": "Maisto produktų gamyba",
        "evrk_group_code": "108",
        "evrk_group_title": "Kitų maisto produktų gamyba",
        "evrk_class_code": "1082",
        "evrk_class_title": "Kakavos, šokolado ir cukraus saldumynų gamyba",
        "evrk_subclass_code": "108200",
        "evrk_subclass_title": "Kakavos, šokolado ir cukraus saldumynų gamyba",
        "object_id": 33
      }
    },
    {
      "type": "Feature",
      "id": 34,
      "geometry": null,
      "properties": {
        "evrk_section_code": "C",
        "evrk_section_title": "Apdirbamoji gamyba",
        "evrk_chapter_code": "10",
        "evrk_chapter_title": "Maisto produktų gamyba",
        "evrk_group_code": "108",
        "evrk_group_title": "Kitų maisto produktų gamyba",
        "evrk_class_code": "1084",
        "evrk_class_title": "Užgardų ir pagardų gamyba",
        "evrk_subclass_code": "108410",
        "evrk_subclass_title": "Acto gamyba",
        "object_id": 34
      }
    },
    {
      "type": "Feature",
      "id": 35,
      "geometry": null,
      "properties": {
        "evrk_section_code": "C",
        "evrk_section_title": "Apdirbamoji gamyba",
        "evrk_chapter_code": "10",
        "evrk_chapter_title": "Maisto produktų gamyba",
        "evrk_group_code": "109",
        "evrk_group_title": "Paruoštų pašarų gyvuliams gamyba",
        "evrk_class_code": "1092",
        "evrk_class_title": "Paruošto ėdalo naminiams gyvūnėliams gamyba",
        "evrk_subclass_code": "109200",
        "evrk_subclass_title": "Paruošto ėdalo naminiams gyvūnėliams gamyba",
        "object_id": 35
      }
    },
    {
      "type": "Feature",
      "id": 36,
      "geometry": null,
      "properties": {
        "evrk_section_code": "C",
        "evrk_section_title": "Apdirbamoji gamyba",
        "evrk_chapter_code": "11",
        "evrk_chapter_title": "Gėrimų gamyba",
        "evrk_group_code": "110",
        "evrk_group_title": "Gėrimų gamyba",
        "evrk_class_code": "1100",
        "evrk_class_title": "Gėrimų gamyba",
        "evrk_subclass_code": "110000",
        "evrk_subclass_title": "Gėrimų gamyba",
        "object_id": 36
      }
    },
    {
      "type": "Feature",
      "id": 37,
      "geometry": null,
      "properties": {
        "evrk_section_code": "C",
        "evrk_section_title": "Apdirbamoji gamyba",
        "evrk_chapter_code": "11",
        "evrk_chapter_title": "Gėrimų gamyba",
        "evrk_group_code": "110",
        "evrk_group_title": "Gėrimų gamyba",
        "evrk_class_code": "1101",
        "evrk_class_title": "Spirito distiliavimas, rektifikavimas ir maišymas",
        "evrk_subclass_code": "110100",
        "evrk_subclass_title": "Spirito distiliavimas, rektifikavimas ir maišymas",
        "object_id": 37
      }
    },
    {
      "type": "Feature",
      "id": 38,
      "geometry": null,
      "properties": {
        "evrk_section_code": "C",
        "evrk_section_title": "Apdirbamoji gamyba",
        "evrk_chapter_code": "11",
        "evrk_chapter_title": "Gėrimų gamyba",
        "evrk_group_code": "110",
        "evrk_group_title": "Gėrimų gamyba",
        "evrk_class_code": "1102",
        "evrk_class_title": "Vynuogių vyno gamyba",
        "evrk_subclass_code": "110200",
        "evrk_subclass_title": "Vynuogių vyno gamyba",
        "object_id": 38
      }
    },
    {
      "type": "Feature",
      "id": 39,
      "geometry": null,
      "properties": {
        "evrk_section_code": "C",
        "evrk_section_title": "Apdirbamoji gamyba",
        "evrk_chapter_code": "11",
        "evrk_chapter_title": "Gėrimų gamyba",
        "evrk_group_code": "110",
        "evrk_group_title": "Gėrimų gamyba",
        "evrk_class_code": "1103",
        "evrk_class_title": "Sidro ir kitokių vaisių, uogų vynų gamyba",
        "evrk_subclass_code": "110300",
        "evrk_subclass_title": "Sidro ir kitokių vaisių, uogų vynų gamyba",
        "object_id": 39
      }
    },
    {
      "type": "Feature",
      "id": 40,
      "geometry": null,
      "properties": {
        "evrk_section_code": "C",
        "evrk_section_title": "Apdirbamoji gamyba",
        "evrk_chapter_code": "11",
        "evrk_chapter_title": "Gėrimų gamyba",
        "evrk_group_code": "110",
        "evrk_group_title": "Gėrimų gamyba",
        "evrk_class_code": "1104",
        "evrk_class_title": "Kitų nedistiliuotų fermentuotų gėrimų gamyba",
        "evrk_subclass_code": "110400",
        "evrk_subclass_title": "Kitų nedistiliuotų fermentuotų gėrimų gamyba",
        "object_id": 40
      }
    },
    {
      "type": "Feature",
      "id": 41,
      "geometry": null,
      "properties": {
        "evrk_section_code": "C",
        "evrk_section_title": "Apdirbamoji gamyba",
        "evrk_chapter_code": "11",
        "evrk_chapter_title": "Gėrimų gamyba",
        "evrk_group_code": "110",
        "evrk_group_title": "Gėrimų gamyba",
        "evrk_class_code": "1105",
        "evrk_class_title": "Alaus gamyba",
        "evrk_subclass_code": "110500",
        "evrk_subclass_title": "Alaus gamyba",
        "object_id": 41
      }
    },
    {
      "type": "Feature",
      "id": 42,
      "geometry": null,
      "properties": {
        "evrk_section_code": "C",
        "evrk_section_title": "Apdirbamoji gamyba",
        "evrk_chapter_code": "11",
        "evrk_chapter_title": "Gėrimų gamyba",
        "evrk_group_code": "110",
        "evrk_group_title": "Gėrimų gamyba",
        "evrk_class_code": "1107",
        "evrk_class_title": "Nealkoholinių gėrimų gamyba; mineralinio ir kito, pilstomo į butelius, vandens gamyba",
        "evrk_subclass_code": "110720",
        "evrk_subclass_title": "Natūralaus mineralinio ir kito, pilstomo į butelius, vandens gamyba",
        "object_id": 42
      }
    },
    {
      "type": "Feature",
      "id": 43,
      "geometry": null,
      "properties": {
        "evrk_section_code": "C",
        "evrk_section_title": "Apdirbamoji gamyba",
        "evrk_chapter_code": "12",
        "evrk_chapter_title": "Tabako gaminių gamyba",
        "evrk_group_code": "120",
        "evrk_group_title": "Tabako gaminių gamyba",
        "evrk_class_code": "1200",
        "evrk_class_title": "Tabako gaminių gamyba",
        "evrk_subclass_code": "120000",
        "evrk_subclass_title": "Tabako gaminių gamyba",
        "object_id": 43
      }
    },
    {
      "type": "Feature",
      "id": 44,
      "geometry": null,
      "properties": {
        "evrk_section_code": "C",
        "evrk_section_title": "Apdirbamoji gamyba",
        "evrk_chapter_code": "13",
        "evrk_chapter_title": "Tekstilės gaminių gamyba",
        "evrk_group_code": "139",
        "evrk_group_title": "Kitų tekstilės gaminių ir dirbinių gamyba",
        "evrk_class_code": "1390",
        "evrk_class_title": "Kitų tekstilės gaminių ir dirbinių gamyba",
        "evrk_subclass_code": "139000",
        "evrk_subclass_title": "Kitų tekstilės gaminių ir dirbinių gamyba",
        "object_id": 44
      }
    },
    {
      "type": "Feature",
      "id": 45,
      "geometry": null,
      "properties": {
        "evrk_section_code": "C",
        "evrk_section_title": "Apdirbamoji gamyba",
        "evrk_chapter_code": "13",
        "evrk_chapter_title": "Tekstilės gaminių gamyba",
        "evrk_group_code": "139",
        "evrk_group_title": "Kitų tekstilės gaminių ir dirbinių gamyba",
        "evrk_class_code": "1391",
        "evrk_class_title": "Megztų (trikotažinių) ir nertų medžiagų gamyba",
        "evrk_subclass_code": "139100",
        "evrk_subclass_title": "Megztų (trikotažinių) ir nertų medžiagų gamyba",
        "object_id": 45
      }
    },
    {
      "type": "Feature",
      "id": 46,
      "geometry": null,
      "properties": {
        "evrk_section_code": "C",
        "evrk_section_title": "Apdirbamoji gamyba",
        "evrk_chapter_code": "13",
        "evrk_chapter_title": "Tekstilės gaminių gamyba",
        "evrk_group_code": "139",
        "evrk_group_title": "Kitų tekstilės gaminių ir dirbinių gamyba",
        "evrk_class_code": "1395",
        "evrk_class_title": "Neaustinių medžiagų ir neaustinių medžiagų gaminių ir dirbinių, išskyrus drabužius, gamyba",
        "evrk_subclass_code": "139500",
        "evrk_subclass_title": "Neaustinių medžiagų ir neaustinių medžiagų gaminių ir dirbinių, išskyrus drabužius, gamyba",
        "object_id": 46
      }
    },
    {
      "type": "Feature",
      "id": 47,
      "geometry": null,
      "properties": {
        "evrk_section_code": "C",
        "evrk_section_title": "Apdirbamoji gamyba",
        "evrk_chapter_code": "13",
        "evrk_chapter_title": "Tekstilės gaminių gamyba",
        "evrk_group_code": "139",
        "evrk_group_title": "Kitų tekstilės gaminių ir dirbinių gamyba",
        "evrk_class_code": "1396",
        "evrk_class_title": "Kitų techninės ir pramoninės tekstilės gaminių ir dirbinių gamyba",
        "evrk_subclass_code": "139600",
        "evrk_subclass_title": "Kitų techninės ir pramoninės tekstilės gaminių ir dirbinių gamyba",
        "object_id": 47
      }
    },
    {
      "type": "Feature",
      "id": 48,
      "geometry": null,
      "properties": {
        "evrk_section_code": "C",
        "evrk_section_title": "Apdirbamoji gamyba",
        "evrk_chapter_code": "14",
        "evrk_chapter_title": "Drabužių siuvimas (gamyba)",
        "evrk_group_code": "141",
        "evrk_group_title": "Drabužių, išskyrus kailinius drabužius, siuvimas (gamyba)",
        "evrk_class_code": "1411",
        "evrk_class_title": "Odinių drabužių siuvimas",
        "evrk_subclass_code": "141100",
        "evrk_subclass_title": "Odinių drabužių siuvimas",
        "object_id": 48
      }
    },
    {
      "type": "Feature",
      "id": 49,
      "geometry": null,
      "properties": {
        "evrk_section_code": "C",
        "evrk_section_title": "Apdirbamoji gamyba",
        "evrk_chapter_code": "14",
        "evrk_chapter_title": "Drabužių siuvimas (gamyba)",
        "evrk_group_code": "142",
        "evrk_group_title": "Kailinių dirbinių ir gaminių gamyba",
        "evrk_class_code": "1420",
        "evrk_class_title": "Kailinių dirbinių ir gaminių gamyba",
        "evrk_subclass_code": "142000",
        "evrk_subclass_title": "Kailinių dirbinių ir gaminių gamyba",
        "object_id": 49
      }
    },
    {
      "type": "Feature",
      "id": 50,
      "geometry": null,
      "properties": {
        "evrk_section_code": "C",
        "evrk_section_title": "Apdirbamoji gamyba",
        "evrk_chapter_code": "14",
        "evrk_chapter_title": "Drabužių siuvimas (gamyba)",
        "evrk_group_code": "143",
        "evrk_group_title": "Megztų (trikotažinių) ir nertų drabužių gamyba",
        "evrk_class_code": "1430",
        "evrk_class_title": "Megztų (trikotažinių) ir nertų drabužių gamyba",
        "evrk_subclass_code": "143000",
        "evrk_subclass_title": "Megztų (trikotažinių) ir nertų drabužių gamyba",
        "object_id": 50
      }
    },
    {
      "type": "Feature",
      "id": 51,
      "geometry": null,
      "properties": {
        "evrk_section_code": "C",
        "evrk_section_title": "Apdirbamoji gamyba",
        "evrk_chapter_code": "14",
        "evrk_chapter_title": "Drabužių siuvimas (gamyba)",
        "evrk_group_code": "143",
        "evrk_group_title": "Megztų (trikotažinių) ir nertų drabužių gamyba",
        "evrk_class_code": "1431",
        "evrk_class_title": "Pėdkelnių, triko, kojinių ir kitų panašių megztų (trikotažinių) ir nertų gaminių bei dirbinių gamyba",
        "evrk_subclass_code": "143100",
        "evrk_subclass_title": "Pėdkelnių, triko, kojinių ir kitų panašių megztų (trikotažinių) ir nertų gaminių bei dirbinių gamyba",
        "object_id": 51
      }
    },
    {
      "type": "Feature",
      "id": 52,
      "geometry": null,
      "properties": {
        "evrk_section_code": "C",
        "evrk_section_title": "Apdirbamoji gamyba",
        "evrk_chapter_code": "14",
        "evrk_chapter_title": "Drabužių siuvimas (gamyba)",
        "evrk_group_code": "143",
        "evrk_group_title": "Megztų (trikotažinių) ir nertų drabužių gamyba",
        "evrk_class_code": "1439",
        "evrk_class_title": "Kitų megztų (trikotažinių) ir nertų drabužių gamyba",
        "evrk_subclass_code": "143900",
        "evrk_subclass_title": "Kitų megztų (trikotažinių) ir nertų drabužių gamyba",
        "object_id": 52
      }
    },
    {
      "type": "Feature",
      "id": 53,
      "geometry": null,
      "properties": {
        "evrk_section_code": "C",
        "evrk_section_title": "Apdirbamoji gamyba",
        "evrk_chapter_code": "15",
        "evrk_chapter_title": "Odos ir odos dirbinių gamyba",
        "evrk_group_code": "150",
        "evrk_group_title": "Odos ir odos dirbinių gamyba",
        "evrk_class_code": "1500",
        "evrk_class_title": "Odos ir odos dirbinių gamyba",
        "evrk_subclass_code": "150000",
        "evrk_subclass_title": "Odos ir odos dirbinių gamyba",
        "object_id": 53
      }
    },
    {
      "type": "Feature",
      "id": 54,
      "geometry": null,
      "properties": {
        "evrk_section_code": "C",
        "evrk_section_title": "Apdirbamoji gamyba",
        "evrk_chapter_code": "15",
        "evrk_chapter_title": "Odos ir odos dirbinių gamyba",
        "evrk_group_code": "151",
        "evrk_group_title": "Odų rauginimas ir išdirbimas; lagaminų, rankinių, balno reikmenų ir pakinktų gamyba; kailių išdirbimas ir dažymas",
        "evrk_class_code": "1511",
        "evrk_class_title": "Odų rauginimas ir išdirbimas; kailių išdirbimas ir dažymas",
        "evrk_subclass_code": "151100",
        "evrk_subclass_title": "Odų rauginimas ir išdirbimas; kailių išdirbimas ir dažymas",
        "object_id": 54
      }
    },
    {
      "type": "Feature",
      "id": 55,
      "geometry": null,
      "properties": {
        "evrk_section_code": "C",
        "evrk_section_title": "Apdirbamoji gamyba",
        "evrk_chapter_code": "16",
        "evrk_chapter_title": "Medienos bei medienos ir kamštienos gaminių, išskyrus baldus, gamyba; gaminių iš šiaudų ir pynimo medžiagų gamyba",
        "evrk_group_code": "161",
        "evrk_group_title": "Medienos pjaustymas ir obliavimas",
        "evrk_class_code": "1610",
        "evrk_class_title": "Medienos pjaustymas ir obliavimas",
        "evrk_subclass_code": "161010",
        "evrk_subclass_title": "Cheminis medienos apdorojimas konservantais",
        "object_id": 55
      }
    },
    {
      "type": "Feature",
      "id": 56,
      "geometry": null,
      "properties": {
        "evrk_section_code": "C",
        "evrk_section_title": "Apdirbamoji gamyba",
        "evrk_chapter_code": "16",
        "evrk_chapter_title": "Medienos bei medienos ir kamštienos gaminių, išskyrus baldus, gamyba; gaminių iš šiaudų ir pynimo medžiagų gamyba",
        "evrk_group_code": "162",
        "evrk_group_title": "Gaminių ir dirbinių iš medienos, kamštienos, šiaudų ir pynimo medžiagų gamyba",
        "evrk_class_code": "1621",
        "evrk_class_title": "Faneravimo dangos ir medienos plokščių gamyba",
        "evrk_subclass_code": "162110",
        "evrk_subclass_title": "Medienos plaušo plokščių, padengtų dekoratyvine plėvele, gamyba",
        "object_id": 56
      }
    },
    {
      "type": "Feature",
      "id": 57,
      "geometry": null,
      "properties": {
        "evrk_section_code": "C",
        "evrk_section_title": "Apdirbamoji gamyba",
        "evrk_chapter_code": "16",
        "evrk_chapter_title": "Medienos bei medienos ir kamštienos gaminių, išskyrus baldus, gamyba; gaminių iš šiaudų ir pynimo medžiagų gamyba",
        "evrk_group_code": "162",
        "evrk_group_title": "Gaminių ir dirbinių iš medienos, kamštienos, šiaudų ir pynimo medžiagų gamyba",
        "evrk_class_code": "1623",
        "evrk_class_title": "Kitų statybinių dailidžių ir stalių dirbinių gamyba",
        "evrk_subclass_code": "162320",
        "evrk_subclass_title": "Medinių surenkamųjų statinių ar jų detalių gamyba",
        "object_id": 57
      }
    },
    {
      "type": "Feature",
      "id": 58,
      "geometry": null,
      "properties": {
        "evrk_section_code": "C",
        "evrk_section_title": "Apdirbamoji gamyba",
        "evrk_chapter_code": "16",
        "evrk_chapter_title": "Medienos bei medienos ir kamštienos gaminių, išskyrus baldus, gamyba; gaminių iš šiaudų ir pynimo medžiagų gamyba",
        "evrk_group_code": "162",
        "evrk_group_title": "Gaminių ir dirbinių iš medienos, kamštienos, šiaudų ir pynimo medžiagų gamyba",
        "evrk_class_code": "1623",
        "evrk_class_title": "Kitų statybinių dailidžių ir stalių dirbinių gamyba",
        "evrk_subclass_code": "162330",
        "evrk_subclass_title": "Medinių sieninių plokščių ir spintų gamyba",
        "object_id": 58
      }
    },
    {
      "type": "Feature",
      "id": 59,
      "geometry": null,
      "properties": {
        "evrk_section_code": "C",
        "evrk_section_title": "Apdirbamoji gamyba",
        "evrk_chapter_code": "17",
        "evrk_chapter_title": "Popieriaus ir popieriaus gaminių gamyba",
        "evrk_group_code": "171",
        "evrk_group_title": "Plaušienos, popieriaus ir kartono gamyba",
        "evrk_class_code": "1710",
        "evrk_class_title": "Plaušienos, popieriaus ir kartono gamyba",
        "evrk_subclass_code": "171000",
        "evrk_subclass_title": "Plaušienos, popieriaus ir kartono gamyba",
        "object_id": 59
      }
    },
    {
      "type": "Feature",
      "id": 60,
      "geometry": null,
      "properties": {
        "evrk_section_code": "C",
        "evrk_section_title": "Apdirbamoji gamyba",
        "evrk_chapter_code": "17",
        "evrk_chapter_title": "Popieriaus ir popieriaus gaminių gamyba",
        "evrk_group_code": "172",
        "evrk_group_title": "Popieriaus ir kartoninių gaminių gamyba",
        "evrk_class_code": "1722",
        "evrk_class_title": "Buitinių ir higienos reikmenų bei tualeto reikmenų gamyba",
        "evrk_subclass_code": "172210",
        "evrk_subclass_title": "Tualetinio popieriaus gamyba",
        "object_id": 60
      }
    },
    {
      "type": "Feature",
      "id": 61,
      "geometry": null,
      "properties": {
        "evrk_section_code": "C",
        "evrk_section_title": "Apdirbamoji gamyba",
        "evrk_chapter_code": "17",
        "evrk_chapter_title": "Popieriaus ir popieriaus gaminių gamyba",
        "evrk_group_code": "172",
        "evrk_group_title": "Popieriaus ir kartoninių gaminių gamyba",
        "evrk_class_code": "1723",
        "evrk_class_title": "Popierinių raštinės reikmenų gamyba",
        "evrk_subclass_code": "172310",
        "evrk_subclass_title": "Kopijavimo popieriaus gamyba",
        "object_id": 61
      }
    },
    {
      "type": "Feature",
      "id": 62,
      "geometry": null,
      "properties": {
        "evrk_section_code": "C",
        "evrk_section_title": "Apdirbamoji gamyba",
        "evrk_chapter_code": "18",
        "evrk_chapter_title": "Spausdinimas ir įrašytų laikmenų tiražavimas",
        "evrk_group_code": "181",
        "evrk_group_title": "Spausdinimas ir su spausdinimu susijusios paslaugos",
        "evrk_class_code": "1812",
        "evrk_class_title": "Kitas spausdinimas",
        "evrk_subclass_code": "181200",
        "evrk_subclass_title": "Kitas spausdinimas",
        "object_id": 62
      }
    },
    {
      "type": "Feature",
      "id": 63,
      "geometry": null,
      "properties": {
        "evrk_section_code": "C",
        "evrk_section_title": "Apdirbamoji gamyba",
        "evrk_chapter_code": "19",
        "evrk_chapter_title": "Kokso ir rafinuotų naftos produktų gamyba",
        "evrk_group_code": "192",
        "evrk_group_title": "Rafinuotų naftos produktų gamyba",
        "evrk_class_code": "1920",
        "evrk_class_title": "Rafinuotų naftos produktų gamyba",
        "evrk_subclass_code": "192030",
        "evrk_subclass_title": "Parafino ir techninio vazelino gamyba",
        "object_id": 63
      }
    },
    {
      "type": "Feature",
      "id": 64,
      "geometry": null,
      "properties": {
        "evrk_section_code": "C",
        "evrk_section_title": "Apdirbamoji gamyba",
        "evrk_chapter_code": "20",
        "evrk_chapter_title": "Chemikalų ir chemijos produktų gamyba",
        "evrk_group_code": "201",
        "evrk_group_title": "Pagrindinių chemikalų, trąšų ir azoto junginių, pirminių plastikų ir pirminio sintetinio kaučiuko gamyba",
        "evrk_class_code": "2012",
        "evrk_class_title": "Dažiklių ir pigmentų gamyba",
        "evrk_subclass_code": "201200",
        "evrk_subclass_title": "Dažiklių ir pigmentų gamyba",
        "object_id": 64
      }
    },
    {
      "type": "Feature",
      "id": 65,
      "geometry": null,
      "properties": {
        "evrk_section_code": "C",
        "evrk_section_title": "Apdirbamoji gamyba",
        "evrk_chapter_code": "20",
        "evrk_chapter_title": "Chemikalų ir chemijos produktų gamyba",
        "evrk_group_code": "201",
        "evrk_group_title": "Pagrindinių chemikalų, trąšų ir azoto junginių, pirminių plastikų ir pirminio sintetinio kaučiuko gamyba",
        "evrk_class_code": "2014",
        "evrk_class_title": "Kitų pagrindinių organinių chemikalų gamyba",
        "evrk_subclass_code": "201400",
        "evrk_subclass_title": "Kitų pagrindinių organinių chemikalų gamyba",
        "object_id": 65
      }
    },
    {
      "type": "Feature",
      "id": 66,
      "geometry": null,
      "properties": {
        "evrk_section_code": "C",
        "evrk_section_title": "Apdirbamoji gamyba",
        "evrk_chapter_code": "20",
        "evrk_chapter_title": "Chemikalų ir chemijos produktų gamyba",
        "evrk_group_code": "201",
        "evrk_group_title": "Pagrindinių chemikalų, trąšų ir azoto junginių, pirminių plastikų ir pirminio sintetinio kaučiuko gamyba",
        "evrk_class_code": "2015",
        "evrk_class_title": "Trąšų ir azoto junginių gamyba",
        "evrk_subclass_code": "201510",
        "evrk_subclass_title": "Grynųjų ar kompleksinių azoto ir fosforo trąšų gamyba",
        "object_id": 66
      }
    },
    {
      "type": "Feature",
      "id": 67,
      "geometry": null,
      "properties": {
        "evrk_section_code": "C",
        "evrk_section_title": "Apdirbamoji gamyba",
        "evrk_chapter_code": "20",
        "evrk_chapter_title": "Chemikalų ir chemijos produktų gamyba",
        "evrk_group_code": "202",
        "evrk_group_title": "Pesticidų ir kitų agrocheminių medžiagų gamyba",
        "evrk_class_code": "2020",
        "evrk_class_title": "Pesticidų ir kitų agrocheminių medžiagų gamyba",
        "evrk_subclass_code": "202000",
        "evrk_subclass_title": "Pesticidų ir kitų agrocheminių medžiagų gamyba",
        "object_id": 67
      }
    },
    {
      "type": "Feature",
      "id": 68,
      "geometry": null,
      "properties": {
        "evrk_section_code": "C",
        "evrk_section_title": "Apdirbamoji gamyba",
        "evrk_chapter_code": "20",
        "evrk_chapter_title": "Chemikalų ir chemijos produktų gamyba",
        "evrk_group_code": "203",
        "evrk_group_title": "Dažų, lakų ir panašių dangų medžiagų, spaustuvinių dažų ir mastikų gamyba",
        "evrk_class_code": "2030",
        "evrk_class_title": "Dažų, lakų ir panašių dangų medžiagų, spaustuvinių dažų ir mastikų gamyba",
        "evrk_subclass_code": "203010",
        "evrk_subclass_title": "Emalinių dažų ir lakų gamyba",
        "object_id": 68
      }
    },
    {
      "type": "Feature",
      "id": 69,
      "geometry": null,
      "properties": {
        "evrk_section_code": "C",
        "evrk_section_title": "Apdirbamoji gamyba",
        "evrk_chapter_code": "20",
        "evrk_chapter_title": "Chemikalų ir chemijos produktų gamyba",
        "evrk_group_code": "205",
        "evrk_group_title": "Kitų cheminių medžiagų gamyba",
        "evrk_class_code": "2050",
        "evrk_class_title": "Kitų cheminių medžiagų gamyba",
        "evrk_subclass_code": "205000",
        "evrk_subclass_title": "Kitų cheminių medžiagų gamyba",
        "object_id": 69
      }
    },
    {
      "type": "Feature",
      "id": 70,
      "geometry": null,
      "properties": {
        "evrk_section_code": "C",
        "evrk_section_title": "Apdirbamoji gamyba",
        "evrk_chapter_code": "20",
        "evrk_chapter_title": "Chemikalų ir chemijos produktų gamyba",
        "evrk_group_code": "205",
        "evrk_group_title": "Kitų cheminių medžiagų gamyba",
        "evrk_class_code": "2052",
        "evrk_class_title": "Klijų gamyba",
        "evrk_subclass_code": "205200",
        "evrk_subclass_title": "Klijų gamyba",
        "object_id": 70
      }
    },
    {
      "type": "Feature",
      "id": 71,
      "geometry": null,
      "properties": {
        "evrk_section_code": "C",
        "evrk_section_title": "Apdirbamoji gamyba",
        "evrk_chapter_code": "20",
        "evrk_chapter_title": "Chemikalų ir chemijos produktų gamyba",
        "evrk_group_code": "205",
        "evrk_group_title": "Kitų cheminių medžiagų gamyba",
        "evrk_class_code": "2053",
        "evrk_class_title": "Eterinio aliejaus gamyba",
        "evrk_subclass_code": "205300",
        "evrk_subclass_title": "Eterinio aliejaus gamyba",
        "object_id": 71
      }
    },
    {
      "type": "Feature",
      "id": 72,
      "geometry": null,
      "properties": {
        "evrk_section_code": "C",
        "evrk_section_title": "Apdirbamoji gamyba",
        "evrk_chapter_code": "22",
        "evrk_chapter_title": "Guminių ir plastikinių gaminių gamyba",
        "evrk_group_code": "221",
        "evrk_group_title": "Guminių gaminių gamyba",
        "evrk_class_code": "2210",
        "evrk_class_title": "Guminių gaminių gamyba",
        "evrk_subclass_code": "221000",
        "evrk_subclass_title": "Guminių gaminių gamyba",
        "object_id": 72
      }
    },
    {
      "type": "Feature",
      "id": 73,
      "geometry": null,
      "properties": {
        "evrk_section_code": "C",
        "evrk_section_title": "Apdirbamoji gamyba",
        "evrk_chapter_code": "22",
        "evrk_chapter_title": "Guminių ir plastikinių gaminių gamyba",
        "evrk_group_code": "222",
        "evrk_group_title": "Plastikinių gaminių gamyba",
        "evrk_class_code": "2221",
        "evrk_class_title": "Plastikinių plokščių, lakštų, vamzdžių ir profiliuočių gamyba",
        "evrk_subclass_code": "222100",
        "evrk_subclass_title": "Plastikinių plokščių, lakštų, vamzdžių ir profiliuočių gamyba",
        "object_id": 73
      }
    },
    {
      "type": "Feature",
      "id": 74,
      "geometry": null,
      "properties": {
        "evrk_section_code": "C",
        "evrk_section_title": "Apdirbamoji gamyba",
        "evrk_chapter_code": "23",
        "evrk_chapter_title": "Kitų nemetalo mineralinių produktų gamyba",
        "evrk_group_code": "231",
        "evrk_group_title": "Stiklo ir stiklo gaminių bei dirbinių gamyba",
        "evrk_class_code": "2313",
        "evrk_class_title": "Tuščiavidurio stiklo gamyba",
        "evrk_subclass_code": "231310",
        "evrk_subclass_title": "Stiklinių talpyklų gamyba",
        "object_id": 74
      }
    },
    {
      "type": "Feature",
      "id": 75,
      "geometry": null,
      "properties": {
        "evrk_section_code": "C",
        "evrk_section_title": "Apdirbamoji gamyba",
        "evrk_chapter_code": "23",
        "evrk_chapter_title": "Kitų nemetalo mineralinių produktų gamyba",
        "evrk_group_code": "231",
        "evrk_group_title": "Stiklo ir stiklo gaminių bei dirbinių gamyba",
        "evrk_class_code": "2319",
        "evrk_class_title": "Kito stiklo, įskaitant skirto techninėms reikmėms, gamyba ir apdorojimas",
        "evrk_subclass_code": "231910",
        "evrk_subclass_title": "Stiklinių izoliatorių ir stiklinių izoliacinių jungiamųjų detalių gamyba",
        "object_id": 75
      }
    },
    {
      "type": "Feature",
      "id": 76,
      "geometry": null,
      "properties": {
        "evrk_section_code": "C",
        "evrk_section_title": "Apdirbamoji gamyba",
        "evrk_chapter_code": "23",
        "evrk_chapter_title": "Kitų nemetalo mineralinių produktų gamyba",
        "evrk_group_code": "232",
        "evrk_group_title": "Ugniai atsparių gaminių gamyba",
        "evrk_class_code": "2320",
        "evrk_class_title": "Ugniai atsparių gaminių gamyba",
        "evrk_subclass_code": "232000",
        "evrk_subclass_title": "Ugniai atsparių gaminių gamyba",
        "object_id": 76
      }
    },
    {
      "type": "Feature",
      "id": 77,
      "geometry": null,
      "properties": {
        "evrk_section_code": "C",
        "evrk_section_title": "Apdirbamoji gamyba",
        "evrk_chapter_code": "23",
        "evrk_chapter_title": "Kitų nemetalo mineralinių produktų gamyba",
        "evrk_group_code": "233",
        "evrk_group_title": "Statybinių medžiagų iš molio gamyba",
        "evrk_class_code": "2331",
        "evrk_class_title": "Keraminių apdailos ir šaligatvio plytelių gamyba",
        "evrk_subclass_code": "233100",
        "evrk_subclass_title": "Keraminių apdailos ir šaligatvio plytelių gamyba",
        "object_id": 77
      }
    },
    {
      "type": "Feature",
      "id": 78,
      "geometry": null,
      "properties": {
        "evrk_section_code": "C",
        "evrk_section_title": "Apdirbamoji gamyba",
        "evrk_chapter_code": "23",
        "evrk_chapter_title": "Kitų nemetalo mineralinių produktų gamyba",
        "evrk_group_code": "234",
        "evrk_group_title": "Kitų porcelianinių ir keraminių gaminių bei dirbinių gamyba",
        "evrk_class_code": "2341",
        "evrk_class_title": "Keraminių buities ir puošybos gaminių bei dirbinių gamyba",
        "evrk_subclass_code": "234100",
        "evrk_subclass_title": "Keraminių buities ir puošybos gaminių bei dirbinių gamyba",
        "object_id": 78
      }
    },
    {
      "type": "Feature",
      "id": 79,
      "geometry": null,
      "properties": {
        "evrk_section_code": "C",
        "evrk_section_title": "Apdirbamoji gamyba",
        "evrk_chapter_code": "23",
        "evrk_chapter_title": "Kitų nemetalo mineralinių produktų gamyba",
        "evrk_group_code": "239",
        "evrk_group_title": "Abrazyvinių gaminių ir niekur kitur nepriskirtų nemetalo mineralinių produktų gamyba",
        "evrk_class_code": "2391",
        "evrk_class_title": "Abrazyvinių gaminių gamyba",
        "evrk_subclass_code": "239100",
        "evrk_subclass_title": "Abrazyvinių gaminių gamyba",
        "object_id": 79
      }
    },
    {
      "type": "Feature",
      "id": 80,
      "geometry": null,
      "properties": {
        "evrk_section_code": "C",
        "evrk_section_title": "Apdirbamoji gamyba",
        "evrk_chapter_code": "23",
        "evrk_chapter_title": "Kitų nemetalo mineralinių produktų gamyba",
        "evrk_group_code": "239",
        "evrk_group_title": "Abrazyvinių gaminių ir niekur kitur nepriskirtų nemetalo mineralinių produktų gamyba",
        "evrk_class_code": "2399",
        "evrk_class_title": "Kitų, niekur kitur nepriskirtų, nemetalo mineralinių produktų gamyba",
        "evrk_subclass_code": "239940",
        "evrk_subclass_title": "Dirbinių iš bitumo gamyba",
        "object_id": 80
      }
    },
    {
      "type": "Feature",
      "id": 81,
      "geometry": null,
      "properties": {
        "evrk_section_code": "C",
        "evrk_section_title": "Apdirbamoji gamyba",
        "evrk_chapter_code": "24",
        "evrk_chapter_title": "Pagrindinių metalų gamyba",
        "evrk_group_code": "240",
        "evrk_group_title": "Pagrindinių metalų gamyba",
        "evrk_class_code": "2400",
        "evrk_class_title": "Pagrindinių metalų gamyba",
        "evrk_subclass_code": "240000",
        "evrk_subclass_title": "Pagrindinių metalų gamyba",
        "object_id": 81
      }
    },
    {
      "type": "Feature",
      "id": 82,
      "geometry": null,
      "properties": {
        "evrk_section_code": "C",
        "evrk_section_title": "Apdirbamoji gamyba",
        "evrk_chapter_code": "24",
        "evrk_chapter_title": "Pagrindinių metalų gamyba",
        "evrk_group_code": "241",
        "evrk_group_title": "Tomo ketaus ir plieno bei ferolydinių gamyba",
        "evrk_class_code": "2410",
        "evrk_class_title": "Tomo ketaus ir plieno bei ferolydinių gamyba",
        "evrk_subclass_code": "241000",
        "evrk_subclass_title": "Tomo ketaus ir plieno bei ferolydinių gamyba",
        "object_id": 82
      }
    },
    {
      "type": "Feature",
      "id": 83,
      "geometry": null,
      "properties": {
        "evrk_section_code": "C",
        "evrk_section_title": "Apdirbamoji gamyba",
        "evrk_chapter_code": "24",
        "evrk_chapter_title": "Pagrindinių metalų gamyba",
        "evrk_group_code": "243",
        "evrk_group_title": "Kitų plieno pirminio apdirbimo gaminių gamyba",
        "evrk_class_code": "2432",
        "evrk_class_title": "Šaltasis siaurų juostų valcavimas",
        "evrk_subclass_code": "243200",
        "evrk_subclass_title": "Šaltasis siaurų juostų valcavimas",
        "object_id": 83
      }
    },
    {
      "type": "Feature",
      "id": 84,
      "geometry": null,
      "properties": {
        "evrk_section_code": "C",
        "evrk_section_title": "Apdirbamoji gamyba",
        "evrk_chapter_code": "24",
        "evrk_chapter_title": "Pagrindinių metalų gamyba",
        "evrk_group_code": "244",
        "evrk_group_title": "Pagrindinių tauriųjų ir kitų spalvotųjų metalų gamyba",
        "evrk_class_code": "2440",
        "evrk_class_title": "Pagrindinių tauriųjų ir kitų spalvotųjų metalų gamyba",
        "evrk_subclass_code": "244000",
        "evrk_subclass_title": "Pagrindinių tauriųjų ir kitų spalvotųjų metalų gamyba",
        "object_id": 84
      }
    },
    {
      "type": "Feature",
      "id": 85,
      "geometry": null,
      "properties": {
        "evrk_section_code": "C",
        "evrk_section_title": "Apdirbamoji gamyba",
        "evrk_chapter_code": "24",
        "evrk_chapter_title": "Pagrindinių metalų gamyba",
        "evrk_group_code": "244",
        "evrk_group_title": "Pagrindinių tauriųjų ir kitų spalvotųjų metalų gamyba",
        "evrk_class_code": "2442",
        "evrk_class_title": "Aliuminio gamyba",
        "evrk_subclass_code": "244200",
        "evrk_subclass_title": "Aliuminio gamyba",
        "object_id": 85
      }
    },
    {
      "type": "Feature",
      "id": 86,
      "geometry": null,
      "properties": {
        "evrk_section_code": "C",
        "evrk_section_title": "Apdirbamoji gamyba",
        "evrk_chapter_code": "24",
        "evrk_chapter_title": "Pagrindinių metalų gamyba",
        "evrk_group_code": "244",
        "evrk_group_title": "Pagrindinių tauriųjų ir kitų spalvotųjų metalų gamyba",
        "evrk_class_code": "2443",
        "evrk_class_title": "Švino, cinko ir alavo gamyba",
        "evrk_subclass_code": "244300",
        "evrk_subclass_title": "Švino, cinko ir alavo gamyba",
        "object_id": 86
      }
    },
    {
      "type": "Feature",
      "id": 87,
      "geometry": null,
      "properties": {
        "evrk_section_code": "C",
        "evrk_section_title": "Apdirbamoji gamyba",
        "evrk_chapter_code": "24",
        "evrk_chapter_title": "Pagrindinių metalų gamyba",
        "evrk_group_code": "245",
        "evrk_group_title": "Metalų liejinių gamyba",
        "evrk_class_code": "2450",
        "evrk_class_title": "Metalų liejinių gamyba",
        "evrk_subclass_code": "245000",
        "evrk_subclass_title": "Metalų liejinių gamyba",
        "object_id": 87
      }
    },
    {
      "type": "Feature",
      "id": 88,
      "geometry": null,
      "properties": {
        "evrk_section_code": "C",
        "evrk_section_title": "Apdirbamoji gamyba",
        "evrk_chapter_code": "24",
        "evrk_chapter_title": "Pagrindinių metalų gamyba",
        "evrk_group_code": "245",
        "evrk_group_title": "Metalų liejinių gamyba",
        "evrk_class_code": "2453",
        "evrk_class_title": "Lengvųjų metalų liejinių gamyba",
        "evrk_subclass_code": "245300",
        "evrk_subclass_title": "Lengvųjų metalų liejinių gamyba",
        "object_id": 88
      }
    },
    {
      "type": "Feature",
      "id": 89,
      "geometry": null,
      "properties": {
        "evrk_section_code": "C",
        "evrk_section_title": "Apdirbamoji gamyba",
        "evrk_chapter_code": "25",
        "evrk_chapter_title": "Metalo gaminių, išskyrus mašinas ir įrenginius, gamyba",
        "evrk_group_code": "251",
        "evrk_group_title": "Konstrukcinių metalo gaminių gamyba",
        "evrk_class_code": "2512",
        "evrk_class_title": "Metalinių durų ir langų gamyba",
        "evrk_subclass_code": "251200",
        "evrk_subclass_title": "Metalinių durų ir langų gamyba",
        "object_id": 89
      }
    },
    {
      "type": "Feature",
      "id": 90,
      "geometry": null,
      "properties": {
        "evrk_section_code": "C",
        "evrk_section_title": "Apdirbamoji gamyba",
        "evrk_chapter_code": "25",
        "evrk_chapter_title": "Metalo gaminių, išskyrus mašinas ir įrenginius, gamyba",
        "evrk_group_code": "252",
        "evrk_group_title": "Metalinių cisternų, rezervuarų ir talpyklų gamyba",
        "evrk_class_code": "2520",
        "evrk_class_title": "Metalinių cisternų, rezervuarų ir talpyklų gamyba",
        "evrk_subclass_code": "252000",
        "evrk_subclass_title": "Metalinių cisternų, rezervuarų ir talpyklų gamyba",
        "object_id": 90
      }
    },
    {
      "type": "Feature",
      "id": 91,
      "geometry": null,
      "properties": {
        "evrk_section_code": "C",
        "evrk_section_title": "Apdirbamoji gamyba",
        "evrk_chapter_code": "25",
        "evrk_chapter_title": "Metalo gaminių, išskyrus mašinas ir įrenginius, gamyba",
        "evrk_group_code": "252",
        "evrk_group_title": "Metalinių cisternų, rezervuarų ir talpyklų gamyba",
        "evrk_class_code": "2521",
        "evrk_class_title": "Centrinio šildymo radiatorių ir katilų gamyba",
        "evrk_subclass_code": "252100",
        "evrk_subclass_title": "Centrinio šildymo radiatorių ir katilų gamyba",
        "object_id": 91
      }
    },
    {
      "type": "Feature",
      "id": 92,
      "geometry": null,
      "properties": {
        "evrk_section_code": "C",
        "evrk_section_title": "Apdirbamoji gamyba",
        "evrk_chapter_code": "25",
        "evrk_chapter_title": "Metalo gaminių, išskyrus mašinas ir įrenginius, gamyba",
        "evrk_group_code": "252",
        "evrk_group_title": "Metalinių cisternų, rezervuarų ir talpyklų gamyba",
        "evrk_class_code": "2529",
        "evrk_class_title": "Kitų metalinių cisternų, rezervuarų ir talpyklų gamyba",
        "evrk_subclass_code": "252900",
        "evrk_subclass_title": "Kitų metalinių cisternų, rezervuarų ir talpyklų gamyba",
        "object_id": 92
      }
    },
    {
      "type": "Feature",
      "id": 93,
      "geometry": null,
      "properties": {
        "evrk_section_code": "C",
        "evrk_section_title": "Apdirbamoji gamyba",
        "evrk_chapter_code": "25",
        "evrk_chapter_title": "Metalo gaminių, išskyrus mašinas ir įrenginius, gamyba",
        "evrk_group_code": "254",
        "evrk_group_title": "Ginklų ir šaudmenų gamyba",
        "evrk_class_code": "2540",
        "evrk_class_title": "Ginklų ir šaudmenų gamyba",
        "evrk_subclass_code": "254000",
        "evrk_subclass_title": "Ginklų ir šaudmenų gamyba",
        "object_id": 93
      }
    },
    {
      "type": "Feature",
      "id": 94,
      "geometry": null,
      "properties": {
        "evrk_section_code": "C",
        "evrk_section_title": "Apdirbamoji gamyba",
        "evrk_chapter_code": "25",
        "evrk_chapter_title": "Metalo gaminių, išskyrus mašinas ir įrenginius, gamyba",
        "evrk_group_code": "256",
        "evrk_group_title": "Metalų apdorojimas ir dengimas; mechaninis apdirbimas",
        "evrk_class_code": "2561",
        "evrk_class_title": "Metalų apdorojimas ir dengimas",
        "evrk_subclass_code": "256100",
        "evrk_subclass_title": "Metalų apdorojimas ir dengimas",
        "object_id": 94
      }
    },
    {
      "type": "Feature",
      "id": 95,
      "geometry": null,
      "properties": {
        "evrk_section_code": "C",
        "evrk_section_title": "Apdirbamoji gamyba",
        "evrk_chapter_code": "25",
        "evrk_chapter_title": "Metalo gaminių, išskyrus mašinas ir įrenginius, gamyba",
        "evrk_group_code": "257",
        "evrk_group_title": "Valgomųjų įrankių, kitų įrankių ir bendrųjų metalo dirbinių gamyba",
        "evrk_class_code": "2570",
        "evrk_class_title": "Valgomųjų įrankių, kitų įrankių ir bendrųjų metalo dirbinių gamyba",
        "evrk_subclass_code": "257000",
        "evrk_subclass_title": "Valgomųjų įrankių, kitų įrankių ir bendrųjų metalo dirbinių gamyba",
        "object_id": 95
      }
    },
    {
      "type": "Feature",
      "id": 96,
      "geometry": null,
      "properties": {
        "evrk_section_code": "C",
        "evrk_section_title": "Apdirbamoji gamyba",
        "evrk_chapter_code": "25",
        "evrk_chapter_title": "Metalo gaminių, išskyrus mašinas ir įrenginius, gamyba",
        "evrk_group_code": "257",
        "evrk_group_title": "Valgomųjų įrankių, kitų įrankių ir bendrųjų metalo dirbinių gamyba",
        "evrk_class_code": "2572",
        "evrk_class_title": "Spynų ir vyrių gamyba",
        "evrk_subclass_code": "257200",
        "evrk_subclass_title": "Spynų ir vyrių gamyba",
        "object_id": 96
      }
    },
    {
      "type": "Feature",
      "id": 97,
      "geometry": null,
      "properties": {
        "evrk_section_code": "C",
        "evrk_section_title": "Apdirbamoji gamyba",
        "evrk_chapter_code": "26",
        "evrk_chapter_title": "Kompiuterinių, elektroninių ir optinių gaminių gamyba",
        "evrk_group_code": "261",
        "evrk_group_title": "Elektroninių komponentų ir plokščių gamyba",
        "evrk_class_code": "2610",
        "evrk_class_title": "Elektroninių komponentų ir plokščių gamyba",
        "evrk_subclass_code": "261000",
        "evrk_subclass_title": "Elektroninių komponentų ir plokščių gamyba",
        "object_id": 97
      }
    },
    {
      "type": "Feature",
      "id": 98,
      "geometry": null,
      "properties": {
        "evrk_section_code": "C",
        "evrk_section_title": "Apdirbamoji gamyba",
        "evrk_chapter_code": "26",
        "evrk_chapter_title": "Kompiuterinių, elektroninių ir optinių gaminių gamyba",
        "evrk_group_code": "263",
        "evrk_group_title": "Ryšių įrangos gamyba",
        "evrk_class_code": "2630",
        "evrk_class_title": "Ryšių įrangos gamyba",
        "evrk_subclass_code": "263000",
        "evrk_subclass_title": "Ryšių įrangos gamyba",
        "object_id": 98
      }
    },
    {
      "type": "Feature",
      "id": 99,
      "geometry": null,
      "properties": {
        "evrk_section_code": "C",
        "evrk_section_title": "Apdirbamoji gamyba",
        "evrk_chapter_code": "27",
        "evrk_chapter_title": "Elektros įrangos gamyba",
        "evrk_group_code": "270",
        "evrk_group_title": "Elektros įrangos gamyba",
        "evrk_class_code": "2700",
        "evrk_class_title": "Elektros įrangos gamyba",
        "evrk_subclass_code": "270000",
        "evrk_subclass_title": "Elektros įrangos gamyba",
        "object_id": 99
      }
    },
    {
      "type": "Feature",
      "id": 100,
      "geometry": null,
      "properties": {
        "evrk_section_code": "C",
        "evrk_section_title": "Apdirbamoji gamyba",
        "evrk_chapter_code": "27",
        "evrk_chapter_title": "Elektros įrangos gamyba",
        "evrk_group_code": "275",
        "evrk_group_title": "Buitinių aparatų ir prietaisų gamyba",
        "evrk_class_code": "2750",
        "evrk_class_title": "Buitinių aparatų ir prietaisų gamyba",
        "evrk_subclass_code": "275000",
        "evrk_subclass_title": "Buitinių aparatų ir prietaisų gamyba",
        "object_id": 100
      }
    },
    {
      "type": "Feature",
      "id": 101,
      "geometry": null,
      "properties": {
        "evrk_section_code": "C",
        "evrk_section_title": "Apdirbamoji gamyba",
        "evrk_chapter_code": "27",
        "evrk_chapter_title": "Elektros įrangos gamyba",
        "evrk_group_code": "275",
        "evrk_group_title": "Buitinių aparatų ir prietaisų gamyba",
        "evrk_class_code": "2752",
        "evrk_class_title": "Buitinių neelektrinių aparatų ir prietaisų gamyba",
        "evrk_subclass_code": "275200",
        "evrk_subclass_title": "Buitinių neelektrinių aparatų ir prietaisų gamyba",
        "object_id": 101
      }
    },
    {
      "type": "Feature",
      "id": 102,
      "geometry": null,
      "properties": {
        "evrk_section_code": "C",
        "evrk_section_title": "Apdirbamoji gamyba",
        "evrk_chapter_code": "28",
        "evrk_chapter_title": "Niekur kitur nepriskirtų mašinų ir įrangos gamyba",
        "evrk_group_code": "280",
        "evrk_group_title": "Niekur kitur nepriskirtų mašinų ir įrangos gamyba",
        "evrk_class_code": "2800",
        "evrk_class_title": "Niekur kitur nepriskirtų mašinų ir įrangos gamyba",
        "evrk_subclass_code": "280000",
        "evrk_subclass_title": "Niekur kitur nepriskirtų mašinų ir įrangos gamyba",
        "object_id": 102
      }
    },
    {
      "type": "Feature",
      "id": 103,
      "geometry": null,
      "properties": {
        "evrk_section_code": "C",
        "evrk_section_title": "Apdirbamoji gamyba",
        "evrk_chapter_code": "28",
        "evrk_chapter_title": "Niekur kitur nepriskirtų mašinų ir įrangos gamyba",
        "evrk_group_code": "282",
        "evrk_group_title": "Kitų bendrosios paskirties mašinų ir įrangos gamyba",
        "evrk_class_code": "2824",
        "evrk_class_title": "Variklinių rankinių įrankių gamyba",
        "evrk_subclass_code": "282400",
        "evrk_subclass_title": "Variklinių rankinių įrankių gamyba",
        "object_id": 103
      }
    },
    {
      "type": "Feature",
      "id": 104,
      "geometry": null,
      "properties": {
        "evrk_section_code": "C",
        "evrk_section_title": "Apdirbamoji gamyba",
        "evrk_chapter_code": "28",
        "evrk_chapter_title": "Niekur kitur nepriskirtų mašinų ir įrangos gamyba",
        "evrk_group_code": "289",
        "evrk_group_title": "Kitų specialiosios paskirties mašinų gamyba",
        "evrk_class_code": "2890",
        "evrk_class_title": "Kitų specialiosios paskirties mašinų gamyba",
        "evrk_subclass_code": "289000",
        "evrk_subclass_title": "Kitų specialiosios paskirties mašinų gamyba",
        "object_id": 104
      }
    },
    {
      "type": "Feature",
      "id": 105,
      "geometry": null,
      "properties": {
        "evrk_section_code": "C",
        "evrk_section_title": "Apdirbamoji gamyba",
        "evrk_chapter_code": "28",
        "evrk_chapter_title": "Niekur kitur nepriskirtų mašinų ir įrangos gamyba",
        "evrk_group_code": "289",
        "evrk_group_title": "Kitų specialiosios paskirties mašinų gamyba",
        "evrk_class_code": "2896",
        "evrk_class_title": "Plastikų ir gumos gamybos mašinų gamyba",
        "evrk_subclass_code": "289600",
        "evrk_subclass_title": "Plastikų ir gumos gamybos mašinų gamyba",
        "object_id": 105
      }
    },
    {
      "type": "Feature",
      "id": 106,
      "geometry": null,
      "properties": {
        "evrk_section_code": "C",
        "evrk_section_title": "Apdirbamoji gamyba",
        "evrk_chapter_code": "29",
        "evrk_chapter_title": "Variklinių transporto priemonių, priekabų ir puspriekabių gamyba",
        "evrk_group_code": "291",
        "evrk_group_title": "Variklinių transporto priemonių gamyba",
        "evrk_class_code": "2910",
        "evrk_class_title": "Variklinių transporto priemonių gamyba",
        "evrk_subclass_code": "291000",
        "evrk_subclass_title": "Variklinių transporto priemonių gamyba",
        "object_id": 106
      }
    },
    {
      "type": "Feature",
      "id": 107,
      "geometry": null,
      "properties": {
        "evrk_section_code": "C",
        "evrk_section_title": "Apdirbamoji gamyba",
        "evrk_chapter_code": "29",
        "evrk_chapter_title": "Variklinių transporto priemonių, priekabų ir puspriekabių gamyba",
        "evrk_group_code": "292",
        "evrk_group_title": "Variklinių transporto priemonių kėbulų gamyba; priekabų ir puspriekabių gamyba",
        "evrk_class_code": "2920",
        "evrk_class_title": "Variklinių transporto priemonių kėbulų gamyba; priekabų ir puspriekabių gamyba",
        "evrk_subclass_code": "292000",
        "evrk_subclass_title": "Variklinių transporto priemonių kėbulų gamyba; priekabų ir puspriekabių gamyba",
        "object_id": 107
      }
    },
    {
      "type": "Feature",
      "id": 108,
      "geometry": null,
      "properties": {
        "evrk_section_code": "C",
        "evrk_section_title": "Apdirbamoji gamyba",
        "evrk_chapter_code": "30",
        "evrk_chapter_title": "Kitų transporto priemonių ir įrangos gamyba",
        "evrk_group_code": "300",
        "evrk_group_title": "Kitų transporto priemonių ir įrangos gamyba",
        "evrk_class_code": "3000",
        "evrk_class_title": "Kitų transporto priemonių ir įrangos gamyba",
        "evrk_subclass_code": "300000",
        "evrk_subclass_title": "Kitų transporto priemonių ir įrangos gamyba",
        "object_id": 108
      }
    },
    {
      "type": "Feature",
      "id": 109,
      "geometry": null,
      "properties": {
        "evrk_section_code": "C",
        "evrk_section_title": "Apdirbamoji gamyba",
        "evrk_chapter_code": "30",
        "evrk_chapter_title": "Kitų transporto priemonių ir įrangos gamyba",
        "evrk_group_code": "301",
        "evrk_group_title": "Įvairių tipų laivų statyba",
        "evrk_class_code": "3011",
        "evrk_class_title": "Laivų ir plūdriųjų konstrukcijų statyba",
        "evrk_subclass_code": "301100",
        "evrk_subclass_title": "Laivų ir plūdriųjų konstrukcijų statyba",
        "object_id": 109
      }
    },
    {
      "type": "Feature",
      "id": 110,
      "geometry": null,
      "properties": {
        "evrk_section_code": "C",
        "evrk_section_title": "Apdirbamoji gamyba",
        "evrk_chapter_code": "30",
        "evrk_chapter_title": "Kitų transporto priemonių ir įrangos gamyba",
        "evrk_group_code": "301",
        "evrk_group_title": "Įvairių tipų laivų statyba",
        "evrk_class_code": "3012",
        "evrk_class_title": "Pramoginių ir sportinių katerių (laivų) statyba",
        "evrk_subclass_code": "301200",
        "evrk_subclass_title": "Pramoginių ir sportinių katerių (laivų) statyba",
        "object_id": 110
      }
    },
    {
      "type": "Feature",
      "id": 111,
      "geometry": null,
      "properties": {
        "evrk_section_code": "C",
        "evrk_section_title": "Apdirbamoji gamyba",
        "evrk_chapter_code": "30",
        "evrk_chapter_title": "Kitų transporto priemonių ir įrangos gamyba",
        "evrk_group_code": "302",
        "evrk_group_title": "Geležinkelio lokomotyvų bei riedmenų gamyba",
        "evrk_class_code": "3020",
        "evrk_class_title": "Geležinkelio lokomotyvų bei riedmenų gamyba",
        "evrk_subclass_code": "302000",
        "evrk_subclass_title": "Geležinkelio lokomotyvų bei riedmenų gamyba",
        "object_id": 111
      }
    },
    {
      "type": "Feature",
      "id": 112,
      "geometry": null,
      "properties": {
        "evrk_section_code": "C",
        "evrk_section_title": "Apdirbamoji gamyba",
        "evrk_chapter_code": "30",
        "evrk_chapter_title": "Kitų transporto priemonių ir įrangos gamyba",
        "evrk_group_code": "309",
        "evrk_group_title": "Niekur kitur nepriskirtų transporto priemonių gamyba",
        "evrk_class_code": "3090",
        "evrk_class_title": "Niekur kitur nepriskirtų transporto priemonių gamyba",
        "evrk_subclass_code": "309000",
        "evrk_subclass_title": "Niekur kitur nepriskirtų transporto priemonių gamyba",
        "object_id": 112
      }
    },
    {
      "type": "Feature",
      "id": 113,
      "geometry": null,
      "properties": {
        "evrk_section_code": "C",
        "evrk_section_title": "Apdirbamoji gamyba",
        "evrk_chapter_code": "31",
        "evrk_chapter_title": "Baldų gamyba",
        "evrk_group_code": "310",
        "evrk_group_title": "Baldų gamyba",
        "evrk_class_code": "3102",
        "evrk_class_title": "Virtuvės baldų gamyba",
        "evrk_subclass_code": "310200",
        "evrk_subclass_title": "Virtuvės baldų gamyba",
        "object_id": 113
      }
    },
    {
      "type": "Feature",
      "id": 114,
      "geometry": null,
      "properties": {
        "evrk_section_code": "C",
        "evrk_section_title": "Apdirbamoji gamyba",
        "evrk_chapter_code": "31",
        "evrk_chapter_title": "Baldų gamyba",
        "evrk_group_code": "310",
        "evrk_group_title": "Baldų gamyba",
        "evrk_class_code": "3109",
        "evrk_class_title": "Kitų baldų gamyba",
        "evrk_subclass_code": "310900",
        "evrk_subclass_title": "Kitų baldų gamyba",
        "object_id": 114
      }
    },
    {
      "type": "Feature",
      "id": 115,
      "geometry": null,
      "properties": {
        "evrk_section_code": "C",
        "evrk_section_title": "Apdirbamoji gamyba",
        "evrk_chapter_code": "32",
        "evrk_chapter_title": "Kita gamyba",
        "evrk_group_code": "320",
        "evrk_group_title": "Kita gamyba",
        "evrk_class_code": "3200",
        "evrk_class_title": "Kita gamyba",
        "evrk_subclass_code": "320000",
        "evrk_subclass_title": "Kita gamyba",
        "object_id": 115
      }
    },
    {
      "type": "Feature",
      "id": 116,
      "geometry": null,
      "properties": {
        "evrk_section_code": "C",
        "evrk_section_title": "Apdirbamoji gamyba",
        "evrk_chapter_code": "32",
        "evrk_chapter_title": "Kita gamyba",
        "evrk_group_code": "321",
        "evrk_group_title": "Papuošalų, juvelyrinių, bižuterijos ir panašių dirbinių gamyba",
        "evrk_class_code": "3210",
        "evrk_class_title": "Papuošalų, juvelyrinių, bižuterijos ir panašių dirbinių gamyba",
        "evrk_subclass_code": "321000",
        "evrk_subclass_title": "Papuošalų, juvelyrinių, bižuterijos ir panašių dirbinių gamyba",
        "object_id": 116
      }
    },
    {
      "type": "Feature",
      "id": 117,
      "geometry": null,
      "properties": {
        "evrk_section_code": "C",
        "evrk_section_title": "Apdirbamoji gamyba",
        "evrk_chapter_code": "32",
        "evrk_chapter_title": "Kita gamyba",
        "evrk_group_code": "325",
        "evrk_group_title": "Medicinos ir odontologijos prietaisų, instrumentų ir reikmenų gamyba",
        "evrk_class_code": "3250",
        "evrk_class_title": "Medicinos ir odontologijos prietaisų, instrumentų ir reikmenų gamyba",
        "evrk_subclass_code": "325000",
        "evrk_subclass_title": "Medicinos ir odontologijos prietaisų, instrumentų ir reikmenų gamyba",
        "object_id": 117
      }
    },
    {
      "type": "Feature",
      "id": 118,
      "geometry": null,
      "properties": {
        "evrk_section_code": "C",
        "evrk_section_title": "Apdirbamoji gamyba",
        "evrk_chapter_code": "32",
        "evrk_chapter_title": "Kita gamyba",
        "evrk_group_code": "325",
        "evrk_group_title": "Medicinos ir odontologijos prietaisų, instrumentų ir reikmenų gamyba",
        "evrk_class_code": "3250",
        "evrk_class_title": "Medicinos ir odontologijos prietaisų, instrumentų ir reikmenų gamyba",
        "evrk_subclass_code": "325010",
        "evrk_subclass_title": "Odontologinio cemento gamyba",
        "object_id": 118
      }
    },
    {
      "type": "Feature",
      "id": 119,
      "geometry": null,
      "properties": {
        "evrk_section_code": "C",
        "evrk_section_title": "Apdirbamoji gamyba",
        "evrk_chapter_code": "32",
        "evrk_chapter_title": "Kita gamyba",
        "evrk_group_code": "325",
        "evrk_group_title": "Medicinos ir odontologijos prietaisų, instrumentų ir reikmenų gamyba",
        "evrk_class_code": "3250",
        "evrk_class_title": "Medicinos ir odontologijos prietaisų, instrumentų ir reikmenų gamyba",
        "evrk_subclass_code": "325030",
        "evrk_subclass_title": "Protezų gamyba",
        "object_id": 119
      }
    },
    {
      "type": "Feature",
      "id": 120,
      "geometry": null,
      "properties": {
        "evrk_section_code": "C",
        "evrk_section_title": "Apdirbamoji gamyba",
        "evrk_chapter_code": "33",
        "evrk_chapter_title": "Mašinų ir įrangos remontas ir įrengimas",
        "evrk_group_code": "330",
        "evrk_group_title": "Mašinų ir įrangos remontas ir įrengimas",
        "evrk_class_code": "3300",
        "evrk_class_title": "Mašinų ir įrangos remontas ir įrengimas",
        "evrk_subclass_code": "330000",
        "evrk_subclass_title": "Mašinų ir įrangos remontas ir įrengimas",
        "object_id": 120
      }
    },
    {
      "type": "Feature",
      "id": 121,
      "geometry": null,
      "properties": {
        "evrk_section_code": "C",
        "evrk_section_title": "Apdirbamoji gamyba",
        "evrk_chapter_code": "33",
        "evrk_chapter_title": "Mašinų ir įrangos remontas ir įrengimas",
        "evrk_group_code": "331",
        "evrk_group_title": "Metalo gaminių, mašinų ir įrangos remontas",
        "evrk_class_code": "3317",
        "evrk_class_title": "Kitų transporto priemonių remontas ir techninė priežiūra",
        "evrk_subclass_code": "331700",
        "evrk_subclass_title": "Kitų transporto priemonių remontas ir techninė priežiūra",
        "object_id": 121
      }
    },
    {
      "type": "Feature",
      "id": 122,
      "geometry": null,
      "properties": {
        "evrk_section_code": "C",
        "evrk_section_title": "Apdirbamoji gamyba",
        "evrk_chapter_code": "33",
        "evrk_chapter_title": "Mašinų ir įrangos remontas ir įrengimas",
        "evrk_group_code": "332",
        "evrk_group_title": "Pramoninių mašinų ir įrangos įrengimas",
        "evrk_class_code": "3320",
        "evrk_class_title": "Pramoninių mašinų ir įrangos įrengimas",
        "evrk_subclass_code": "332000",
        "evrk_subclass_title": "Pramoninių mašinų ir įrangos įrengimas",
        "object_id": 122
      }
    },
    {
      "type": "Feature",
      "id": 123,
      "geometry": null,
      "properties": {
        "evrk_section_code": "D",
        "evrk_section_title": "Elektros, dujų, garo tiekimas ir oro kondicionavimas",
        "evrk_chapter_code": "35",
        "evrk_chapter_title": "Elektros, dujų, garo tiekimas ir oro kondicionavimas",
        "evrk_group_code": "351",
        "evrk_group_title": "Elektros energijos gamyba, perdavimas ir paskirstymas",
        "evrk_class_code": "3514",
        "evrk_class_title": "Elektros pardavimas",
        "evrk_subclass_code": "351400",
        "evrk_subclass_title": "Elektros pardavimas",
        "object_id": 123
      }
    },
    {
      "type": "Feature",
      "id": 124,
      "geometry": null,
      "properties": {
        "evrk_section_code": "D",
        "evrk_section_title": "Elektros, dujų, garo tiekimas ir oro kondicionavimas",
        "evrk_chapter_code": "35",
        "evrk_chapter_title": "Elektros, dujų, garo tiekimas ir oro kondicionavimas",
        "evrk_group_code": "352",
        "evrk_group_title": "Dujų gamyba; dujinio kuro paskirstymas dujotiekiais",
        "evrk_class_code": "3521",
        "evrk_class_title": "Dujų gamyba",
        "evrk_subclass_code": "352100",
        "evrk_subclass_title": "Dujų gamyba",
        "object_id": 124
      }
    },
    {
      "type": "Feature",
      "id": 125,
      "geometry": null,
      "properties": {
        "evrk_section_code": "E",
        "evrk_section_title": "Vandens tiekimas nuotekų valymas, atliekų tvarkymas ir regeneravimas",
        "evrk_chapter_code": "36",
        "evrk_chapter_title": "Vandens surinkimas, valymas ir tiekimas",
        "evrk_group_code": "360",
        "evrk_group_title": "Vandens surinkimas, valymas ir tiekimas",
        "evrk_class_code": "3600",
        "evrk_class_title": "Vandens surinkimas, valymas ir tiekimas",
        "evrk_subclass_code": "360000",
        "evrk_subclass_title": "Vandens surinkimas, valymas ir tiekimas",
        "object_id": 125
      }
    },
    {
      "type": "Feature",
      "id": 126,
      "geometry": null,
      "properties": {
        "evrk_section_code": "E",
        "evrk_section_title": "Vandens tiekimas nuotekų valymas, atliekų tvarkymas ir regeneravimas",
        "evrk_chapter_code": "36",
        "evrk_chapter_title": "Vandens surinkimas, valymas ir tiekimas",
        "evrk_group_code": "360",
        "evrk_group_title": "Vandens surinkimas, valymas ir tiekimas",
        "evrk_class_code": "3600",
        "evrk_class_title": "Vandens surinkimas, valymas ir tiekimas",
        "evrk_subclass_code": "360010",
        "evrk_subclass_title": "Vandens surinkimas ir valymas",
        "object_id": 126
      }
    },
    {
      "type": "Feature",
      "id": 127,
      "geometry": null,
      "properties": {
        "evrk_section_code": "E",
        "evrk_section_title": "Vandens tiekimas nuotekų valymas, atliekų tvarkymas ir regeneravimas",
        "evrk_chapter_code": "36",
        "evrk_chapter_title": "Vandens surinkimas, valymas ir tiekimas",
        "evrk_group_code": "360",
        "evrk_group_title": "Vandens surinkimas, valymas ir tiekimas",
        "evrk_class_code": "3600",
        "evrk_class_title": "Vandens surinkimas, valymas ir tiekimas",
        "evrk_subclass_code": "360030",
        "evrk_subclass_title": "Vandens tiekimas gyventojams",
        "object_id": 127
      }
    },
    {
      "type": "Feature",
      "id": 128,
      "geometry": null,
      "properties": {
        "evrk_section_code": "F",
        "evrk_section_title": "Statyba",
        "evrk_chapter_code": "43",
        "evrk_chapter_title": "Specializuota statybos veikla",
        "evrk_group_code": "439",
        "evrk_group_title": "Kita specializuota statybos veikla",
        "evrk_class_code": "4391",
        "evrk_class_title": "Stogų dengimas",
        "evrk_subclass_code": "439100",
        "evrk_subclass_title": "Stogų dengimas",
        "object_id": 128
      }
    },
    {
      "type": "Feature",
      "id": 129,
      "geometry": null,
      "properties": {
        "evrk_section_code": "E",
        "evrk_section_title": "Vandens tiekimas nuotekų valymas, atliekų tvarkymas ir regeneravimas",
        "evrk_chapter_code": "38",
        "evrk_chapter_title": "Atliekų surinkimas, tvarkymas ir šalinimas; medžiagų atgavimas",
        "evrk_group_code": "381",
        "evrk_group_title": "Atliekų surinkimas",
        "evrk_class_code": "3812",
        "evrk_class_title": "Pavojingų atliekų surinkimas",
        "evrk_subclass_code": "381200",
        "evrk_subclass_title": "Pavojingų atliekų surinkimas",
        "object_id": 129
      }
    },
    {
      "type": "Feature",
      "id": 130,
      "geometry": null,
      "properties": {
        "evrk_section_code": "E",
        "evrk_section_title": "Vandens tiekimas nuotekų valymas, atliekų tvarkymas ir regeneravimas",
        "evrk_chapter_code": "38",
        "evrk_chapter_title": "Atliekų surinkimas, tvarkymas ir šalinimas; medžiagų atgavimas",
        "evrk_group_code": "382",
        "evrk_group_title": "Atliekų tvarkymas ir šalinimas",
        "evrk_class_code": "3822",
        "evrk_class_title": "Pavojingų atliekų tvarkymas ir šalinimas",
        "evrk_subclass_code": "382200",
        "evrk_subclass_title": "Pavojingų atliekų tvarkymas ir šalinimas",
        "object_id": 130
      }
    },
    {
      "type": "Feature",
      "id": 131,
      "geometry": null,
      "properties": {
        "evrk_section_code": "E",
        "evrk_section_title": "Vandens tiekimas nuotekų valymas, atliekų tvarkymas ir regeneravimas",
        "evrk_chapter_code": "39",
        "evrk_chapter_title": "Regeneravimas ir kita atliekų tvarkyba",
        "evrk_group_code": "390",
        "evrk_group_title": "Regeneravimas ir kita atliekų tvarkyba",
        "evrk_class_code": "3900",
        "evrk_class_title": "Regeneravimas ir kita atliekų tvarkyba",
        "evrk_subclass_code": "390000",
        "evrk_subclass_title": "Regeneravimas ir kita atliekų tvarkyba",
        "object_id": 131
      }
    },
    {
      "type": "Feature",
      "id": 132,
      "geometry": null,
      "properties": {
        "evrk_section_code": "F",
        "evrk_section_title": "Statyba",
        "evrk_chapter_code": "41",
        "evrk_chapter_title": "Pastatų statyba",
        "evrk_group_code": "410",
        "evrk_group_title": "Pastatų statyba",
        "evrk_class_code": "4100",
        "evrk_class_title": "Pastatų statyba",
        "evrk_subclass_code": "410000",
        "evrk_subclass_title": "Pastatų statyba",
        "object_id": 132
      }
    },
    {
      "type": "Feature",
      "id": 133,
      "geometry": null,
      "properties": {
        "evrk_section_code": "F",
        "evrk_section_title": "Statyba",
        "evrk_chapter_code": "41",
        "evrk_chapter_title": "Pastatų statyba",
        "evrk_group_code": "411",
        "evrk_group_title": "Statybų plėtra",
        "evrk_class_code": "4110",
        "evrk_class_title": "Statybų plėtra",
        "evrk_subclass_code": "411000",
        "evrk_subclass_title": "Statybų plėtra",
        "object_id": 133
      }
    },
    {
      "type": "Feature",
      "id": 134,
      "geometry": null,
      "properties": {
        "evrk_section_code": "F",
        "evrk_section_title": "Statyba",
        "evrk_chapter_code": "42",
        "evrk_chapter_title": "Inžinerinių statinių statyba",
        "evrk_group_code": "422",
        "evrk_group_title": "Komunalinių statinių statyba",
        "evrk_class_code": "4220",
        "evrk_class_title": "Komunalinių statinių statyba",
        "evrk_subclass_code": "422000",
        "evrk_subclass_title": "Komunalinių statinių statyba",
        "object_id": 134
      }
    },
    {
      "type": "Feature",
      "id": 135,
      "geometry": null,
      "properties": {
        "evrk_section_code": "F",
        "evrk_section_title": "Statyba",
        "evrk_chapter_code": "42",
        "evrk_chapter_title": "Inžinerinių statinių statyba",
        "evrk_group_code": "429",
        "evrk_group_title": "Kitų inžinerinių statinių statyba",
        "evrk_class_code": "4290",
        "evrk_class_title": "Kitų inžinerinių statinių statyba",
        "evrk_subclass_code": "429000",
        "evrk_subclass_title": "Kitų inžinerinių statinių statyba",
        "object_id": 135
      }
    },
    {
      "type": "Feature",
      "id": 136,
      "geometry": null,
      "properties": {
        "evrk_section_code": "F",
        "evrk_section_title": "Statyba",
        "evrk_chapter_code": "42",
        "evrk_chapter_title": "Inžinerinių statinių statyba",
        "evrk_group_code": "429",
        "evrk_group_title": "Kitų inžinerinių statinių statyba",
        "evrk_class_code": "4299",
        "evrk_class_title": "Kitų, niekur kitur nepriskirtų, inžinerinių statinių statyba",
        "evrk_subclass_code": "429900",
        "evrk_subclass_title": "Kitų, niekur kitur nepriskirtų, inžinerinių statinių statyba",
        "object_id": 136
      }
    },
    {
      "type": "Feature",
      "id": 137,
      "geometry": null,
      "properties": {
        "evrk_section_code": "F",
        "evrk_section_title": "Statyba",
        "evrk_chapter_code": "43",
        "evrk_chapter_title": "Specializuota statybos veikla",
        "evrk_group_code": "433",
        "evrk_group_title": "Statybos baigimas ir apdaila",
        "evrk_class_code": "4331",
        "evrk_class_title": "Tinkavimas",
        "evrk_subclass_code": "433100",
        "evrk_subclass_title": "Tinkavimas",
        "object_id": 137
      }
    },
    {
      "type": "Feature",
      "id": 138,
      "geometry": null,
      "properties": {
        "evrk_section_code": "F",
        "evrk_section_title": "Statyba",
        "evrk_chapter_code": "43",
        "evrk_chapter_title": "Specializuota statybos veikla",
        "evrk_group_code": "439",
        "evrk_group_title": "Kita specializuota statybos veikla",
        "evrk_class_code": "4399",
        "evrk_class_title": "Kita, niekur kitur nepriskirta, specializuota statybos veikla",
        "evrk_subclass_code": "439900",
        "evrk_subclass_title": "Kita, niekur kitur nepriskirta, specializuota statybos veikla",
        "object_id": 138
      }
    },
    {
      "type": "Feature",
      "id": 139,
      "geometry": null,
      "properties": {
        "evrk_section_code": "G",
        "evrk_section_title": "Didmeninė ir mažmeninė prekyba; variklinių transporto priemonių ir motociklų remontas",
        "evrk_chapter_code": "45",
        "evrk_chapter_title": "Variklinių transporto priemonių ir motociklų didmeninė ir mažmeninė prekyba bei remontas",
        "evrk_group_code": "453",
        "evrk_group_title": "Variklinių transporto priemonių atsarginių dalių ir pagalbinių reikmenų pardavimas",
        "evrk_class_code": "4532",
        "evrk_class_title": "Variklinių transporto priemonių atsarginių dalių ir pagalbinių reikmenų mažmeninė prekyba",
        "evrk_subclass_code": "453200",
        "evrk_subclass_title": "Variklinių transporto priemonių atsarginių dalių ir pagalbinių reikmenų mažmeninė prekyba",
        "object_id": 139
      }
    },
    {
      "type": "Feature",
      "id": 140,
      "geometry": null,
      "properties": {
        "evrk_section_code": "G",
        "evrk_section_title": "Didmeninė ir mažmeninė prekyba; variklinių transporto priemonių ir motociklų remontas",
        "evrk_chapter_code": "46",
        "evrk_chapter_title": "Didmeninė prekyba, išskyrus prekybą variklinėmis transporto priemonėmis ir motociklais",
        "evrk_group_code": "461",
        "evrk_group_title": "Didmeninė prekyba už atlygį ar pagal sutartį",
        "evrk_class_code": "4611",
        "evrk_class_title": "Žemės ūkio žaliavų, gyvų gyvulių, tekstilės žaliavų ir pusgaminių pardavimo agentų veikla",
        "evrk_subclass_code": "461100",
        "evrk_subclass_title": "Žemės ūkio žaliavų, gyvų gyvulių, tekstilės žaliavų ir pusgaminių pardavimo agentų veikla",
        "object_id": 140
      }
    },
    {
      "type": "Feature",
      "id": 141,
      "geometry": null,
      "properties": {
        "evrk_section_code": "G",
        "evrk_section_title": "Didmeninė ir mažmeninė prekyba; variklinių transporto priemonių ir motociklų remontas",
        "evrk_chapter_code": "46",
        "evrk_chapter_title": "Didmeninė prekyba, išskyrus prekybą variklinėmis transporto priemonėmis ir motociklais",
        "evrk_group_code": "461",
        "evrk_group_title": "Didmeninė prekyba už atlygį ar pagal sutartį",
        "evrk_class_code": "4613",
        "evrk_class_title": "Statybinio miško ir statybinių medžiagų pardavimo agentų veikla",
        "evrk_subclass_code": "461300",
        "evrk_subclass_title": "Statybinio miško ir statybinių medžiagų pardavimo agentų veikla",
        "object_id": 141
      }
    },
    {
      "type": "Feature",
      "id": 142,
      "geometry": null,
      "properties": {
        "evrk_section_code": "G",
        "evrk_section_title": "Didmeninė ir mažmeninė prekyba; variklinių transporto priemonių ir motociklų remontas",
        "evrk_chapter_code": "46",
        "evrk_chapter_title": "Didmeninė prekyba, išskyrus prekybą variklinėmis transporto priemonėmis ir motociklais",
        "evrk_group_code": "462",
        "evrk_group_title": "Žemės ūkio žaliavų ir gyvų gyvulių didmeninė prekyba",
        "evrk_class_code": "4623",
        "evrk_class_title": "Gyvų gyvulių didmeninė prekyba",
        "evrk_subclass_code": "462300",
        "evrk_subclass_title": "Gyvų gyvulių didmeninė prekyba",
        "object_id": 142
      }
    },
    {
      "type": "Feature",
      "id": 143,
      "geometry": null,
      "properties": {
        "evrk_section_code": "G",
        "evrk_section_title": "Didmeninė ir mažmeninė prekyba; variklinių transporto priemonių ir motociklų remontas",
        "evrk_chapter_code": "46",
        "evrk_chapter_title": "Didmeninė prekyba, išskyrus prekybą variklinėmis transporto priemonėmis ir motociklais",
        "evrk_group_code": "464",
        "evrk_group_title": "Namų ūkio reikmenų didmeninė prekyba",
        "evrk_class_code": "4644",
        "evrk_class_title": "Porceliano ir stiklo dirbinių bei valymo priemonių didmeninė prekyba",
        "evrk_subclass_code": "464410",
        "evrk_subclass_title": "Porceliano ir stiklo dirbinių didmeninė prekyba",
        "object_id": 143
      }
    },
    {
      "type": "Feature",
      "id": 144,
      "geometry": null,
      "properties": {
        "evrk_section_code": "G",
        "evrk_section_title": "Didmeninė ir mažmeninė prekyba; variklinių transporto priemonių ir motociklų remontas",
        "evrk_chapter_code": "46",
        "evrk_chapter_title": "Didmeninė prekyba, išskyrus prekybą variklinėmis transporto priemonėmis ir motociklais",
        "evrk_group_code": "464",
        "evrk_group_title": "Namų ūkio reikmenų didmeninė prekyba",
        "evrk_class_code": "4644",
        "evrk_class_title": "Porceliano ir stiklo dirbinių bei valymo priemonių didmeninė prekyba",
        "evrk_subclass_code": "464420",
        "evrk_subclass_title": "Valymo priemonių didmeninė prekyba",
        "object_id": 144
      }
    },
    {
      "type": "Feature",
      "id": 145,
      "geometry": null,
      "properties": {
        "evrk_section_code": "G",
        "evrk_section_title": "Didmeninė ir mažmeninė prekyba; variklinių transporto priemonių ir motociklų remontas",
        "evrk_chapter_code": "46",
        "evrk_chapter_title": "Didmeninė prekyba, išskyrus prekybą variklinėmis transporto priemonėmis ir motociklais",
        "evrk_group_code": "464",
        "evrk_group_title": "Namų ūkio reikmenų didmeninė prekyba",
        "evrk_class_code": "4646",
        "evrk_class_title": "Farmacijos prekių didmeninė prekyba",
        "evrk_subclass_code": "464610",
        "evrk_subclass_title": "Chirurginių ir ortopedinių instrumentų bei protezų didmeninė prekyba",
        "object_id": 145
      }
    },
    {
      "type": "Feature",
      "id": 146,
      "geometry": null,
      "properties": {
        "evrk_section_code": "G",
        "evrk_section_title": "Didmeninė ir mažmeninė prekyba; variklinių transporto priemonių ir motociklų remontas",
        "evrk_chapter_code": "46",
        "evrk_chapter_title": "Didmeninė prekyba, išskyrus prekybą variklinėmis transporto priemonėmis ir motociklais",
        "evrk_group_code": "465",
        "evrk_group_title": "Informacijos ir ryšių technologijų (IRT) įrangos didmeninė prekyba",
        "evrk_class_code": "4651",
        "evrk_class_title": "Kompiuterių, jų išorinės ir programinės įrangos didmeninė prekyba",
        "evrk_subclass_code": "465100",
        "evrk_subclass_title": "Kompiuterių, jų išorinės ir programinės įrangos didmeninė prekyba",
        "object_id": 146
      }
    },
    {
      "type": "Feature",
      "id": 147,
      "geometry": null,
      "properties": {
        "evrk_section_code": "G",
        "evrk_section_title": "Didmeninė ir mažmeninė prekyba; variklinių transporto priemonių ir motociklų remontas",
        "evrk_chapter_code": "46",
        "evrk_chapter_title": "Didmeninė prekyba, išskyrus prekybą variklinėmis transporto priemonėmis ir motociklais",
        "evrk_group_code": "466",
        "evrk_group_title": "Kitų mašinų, įrangos ir reikmenų didmeninė prekyba",
        "evrk_class_code": "4664",
        "evrk_class_title": "Tekstilės pramonės mašinų bei siuvamųjų ir mezgimo mašinų didmeninė prekyba",
        "evrk_subclass_code": "466400",
        "evrk_subclass_title": "Tekstilės pramonės mašinų bei siuvamųjų ir mezgimo mašinų didmeninė prekyba",
        "object_id": 147
      }
    },
    {
      "type": "Feature",
      "id": 148,
      "geometry": null,
      "properties": {
        "evrk_section_code": "G",
        "evrk_section_title": "Didmeninė ir mažmeninė prekyba; variklinių transporto priemonių ir motociklų remontas",
        "evrk_chapter_code": "46",
        "evrk_chapter_title": "Didmeninė prekyba, išskyrus prekybą variklinėmis transporto priemonėmis ir motociklais",
        "evrk_group_code": "467",
        "evrk_group_title": "Kita specializuota didmeninė prekyba",
        "evrk_class_code": "4671",
        "evrk_class_title": "Kietojo, skystojo ir dujinio kuro bei priedų didmeninė prekyba",
        "evrk_subclass_code": "467120",
        "evrk_subclass_title": "Benzino didmeninė prekyba",
        "object_id": 148
      }
    },
    {
      "type": "Feature",
      "id": 149,
      "geometry": null,
      "properties": {
        "evrk_section_code": "G",
        "evrk_section_title": "Didmeninė ir mažmeninė prekyba; variklinių transporto priemonių ir motociklų remontas",
        "evrk_chapter_code": "46",
        "evrk_chapter_title": "Didmeninė prekyba, išskyrus prekybą variklinėmis transporto priemonėmis ir motociklais",
        "evrk_group_code": "467",
        "evrk_group_title": "Kita specializuota didmeninė prekyba",
        "evrk_class_code": "4671",
        "evrk_class_title": "Kietojo, skystojo ir dujinio kuro bei priedų didmeninė prekyba",
        "evrk_subclass_code": "467150",
        "evrk_subclass_title": "Tepalų didmeninė prekyba",
        "object_id": 149
      }
    },
    {
      "type": "Feature",
      "id": 150,
      "geometry": null,
      "properties": {
        "evrk_section_code": "G",
        "evrk_section_title": "Didmeninė ir mažmeninė prekyba; variklinių transporto priemonių ir motociklų remontas",
        "evrk_chapter_code": "46",
        "evrk_chapter_title": "Didmeninė prekyba, išskyrus prekybą variklinėmis transporto priemonėmis ir motociklais",
        "evrk_group_code": "467",
        "evrk_group_title": "Kita specializuota didmeninė prekyba",
        "evrk_class_code": "4676",
        "evrk_class_title": "Kitų tarpinių produktų didmeninė prekyba",
        "evrk_subclass_code": "467610",
        "evrk_subclass_title": "Popieriaus ritinių ir kartono didmeninė prekyba",
        "object_id": 150
      }
    },
    {
      "type": "Feature",
      "id": 151,
      "geometry": null,
      "properties": {
        "evrk_section_code": "G",
        "evrk_section_title": "Didmeninė ir mažmeninė prekyba; variklinių transporto priemonių ir motociklų remontas",
        "evrk_chapter_code": "47",
        "evrk_chapter_title": "Mažmeninė prekyba, išskyrus variklinių transporto priemonių ir motociklų prekybą",
        "evrk_group_code": "472",
        "evrk_group_title": "Maisto, gėrimų ir tabako mažmeninė prekyba specializuotose parduotuvėse",
        "evrk_class_code": "4724",
        "evrk_class_title": "Duonos, bandelių, konditerijos gaminių ir cukraus saldumynų mažmeninė prekyba specializuotose parduotuvėse",
        "evrk_subclass_code": "472410",
        "evrk_subclass_title": "Duonos, pyrago ir kitų miltinių produktų mažmeninė prekyba",
        "object_id": 151
      }
    },
    {
      "type": "Feature",
      "id": 152,
      "geometry": null,
      "properties": {
        "evrk_section_code": "G",
        "evrk_section_title": "Didmeninė ir mažmeninė prekyba; variklinių transporto priemonių ir motociklų remontas",
        "evrk_chapter_code": "47",
        "evrk_chapter_title": "Mažmeninė prekyba, išskyrus variklinių transporto priemonių ir motociklų prekybą",
        "evrk_group_code": "472",
        "evrk_group_title": "Maisto, gėrimų ir tabako mažmeninė prekyba specializuotose parduotuvėse",
        "evrk_class_code": "4725",
        "evrk_class_title": "Gėrimų mažmeninė prekyba specializuotose parduotuvėse",
        "evrk_subclass_code": "472520",
        "evrk_subclass_title": "Gaivinamųjų gėrimų mažmeninė prekyba",
        "object_id": 152
      }
    },
    {
      "type": "Feature",
      "id": 153,
      "geometry": null,
      "properties": {
        "evrk_section_code": "G",
        "evrk_section_title": "Didmeninė ir mažmeninė prekyba; variklinių transporto priemonių ir motociklų remontas",
        "evrk_chapter_code": "47",
        "evrk_chapter_title": "Mažmeninė prekyba, išskyrus variklinių transporto priemonių ir motociklų prekybą",
        "evrk_group_code": "472",
        "evrk_group_title": "Maisto, gėrimų ir tabako mažmeninė prekyba specializuotose parduotuvėse",
        "evrk_class_code": "4729",
        "evrk_class_title": "Kita maisto produktų mažmeninė prekyba specializuotose parduotuvėse",
        "evrk_subclass_code": "472900",
        "evrk_subclass_title": "Kita maisto produktų mažmeninė prekyba specializuotose parduotuvėse",
        "object_id": 153
      }
    },
    {
      "type": "Feature",
      "id": 154,
      "geometry": null,
      "properties": {
        "evrk_section_code": "G",
        "evrk_section_title": "Didmeninė ir mažmeninė prekyba; variklinių transporto priemonių ir motociklų remontas",
        "evrk_chapter_code": "47",
        "evrk_chapter_title": "Mažmeninė prekyba, išskyrus variklinių transporto priemonių ir motociklų prekybą",
        "evrk_group_code": "475",
        "evrk_group_title": "Kitos namų ūkio įrangos mažmeninė prekyba specializuotose parduotuvėse",
        "evrk_class_code": "4750",
        "evrk_class_title": "Kitos namų ūkio įrangos mažmeninė prekyba specializuotose parduotuvėse",
        "evrk_subclass_code": "475000",
        "evrk_subclass_title": "Kitos namų ūkio įrangos mažmeninė prekyba specializuotose parduotuvėse",
        "object_id": 154
      }
    },
    {
      "type": "Feature",
      "id": 155,
      "geometry": null,
      "properties": {
        "evrk_section_code": "G",
        "evrk_section_title": "Didmeninė ir mažmeninė prekyba; variklinių transporto priemonių ir motociklų remontas",
        "evrk_chapter_code": "47",
        "evrk_chapter_title": "Mažmeninė prekyba, išskyrus variklinių transporto priemonių ir motociklų prekybą",
        "evrk_group_code": "475",
        "evrk_group_title": "Kitos namų ūkio įrangos mažmeninė prekyba specializuotose parduotuvėse",
        "evrk_class_code": "4751",
        "evrk_class_title": "Tekstilės gaminių mažmeninė prekyba specializuotose parduotuvėse",
        "evrk_subclass_code": "475100",
        "evrk_subclass_title": "Tekstilės gaminių mažmeninė prekyba specializuotose parduotuvėse",
        "object_id": 155
      }
    },
    {
      "type": "Feature",
      "id": 156,
      "geometry": null,
      "properties": {
        "evrk_section_code": "G",
        "evrk_section_title": "Didmeninė ir mažmeninė prekyba; variklinių transporto priemonių ir motociklų remontas",
        "evrk_chapter_code": "47",
        "evrk_chapter_title": "Mažmeninė prekyba, išskyrus variklinių transporto priemonių ir motociklų prekybą",
        "evrk_group_code": "475",
        "evrk_group_title": "Kitos namų ūkio įrangos mažmeninė prekyba specializuotose parduotuvėse",
        "evrk_class_code": "4752",
        "evrk_class_title": "Metalo dirbinių, dažų ir stiklo mažmeninė prekyba specializuotose parduotuvėse",
        "evrk_subclass_code": "475230",
        "evrk_subclass_title": "Statybinių medžiagų mažmeninė prekyba",
        "object_id": 156
      }
    },
    {
      "type": "Feature",
      "id": 157,
      "geometry": null,
      "properties": {
        "evrk_section_code": "G",
        "evrk_section_title": "Didmeninė ir mažmeninė prekyba; variklinių transporto priemonių ir motociklų remontas",
        "evrk_chapter_code": "47",
        "evrk_chapter_title": "Mažmeninė prekyba, išskyrus variklinių transporto priemonių ir motociklų prekybą",
        "evrk_group_code": "476",
        "evrk_group_title": "Kultūros ir poilsio prekių mažmeninė prekyba specializuotose parduotuvėse",
        "evrk_class_code": "4760",
        "evrk_class_title": "Kultūros ir poilsio prekių mažmeninė prekyba specializuotose parduotuvėse",
        "evrk_subclass_code": "476000",
        "evrk_subclass_title": "Kultūros ir poilsio prekių mažmeninė prekyba specializuotose parduotuvėse",
        "object_id": 157
      }
    },
    {
      "type": "Feature",
      "id": 158,
      "geometry": null,
      "properties": {
        "evrk_section_code": "G",
        "evrk_section_title": "Didmeninė ir mažmeninė prekyba; variklinių transporto priemonių ir motociklų remontas",
        "evrk_chapter_code": "47",
        "evrk_chapter_title": "Mažmeninė prekyba, išskyrus variklinių transporto priemonių ir motociklų prekybą",
        "evrk_group_code": "476",
        "evrk_group_title": "Kultūros ir poilsio prekių mažmeninė prekyba specializuotose parduotuvėse",
        "evrk_class_code": "4761",
        "evrk_class_title": "Knygų mažmeninė prekyba specializuotose parduotuvėse",
        "evrk_subclass_code": "476100",
        "evrk_subclass_title": "Knygų mažmeninė prekyba specializuotose parduotuvėse",
        "object_id": 158
      }
    },
    {
      "type": "Feature",
      "id": 159,
      "geometry": null,
      "properties": {
        "evrk_section_code": "G",
        "evrk_section_title": "Didmeninė ir mažmeninė prekyba; variklinių transporto priemonių ir motociklų remontas",
        "evrk_chapter_code": "47",
        "evrk_chapter_title": "Mažmeninė prekyba, išskyrus variklinių transporto priemonių ir motociklų prekybą",
        "evrk_group_code": "477",
        "evrk_group_title": "Kitų prekių mažmeninė prekyba specializuotose parduotuvėse",
        "evrk_class_code": "4771",
        "evrk_class_title": "Drabužių mažmeninė prekyba specializuotose parduotuvėse",
        "evrk_subclass_code": "477100",
        "evrk_subclass_title": "Drabužių mažmeninė prekyba specializuotose parduotuvėse",
        "object_id": 159
      }
    },
    {
      "type": "Feature",
      "id": 160,
      "geometry": null,
      "properties": {
        "evrk_section_code": "G",
        "evrk_section_title": "Didmeninė ir mažmeninė prekyba; variklinių transporto priemonių ir motociklų remontas",
        "evrk_chapter_code": "47",
        "evrk_chapter_title": "Mažmeninė prekyba, išskyrus variklinių transporto priemonių ir motociklų prekybą",
        "evrk_group_code": "477",
        "evrk_group_title": "Kitų prekių mažmeninė prekyba specializuotose parduotuvėse",
        "evrk_class_code": "4775",
        "evrk_class_title": "Kosmetikos ir tualeto reikmenų mažmeninė prekyba specializuotose parduotuvėse",
        "evrk_subclass_code": "477500",
        "evrk_subclass_title": "Kosmetikos ir tualeto reikmenų mažmeninė prekyba specializuotose parduotuvėse",
        "object_id": 160
      }
    },
    {
      "type": "Feature",
      "id": 161,
      "geometry": null,
      "properties": {
        "evrk_section_code": "G",
        "evrk_section_title": "Didmeninė ir mažmeninė prekyba; variklinių transporto priemonių ir motociklų remontas",
        "evrk_chapter_code": "47",
        "evrk_chapter_title": "Mažmeninė prekyba, išskyrus variklinių transporto priemonių ir motociklų prekybą",
        "evrk_group_code": "477",
        "evrk_group_title": "Kitų prekių mažmeninė prekyba specializuotose parduotuvėse",
        "evrk_class_code": "4777",
        "evrk_class_title": "Laikrodžių, papuošalų ir juvelyrinių dirbinių mažmeninė prekyba specializuotose parduotuvėse",
        "evrk_subclass_code": "477700",
        "evrk_subclass_title": "Laikrodžių, papuošalų ir juvelyrinių dirbinių mažmeninė prekyba specializuotose parduotuvėse",
        "object_id": 161
      }
    },
    {
      "type": "Feature",
      "id": 162,
      "geometry": null,
      "properties": {
        "evrk_section_code": "G",
        "evrk_section_title": "Didmeninė ir mažmeninė prekyba; variklinių transporto priemonių ir motociklų remontas",
        "evrk_chapter_code": "47",
        "evrk_chapter_title": "Mažmeninė prekyba, išskyrus variklinių transporto priemonių ir motociklų prekybą",
        "evrk_group_code": "477",
        "evrk_group_title": "Kitų prekių mažmeninė prekyba specializuotose parduotuvėse",
        "evrk_class_code": "4778",
        "evrk_class_title": "Kita naujų prekių mažmeninė prekyba specializuotose parduotuvėse",
        "evrk_subclass_code": "477800",
        "evrk_subclass_title": "Kita naujų prekių mažmeninė prekyba specializuotose parduotuvėse",
        "object_id": 162
      }
    },
    {
      "type": "Feature",
      "id": 163,
      "geometry": null,
      "properties": {
        "evrk_section_code": "G",
        "evrk_section_title": "Didmeninė ir mažmeninė prekyba; variklinių transporto priemonių ir motociklų remontas",
        "evrk_chapter_code": "47",
        "evrk_chapter_title": "Mažmeninė prekyba, išskyrus variklinių transporto priemonių ir motociklų prekybą",
        "evrk_group_code": "477",
        "evrk_group_title": "Kitų prekių mažmeninė prekyba specializuotose parduotuvėse",
        "evrk_class_code": "4778",
        "evrk_class_title": "Kita naujų prekių mažmeninė prekyba specializuotose parduotuvėse",
        "evrk_subclass_code": "477820",
        "evrk_subclass_title": "Buitinio skystojo kuro, dujų balionų, anglies ir malkų specializuota mažmeninė prekyba",
        "object_id": 163
      }
    },
    {
      "type": "Feature",
      "id": 164,
      "geometry": null,
      "properties": {
        "evrk_section_code": "G",
        "evrk_section_title": "Didmeninė ir mažmeninė prekyba; variklinių transporto priemonių ir motociklų remontas",
        "evrk_chapter_code": "47",
        "evrk_chapter_title": "Mažmeninė prekyba, išskyrus variklinių transporto priemonių ir motociklų prekybą",
        "evrk_group_code": "478",
        "evrk_group_title": "Mažmeninė prekyba kioskuose ir prekyvietėse",
        "evrk_class_code": "4780",
        "evrk_class_title": "Mažmeninė prekyba kioskuose ir prekyvietėse",
        "evrk_subclass_code": "478000",
        "evrk_subclass_title": "Mažmeninė prekyba kioskuose ir prekyvietėse",
        "object_id": 164
      }
    },
    {
      "type": "Feature",
      "id": 165,
      "geometry": null,
      "properties": {
        "evrk_section_code": "G",
        "evrk_section_title": "Didmeninė ir mažmeninė prekyba; variklinių transporto priemonių ir motociklų remontas",
        "evrk_chapter_code": "47",
        "evrk_chapter_title": "Mažmeninė prekyba, išskyrus variklinių transporto priemonių ir motociklų prekybą",
        "evrk_group_code": "478",
        "evrk_group_title": "Mažmeninė prekyba kioskuose ir prekyvietėse",
        "evrk_class_code": "4782",
        "evrk_class_title": "Tekstilės, drabužių ir avalynės mažmeninė prekyba kioskuose ir prekyvietėse",
        "evrk_subclass_code": "478200",
        "evrk_subclass_title": "Tekstilės, drabužių ir avalynės mažmeninė prekyba kioskuose ir prekyvietėse",
        "object_id": 165
      }
    },
    {
      "type": "Feature",
      "id": 166,
      "geometry": null,
      "properties": {
        "evrk_section_code": "H",
        "evrk_section_title": "Transportas ir saugojimas",
        "evrk_chapter_code": "49",
        "evrk_chapter_title": "Sausumos transportas ir transportavimas vamzdynais",
        "evrk_group_code": "491",
        "evrk_group_title": "Tarpmiestinis keleivinis geležinkelio transportas",
        "evrk_class_code": "4910",
        "evrk_class_title": "Tarpmiestinis keleivinis geležinkelio transportas",
        "evrk_subclass_code": "491000",
        "evrk_subclass_title": "Tarpmiestinis keleivinis geležinkelio transportas",
        "object_id": 166
      }
    },
    {
      "type": "Feature",
      "id": 167,
      "geometry": null,
      "properties": {
        "evrk_section_code": "H",
        "evrk_section_title": "Transportas ir saugojimas",
        "evrk_chapter_code": "49",
        "evrk_chapter_title": "Sausumos transportas ir transportavimas vamzdynais",
        "evrk_group_code": "493",
        "evrk_group_title": "Kitas keleivinis sausumos transportas",
        "evrk_class_code": "4931",
        "evrk_class_title": "Keleivių vežimas miesto arba priemiestiniu sausumos transportu",
        "evrk_subclass_code": "493110",
        "evrk_subclass_title": "Keleivių vežimas autobusais mieste ar priemiestyje",
        "object_id": 167
      }
    },
    {
      "type": "Feature",
      "id": 168,
      "geometry": null,
      "properties": {
        "evrk_section_code": "H",
        "evrk_section_title": "Transportas ir saugojimas",
        "evrk_chapter_code": "49",
        "evrk_chapter_title": "Sausumos transportas ir transportavimas vamzdynais",
        "evrk_group_code": "493",
        "evrk_group_title": "Kitas keleivinis sausumos transportas",
        "evrk_class_code": "4931",
        "evrk_class_title": "Keleivių vežimas miesto arba priemiestiniu sausumos transportu",
        "evrk_subclass_code": "493120",
        "evrk_subclass_title": "Keleivių vežimas troleibusais mieste ar priemiestyje",
        "object_id": 168
      }
    },
    {
      "type": "Feature",
      "id": 169,
      "geometry": null,
      "properties": {
        "evrk_section_code": "H",
        "evrk_section_title": "Transportas ir saugojimas",
        "evrk_chapter_code": "49",
        "evrk_chapter_title": "Sausumos transportas ir transportavimas vamzdynais",
        "evrk_group_code": "495",
        "evrk_group_title": "Transportavimas vamzdynais",
        "evrk_class_code": "4950",
        "evrk_class_title": "Transportavimas vamzdynais",
        "evrk_subclass_code": "495000",
        "evrk_subclass_title": "Transportavimas vamzdynais",
        "object_id": 169
      }
    },
    {
      "type": "Feature",
      "id": 170,
      "geometry": null,
      "properties": {
        "evrk_section_code": "H",
        "evrk_section_title": "Transportas ir saugojimas",
        "evrk_chapter_code": "50",
        "evrk_chapter_title": "Vandens transportas",
        "evrk_group_code": "502",
        "evrk_group_title": "Jūrų ir pakrančių krovininis vandens transportas",
        "evrk_class_code": "5020",
        "evrk_class_title": "Jūrų ir pakrančių krovininis vandens transportas",
        "evrk_subclass_code": "502000",
        "evrk_subclass_title": "Jūrų ir pakrančių krovininis vandens transportas",
        "object_id": 170
      }
    },
    {
      "type": "Feature",
      "id": 171,
      "geometry": null,
      "properties": {
        "evrk_section_code": "H",
        "evrk_section_title": "Transportas ir saugojimas",
        "evrk_chapter_code": "52",
        "evrk_chapter_title": "Sandėliavimas ir transportui būdingų paslaugų veikla",
        "evrk_group_code": "521",
        "evrk_group_title": "Sandėliavimas ir saugojimas",
        "evrk_class_code": "5210",
        "evrk_class_title": "Sandėliavimas ir saugojimas",
        "evrk_subclass_code": "521000",
        "evrk_subclass_title": "Sandėliavimas ir saugojimas",
        "object_id": 171
      }
    },
    {
      "type": "Feature",
      "id": 172,
      "geometry": null,
      "properties": {
        "evrk_section_code": "H",
        "evrk_section_title": "Transportas ir saugojimas",
        "evrk_chapter_code": "52",
        "evrk_chapter_title": "Sandėliavimas ir transportui būdingų paslaugų veikla",
        "evrk_group_code": "522",
        "evrk_group_title": "Transportui būdingų paslaugų veikla",
        "evrk_class_code": "5221",
        "evrk_class_title": "Sausumos transportui būdingų paslaugų veikla",
        "evrk_subclass_code": "522100",
        "evrk_subclass_title": "Sausumos transportui būdingų paslaugų veikla",
        "object_id": 172
      }
    },
    {
      "type": "Feature",
      "id": 173,
      "geometry": null,
      "properties": {
        "evrk_section_code": "H",
        "evrk_section_title": "Transportas ir saugojimas",
        "evrk_chapter_code": "52",
        "evrk_chapter_title": "Sandėliavimas ir transportui būdingų paslaugų veikla",
        "evrk_group_code": "522",
        "evrk_group_title": "Transportui būdingų paslaugų veikla",
        "evrk_class_code": "5221",
        "evrk_class_title": "Sausumos transportui būdingų paslaugų veikla",
        "evrk_subclass_code": "522120",
        "evrk_subclass_title": "Automobilių stovėjimo aikštelių eksploatavimas",
        "object_id": 173
      }
    },
    {
      "type": "Feature",
      "id": 174,
      "geometry": null,
      "properties": {
        "evrk_section_code": "C",
        "evrk_section_title": "Apdirbamoji gamyba",
        "evrk_chapter_code": "20",
        "evrk_chapter_title": "Chemikalų ir chemijos produktų gamyba",
        "evrk_group_code": "201",
        "evrk_group_title": "Pagrindinių chemikalų, trąšų ir azoto junginių, pirminių plastikų ir pirminio sintetinio kaučiuko gamyba",
        "evrk_class_code": "2011",
        "evrk_class_title": "Pramoninių dujų gamyba",
        "evrk_subclass_code": "201100",
        "evrk_subclass_title": "Pramoninių dujų gamyba",
        "object_id": 174
      }
    },
    {
      "type": "Feature",
      "id": 175,
      "geometry": null,
      "properties": {
        "evrk_section_code": "H",
        "evrk_section_title": "Transportas ir saugojimas",
        "evrk_chapter_code": "52",
        "evrk_chapter_title": "Sandėliavimas ir transportui būdingų paslaugų veikla",
        "evrk_group_code": "522",
        "evrk_group_title": "Transportui būdingų paslaugų veikla",
        "evrk_class_code": "5221",
        "evrk_class_title": "Sausumos transportui būdingų paslaugų veikla",
        "evrk_subclass_code": "522130",
        "evrk_subclass_title": "Techninių priemonių, reguliuojančių gatvių judėjimą, eksploatavimas",
        "object_id": 175
      }
    },
    {
      "type": "Feature",
      "id": 176,
      "geometry": null,
      "properties": {
        "evrk_section_code": "H",
        "evrk_section_title": "Transportas ir saugojimas",
        "evrk_chapter_code": "52",
        "evrk_chapter_title": "Sandėliavimas ir transportui būdingų paslaugų veikla",
        "evrk_group_code": "522",
        "evrk_group_title": "Transportui būdingų paslaugų veikla",
        "evrk_class_code": "5221",
        "evrk_class_title": "Sausumos transportui būdingų paslaugų veikla",
        "evrk_subclass_code": "522140",
        "evrk_subclass_title": "Gatvių, kelių, tiltų, tunelių eksploatavimas",
        "object_id": 176
      }
    },
    {
      "type": "Feature",
      "id": 177,
      "geometry": null,
      "properties": {
        "evrk_section_code": "H",
        "evrk_section_title": "Transportas ir saugojimas",
        "evrk_chapter_code": "52",
        "evrk_chapter_title": "Sandėliavimas ir transportui būdingų paslaugų veikla",
        "evrk_group_code": "522",
        "evrk_group_title": "Transportui būdingų paslaugų veikla",
        "evrk_class_code": "5221",
        "evrk_class_title": "Sausumos transportui būdingų paslaugų veikla",
        "evrk_subclass_code": "522170",
        "evrk_subclass_title": "Geležinkelių eksploatavimas",
        "object_id": 177
      }
    },
    {
      "type": "Feature",
      "id": 178,
      "geometry": null,
      "properties": {
        "evrk_section_code": "H",
        "evrk_section_title": "Transportas ir saugojimas",
        "evrk_chapter_code": "52",
        "evrk_chapter_title": "Sandėliavimas ir transportui būdingų paslaugų veikla",
        "evrk_group_code": "522",
        "evrk_group_title": "Transportui būdingų paslaugų veikla",
        "evrk_class_code": "5229",
        "evrk_class_title": "Kita transportui būdingų paslaugų veikla",
        "evrk_subclass_code": "522930",
        "evrk_subclass_title": "Vežimo dokumentų ir kelionės lapų parengimas ir išdavimas",
        "object_id": 178
      }
    },
    {
      "type": "Feature",
      "id": 179,
      "geometry": null,
      "properties": {
        "evrk_section_code": "H",
        "evrk_section_title": "Transportas ir saugojimas",
        "evrk_chapter_code": "53",
        "evrk_chapter_title": "Pašto ir pasiuntinių (kurjerių) veikla",
        "evrk_group_code": "531",
        "evrk_group_title": "Pašto pagal įpareigojimą teikti universaliąsias paslaugas atliekama veikla",
        "evrk_class_code": "5310",
        "evrk_class_title": "Pašto pagal įpareigojimą teikti universaliąsias paslaugas atliekama veikla",
        "evrk_subclass_code": "531000",
        "evrk_subclass_title": "Pašto pagal įpareigojimą teikti universaliąsias paslaugas atliekama veikla",
        "object_id": 179
      }
    },
    {
      "type": "Feature",
      "id": 180,
      "geometry": null,
      "properties": {
        "evrk_section_code": "I",
        "evrk_section_title": "Apgyvendinimo ir maitinimo paslaugų veikla",
        "evrk_chapter_code": "55",
        "evrk_chapter_title": "Apgyvendinimo veikla",
        "evrk_group_code": "553",
        "evrk_group_title": "Poilsinių transporto priemonių, priekabų aikštelių ir stovyklaviečių veikla",
        "evrk_class_code": "5530",
        "evrk_class_title": "Poilsinių transporto priemonių, priekabų aikštelių ir stovyklaviečių veikla",
        "evrk_subclass_code": "553000",
        "evrk_subclass_title": "Poilsinių transporto priemonių, priekabų aikštelių ir stovyklaviečių veikla",
        "object_id": 180
      }
    },
    {
      "type": "Feature",
      "id": 181,
      "geometry": null,
      "properties": {
        "evrk_section_code": "I",
        "evrk_section_title": "Apgyvendinimo ir maitinimo paslaugų veikla",
        "evrk_chapter_code": "56",
        "evrk_chapter_title": "Maitinimo ir gėrimų teikimo veikla",
        "evrk_group_code": "562",
        "evrk_group_title": "Pagaminto valgio tiekimas renginiams ir kitų maitinimo paslaugų veikla",
        "evrk_class_code": "5621",
        "evrk_class_title": "Pagaminto valgio tiekimas renginiams",
        "evrk_subclass_code": "562100",
        "evrk_subclass_title": "Pagaminto valgio tiekimas renginiams",
        "object_id": 181
      }
    },
    {
      "type": "Feature",
      "id": 182,
      "geometry": null,
      "properties": {
        "evrk_section_code": "I",
        "evrk_section_title": "Apgyvendinimo ir maitinimo paslaugų veikla",
        "evrk_chapter_code": "56",
        "evrk_chapter_title": "Maitinimo ir gėrimų teikimo veikla",
        "evrk_group_code": "562",
        "evrk_group_title": "Pagaminto valgio tiekimas renginiams ir kitų maitinimo paslaugų veikla",
        "evrk_class_code": "5629",
        "evrk_class_title": "Kitų maitinimo paslaugų teikimas",
        "evrk_subclass_code": "562900",
        "evrk_subclass_title": "Kitų maitinimo paslaugų teikimas",
        "object_id": 182
      }
    },
    {
      "type": "Feature",
      "id": 183,
      "geometry": null,
      "properties": {
        "evrk_section_code": "J",
        "evrk_section_title": "Informacija ir ryšiai",
        "evrk_chapter_code": "58",
        "evrk_chapter_title": "Leidybinė veikla",
        "evrk_group_code": "581",
        "evrk_group_title": "Knygų, periodinių leidinių leidyba ir kita leidybinė veikla",
        "evrk_class_code": "5811",
        "evrk_class_title": "Knygų leidyba",
        "evrk_subclass_code": "581100",
        "evrk_subclass_title": "Knygų leidyba",
        "object_id": 183
      }
    },
    {
      "type": "Feature",
      "id": 184,
      "geometry": null,
      "properties": {
        "evrk_section_code": "J",
        "evrk_section_title": "Informacija ir ryšiai",
        "evrk_chapter_code": "58",
        "evrk_chapter_title": "Leidybinė veikla",
        "evrk_group_code": "581",
        "evrk_group_title": "Knygų, periodinių leidinių leidyba ir kita leidybinė veikla",
        "evrk_class_code": "5812",
        "evrk_class_title": "Žinynų, katalogų ir adresų sąrašų leidyba",
        "evrk_subclass_code": "581200",
        "evrk_subclass_title": "Žinynų, katalogų ir adresų sąrašų leidyba",
        "object_id": 184
      }
    },
    {
      "type": "Feature",
      "id": 185,
      "geometry": null,
      "properties": {
        "evrk_section_code": "J",
        "evrk_section_title": "Informacija ir ryšiai",
        "evrk_chapter_code": "58",
        "evrk_chapter_title": "Leidybinė veikla",
        "evrk_group_code": "581",
        "evrk_group_title": "Knygų, periodinių leidinių leidyba ir kita leidybinė veikla",
        "evrk_class_code": "5819",
        "evrk_class_title": "Kita leidyba",
        "evrk_subclass_code": "581900",
        "evrk_subclass_title": "Kita leidyba",
        "object_id": 185
      }
    },
    {
      "type": "Feature",
      "id": 186,
      "geometry": null,
      "properties": {
        "evrk_section_code": "J",
        "evrk_section_title": "Informacija ir ryšiai",
        "evrk_chapter_code": "58",
        "evrk_chapter_title": "Leidybinė veikla",
        "evrk_group_code": "582",
        "evrk_group_title": "Programinės įrangos leidyba",
        "evrk_class_code": "5829",
        "evrk_class_title": "Kita programinės įrangos leidyba",
        "evrk_subclass_code": "582900",
        "evrk_subclass_title": "Kita programinės įrangos leidyba",
        "object_id": 186
      }
    },
    {
      "type": "Feature",
      "id": 187,
      "geometry": null,
      "properties": {
        "evrk_section_code": "J",
        "evrk_section_title": "Informacija ir ryšiai",
        "evrk_chapter_code": "59",
        "evrk_chapter_title": "Kino filmų, vaizdo filmų ir televizijos programų gamyba, garso įrašymo ir muzikos įrašų leidybos veikla",
        "evrk_group_code": "592",
        "evrk_group_title": "Garso įrašymas ir muzikos įrašų leidyba",
        "evrk_class_code": "5920",
        "evrk_class_title": "Garso įrašymas ir muzikos įrašų leidyba",
        "evrk_subclass_code": "592000",
        "evrk_subclass_title": "Garso įrašymas ir muzikos įrašų leidyba",
        "object_id": 187
      }
    },
    {
      "type": "Feature",
      "id": 188,
      "geometry": null,
      "properties": {
        "evrk_section_code": "J",
        "evrk_section_title": "Informacija ir ryšiai",
        "evrk_chapter_code": "60",
        "evrk_chapter_title": "Programų rengimas ir transliavimas",
        "evrk_group_code": "602",
        "evrk_group_title": "Televizijos programų rengimas ir transliavimas",
        "evrk_class_code": "6020",
        "evrk_class_title": "Televizijos programų rengimas ir transliavimas",
        "evrk_subclass_code": "602000",
        "evrk_subclass_title": "Televizijos programų rengimas ir transliavimas",
        "object_id": 188
      }
    },
    {
      "type": "Feature",
      "id": 189,
      "geometry": null,
      "properties": {
        "evrk_section_code": "J",
        "evrk_section_title": "Informacija ir ryšiai",
        "evrk_chapter_code": "61",
        "evrk_chapter_title": "Telekomunikacijos",
        "evrk_group_code": "611",
        "evrk_group_title": "Laidinio ryšio paslaugų veikla",
        "evrk_class_code": "6110",
        "evrk_class_title": "Laidinio ryšio paslaugų veikla",
        "evrk_subclass_code": "611000",
        "evrk_subclass_title": "Laidinio ryšio paslaugų veikla",
        "object_id": 189
      }
    },
    {
      "type": "Feature",
      "id": 190,
      "geometry": null,
      "properties": {
        "evrk_section_code": "J",
        "evrk_section_title": "Informacija ir ryšiai",
        "evrk_chapter_code": "62",
        "evrk_chapter_title": "Kompiuterių programavimo, konsultacinė ir susijusi veikla",
        "evrk_group_code": "620",
        "evrk_group_title": "Kompiuterių programavimo, konsultacinė ir susijusi veikla",
        "evrk_class_code": "6209",
        "evrk_class_title": "Kita informacinių technologijų ir kompiuterių paslaugų veikla",
        "evrk_subclass_code": "620900",
        "evrk_subclass_title": "Kita informacinių technologijų ir kompiuterių paslaugų veikla",
        "object_id": 190
      }
    },
    {
      "type": "Feature",
      "id": 191,
      "geometry": null,
      "properties": {
        "evrk_section_code": "J",
        "evrk_section_title": "Informacija ir ryšiai",
        "evrk_chapter_code": "63",
        "evrk_chapter_title": "Informacinių paslaugų veikla",
        "evrk_group_code": "639",
        "evrk_group_title": "Kita informacinių paslaugų veikla",
        "evrk_class_code": "6399",
        "evrk_class_title": "Kita, niekur kitur nepriskirta, informacinių paslaugų veikla",
        "evrk_subclass_code": "639900",
        "evrk_subclass_title": "Kita, niekur kitur nepriskirta, informacinių paslaugų veikla",
        "object_id": 191
      }
    },
    {
      "type": "Feature",
      "id": 192,
      "geometry": null,
      "properties": {
        "evrk_section_code": "K",
        "evrk_section_title": "Finansinė ir draudimo veikla",
        "evrk_chapter_code": "64",
        "evrk_chapter_title": "Finansinių paslaugų veikla, išskyrus draudimą ir pensijų lėšų kaupimą",
        "evrk_group_code": "640",
        "evrk_group_title": "Finansinių paslaugų veikla, išskyrus draudimą ir pensijų lėšų kaupimą",
        "evrk_class_code": "6400",
        "evrk_class_title": "Finansinių paslaugų veikla, išskyrus draudimą ir pensijų lėšų kaupimą",
        "evrk_subclass_code": "640000",
        "evrk_subclass_title": "Finansinių paslaugų veikla, išskyrus draudimą ir pensijų lėšų kaupimą",
        "object_id": 192
      }
    },
    {
      "type": "Feature",
      "id": 193,
      "geometry": null,
      "properties": {
        "evrk_section_code": "K",
        "evrk_section_title": "Finansinė ir draudimo veikla",
        "evrk_chapter_code": "64",
        "evrk_chapter_title": "Finansinių paslaugų veikla, išskyrus draudimą ir pensijų lėšų kaupimą",
        "evrk_group_code": "641",
        "evrk_group_title": "Piniginis tarpininkavimas",
        "evrk_class_code": "6410",
        "evrk_class_title": "Piniginis tarpininkavimas",
        "evrk_subclass_code": "641000",
        "evrk_subclass_title": "Piniginis tarpininkavimas",
        "object_id": 193
      }
    },
    {
      "type": "Feature",
      "id": 194,
      "geometry": null,
      "properties": {
        "evrk_section_code": "K",
        "evrk_section_title": "Finansinė ir draudimo veikla",
        "evrk_chapter_code": "65",
        "evrk_chapter_title": "Draudimo, perdraudimo ir pensijų lėšų kaupimo, išskyrus privalomąjį socialinį draudimą, veikla",
        "evrk_group_code": "650",
        "evrk_group_title": "Draudimo, perdraudimo ir pensijų lėšų kaupimo, išskyrus privalomąjį socialinį draudimą, veikla",
        "evrk_class_code": "6500",
        "evrk_class_title": "Draudimo, perdraudimo ir pensijų lėšų kaupimo, išskyrus privalomąjį socialinį draudimą, veikla",
        "evrk_subclass_code": "650000",
        "evrk_subclass_title": "Draudimo, perdraudimo ir pensijų lėšų kaupimo, išskyrus privalomąjį socialinį draudimą, veikla",
        "object_id": 194
      }
    },
    {
      "type": "Feature",
      "id": 195,
      "geometry": null,
      "properties": {
        "evrk_section_code": "K",
        "evrk_section_title": "Finansinė ir draudimo veikla",
        "evrk_chapter_code": "65",
        "evrk_chapter_title": "Draudimo, perdraudimo ir pensijų lėšų kaupimo, išskyrus privalomąjį socialinį draudimą, veikla",
        "evrk_group_code": "651",
        "evrk_group_title": "Draudimas",
        "evrk_class_code": "6512",
        "evrk_class_title": "Ne gyvybės draudimas",
        "evrk_subclass_code": "651200",
        "evrk_subclass_title": "Ne gyvybės draudimas",
        "object_id": 195
      }
    },
    {
      "type": "Feature",
      "id": 196,
      "geometry": null,
      "properties": {
        "evrk_section_code": "K",
        "evrk_section_title": "Finansinė ir draudimo veikla",
        "evrk_chapter_code": "65",
        "evrk_chapter_title": "Draudimo, perdraudimo ir pensijų lėšų kaupimo, išskyrus privalomąjį socialinį draudimą, veikla",
        "evrk_group_code": "651",
        "evrk_group_title": "Draudimas",
        "evrk_class_code": "6512",
        "evrk_class_title": "Ne gyvybės draudimas",
        "evrk_subclass_code": "651210",
        "evrk_subclass_title": "Kelionių draudimas",
        "object_id": 196
      }
    },
    {
      "type": "Feature",
      "id": 197,
      "geometry": null,
      "properties": {
        "evrk_section_code": "K",
        "evrk_section_title": "Finansinė ir draudimo veikla",
        "evrk_chapter_code": "66",
        "evrk_chapter_title": "Pagalbinė finansinių paslaugų ir draudimo veikla",
        "evrk_group_code": "660",
        "evrk_group_title": "Pagalbinė finansinių paslaugų ir draudimo veikla",
        "evrk_class_code": "6600",
        "evrk_class_title": "Pagalbinė finansinių paslaugų ir draudimo veikla",
        "evrk_subclass_code": "660000",
        "evrk_subclass_title": "Pagalbinė finansinių paslaugų ir draudimo veikla",
        "object_id": 197
      }
    },
    {
      "type": "Feature",
      "id": 198,
      "geometry": null,
      "properties": {
        "evrk_section_code": "K",
        "evrk_section_title": "Finansinė ir draudimo veikla",
        "evrk_chapter_code": "66",
        "evrk_chapter_title": "Pagalbinė finansinių paslaugų ir draudimo veikla",
        "evrk_group_code": "661",
        "evrk_group_title": "Pagalbinė finansinių paslaugų, išskyrus draudimą ir pensijų lėšų kaupimą, veikla",
        "evrk_class_code": "6619",
        "evrk_class_title": "Kita pagalbinė finansinių paslaugų, išskyrus draudimą ir pensijų lėšų kaupimą, veikla",
        "evrk_subclass_code": "661900",
        "evrk_subclass_title": "Kita pagalbinė finansinių paslaugų, išskyrus draudimą ir pensijų lėšų kaupimą, veikla",
        "object_id": 198
      }
    },
    {
      "type": "Feature",
      "id": 199,
      "geometry": null,
      "properties": {
        "evrk_section_code": "K",
        "evrk_section_title": "Finansinė ir draudimo veikla",
        "evrk_chapter_code": "66",
        "evrk_chapter_title": "Pagalbinė finansinių paslaugų ir draudimo veikla",
        "evrk_group_code": "662",
        "evrk_group_title": "Pagalbinė draudimo ir pensijų lėšų kaupimo veikla",
        "evrk_class_code": "6621",
        "evrk_class_title": "Rizikos ir žalos vertinimas",
        "evrk_subclass_code": "662100",
        "evrk_subclass_title": "Rizikos ir žalos vertinimas",
        "object_id": 199
      }
    },
    {
      "type": "Feature",
      "id": 200,
      "geometry": null,
      "properties": {
        "evrk_section_code": "L",
        "evrk_section_title": "Nekilnojamojo turto operacijos",
        "evrk_chapter_code": "68",
        "evrk_chapter_title": "Nekilnojamojo turto operacijos",
        "evrk_group_code": "680",
        "evrk_group_title": "Nekilnojamojo turto operacijos",
        "evrk_class_code": "6800",
        "evrk_class_title": "Nekilnojamojo turto operacijos",
        "evrk_subclass_code": "680000",
        "evrk_subclass_title": "Nekilnojamojo turto operacijos",
        "object_id": 200
      }
    },
    {
      "type": "Feature",
      "id": 201,
      "geometry": null,
      "properties": {
        "evrk_section_code": "L",
        "evrk_section_title": "Nekilnojamojo turto operacijos",
        "evrk_chapter_code": "68",
        "evrk_chapter_title": "Nekilnojamojo turto operacijos",
        "evrk_group_code": "683",
        "evrk_group_title": "Nekilnojamojo turto operacijos už atlygį arba pagal sutartį",
        "evrk_class_code": "6830",
        "evrk_class_title": "Nekilnojamojo turto operacijos už atlygį arba pagal sutartį",
        "evrk_subclass_code": "683000",
        "evrk_subclass_title": "Nekilnojamojo turto operacijos už atlygį arba pagal sutartį",
        "object_id": 201
      }
    },
    {
      "type": "Feature",
      "id": 202,
      "geometry": null,
      "properties": {
        "evrk_section_code": "L",
        "evrk_section_title": "Nekilnojamojo turto operacijos",
        "evrk_chapter_code": "68",
        "evrk_chapter_title": "Nekilnojamojo turto operacijos",
        "evrk_group_code": "683",
        "evrk_group_title": "Nekilnojamojo turto operacijos už atlygį arba pagal sutartį",
        "evrk_class_code": "6831",
        "evrk_class_title": "Nekilnojamojo turto agentūrų veikla",
        "evrk_subclass_code": "683100",
        "evrk_subclass_title": "Nekilnojamojo turto agentūrų veikla",
        "object_id": 202
      }
    },
    {
      "type": "Feature",
      "id": 203,
      "geometry": null,
      "properties": {
        "evrk_section_code": "F",
        "evrk_section_title": "Statyba",
        "evrk_chapter_code": "42",
        "evrk_chapter_title": "Inžinerinių statinių statyba",
        "evrk_group_code": "422",
        "evrk_group_title": "Komunalinių statinių statyba",
        "evrk_class_code": "4221",
        "evrk_class_title": "Komunalinių nuotekų statinių statyba",
        "evrk_subclass_code": "422100",
        "evrk_subclass_title": "Komunalinių nuotekų statinių statyba",
        "object_id": 203
      }
    },
    {
      "type": "Feature",
      "id": 204,
      "geometry": null,
      "properties": {
        "evrk_section_code": "M",
        "evrk_section_title": "Profesinė, mokslinė ir techninė veikla",
        "evrk_chapter_code": "69",
        "evrk_chapter_title": "Teisinė ir apskaitos veikla",
        "evrk_group_code": "692",
        "evrk_group_title": "Apskaitos, buhalterijos ir audito veikla; konsultacijos mokesčių klausimais",
        "evrk_class_code": "6920",
        "evrk_class_title": "Apskaitos, buhalterijos ir audito veikla; konsultacijos mokesčių klausimais",
        "evrk_subclass_code": "692010",
        "evrk_subclass_title": "Buhalterinė apskaita ir audito atlikimas",
        "object_id": 204
      }
    },
    {
      "type": "Feature",
      "id": 205,
      "geometry": null,
      "properties": {
        "evrk_section_code": "M",
        "evrk_section_title": "Profesinė, mokslinė ir techninė veikla",
        "evrk_chapter_code": "69",
        "evrk_chapter_title": "Teisinė ir apskaitos veikla",
        "evrk_group_code": "692",
        "evrk_group_title": "Apskaitos, buhalterijos ir audito veikla; konsultacijos mokesčių klausimais",
        "evrk_class_code": "6920",
        "evrk_class_title": "Apskaitos, buhalterijos ir audito veikla; konsultacijos mokesčių klausimais",
        "evrk_subclass_code": "692020",
        "evrk_subclass_title": "Finansinių ataskaitų rengimas",
        "object_id": 205
      }
    },
    {
      "type": "Feature",
      "id": 206,
      "geometry": null,
      "properties": {
        "evrk_section_code": "M",
        "evrk_section_title": "Profesinė, mokslinė ir techninė veikla",
        "evrk_chapter_code": "70",
        "evrk_chapter_title": "Pagrindinių buveinių veikla; konsultacinė valdymo veikla",
        "evrk_group_code": "701",
        "evrk_group_title": "Pagrindinių buveinių veikla",
        "evrk_class_code": "7010",
        "evrk_class_title": "Pagrindinių buveinių veikla",
        "evrk_subclass_code": "701000",
        "evrk_subclass_title": "Pagrindinių buveinių veikla",
        "object_id": 206
      }
    },
    {
      "type": "Feature",
      "id": 207,
      "geometry": null,
      "properties": {
        "evrk_section_code": "M",
        "evrk_section_title": "Profesinė, mokslinė ir techninė veikla",
        "evrk_chapter_code": "71",
        "evrk_chapter_title": "Architektūros ir inžinerijos veikla; techninis tikrinimas ir analizė",
        "evrk_group_code": "711",
        "evrk_group_title": "Architektūros ir inžinerijos veikla bei su ja susijusios techninės konsultacijos",
        "evrk_class_code": "7110",
        "evrk_class_title": "Architektūros ir inžinerijos veikla bei su ja susijusios techninės konsultacijos",
        "evrk_subclass_code": "711000",
        "evrk_subclass_title": "Architektūros ir inžinerijos veikla bei su ja susijusios techninės konsultacijos",
        "object_id": 207
      }
    },
    {
      "type": "Feature",
      "id": 208,
      "geometry": null,
      "properties": {
        "evrk_section_code": "M",
        "evrk_section_title": "Profesinė, mokslinė ir techninė veikla",
        "evrk_chapter_code": "71",
        "evrk_chapter_title": "Architektūros ir inžinerijos veikla; techninis tikrinimas ir analizė",
        "evrk_group_code": "711",
        "evrk_group_title": "Architektūros ir inžinerijos veikla bei su ja susijusios techninės konsultacijos",
        "evrk_class_code": "7112",
        "evrk_class_title": "Inžinerijos veikla ir su ja susijusios techninės konsultacijos",
        "evrk_subclass_code": "711210",
        "evrk_subclass_title": "Inžinerinė - technologinė veikla",
        "object_id": 208
      }
    },
    {
      "type": "Feature",
      "id": 209,
      "geometry": null,
      "properties": {
        "evrk_section_code": "M",
        "evrk_section_title": "Profesinė, mokslinė ir techninė veikla",
        "evrk_chapter_code": "71",
        "evrk_chapter_title": "Architektūros ir inžinerijos veikla; techninis tikrinimas ir analizė",
        "evrk_group_code": "711",
        "evrk_group_title": "Architektūros ir inžinerijos veikla bei su ja susijusios techninės konsultacijos",
        "evrk_class_code": "7112",
        "evrk_class_title": "Inžinerijos veikla ir su ja susijusios techninės konsultacijos",
        "evrk_subclass_code": "711230",
        "evrk_subclass_title": "Gatvių eismo projektavimas",
        "object_id": 209
      }
    },
    {
      "type": "Feature",
      "id": 210,
      "geometry": null,
      "properties": {
        "evrk_section_code": "M",
        "evrk_section_title": "Profesinė, mokslinė ir techninė veikla",
        "evrk_chapter_code": "71",
        "evrk_chapter_title": "Architektūros ir inžinerijos veikla; techninis tikrinimas ir analizė",
        "evrk_group_code": "712",
        "evrk_group_title": "Techninis tikrinimas ir analizė",
        "evrk_class_code": "7120",
        "evrk_class_title": "Techninis tikrinimas ir analizė",
        "evrk_subclass_code": "712020",
        "evrk_subclass_title": "Medžiagų bandymai ir analizė",
        "object_id": 210
      }
    },
    {
      "type": "Feature",
      "id": 211,
      "geometry": null,
      "properties": {
        "evrk_section_code": "M",
        "evrk_section_title": "Profesinė, mokslinė ir techninė veikla",
        "evrk_chapter_code": "71",
        "evrk_chapter_title": "Architektūros ir inžinerijos veikla; techninis tikrinimas ir analizė",
        "evrk_group_code": "712",
        "evrk_group_title": "Techninis tikrinimas ir analizė",
        "evrk_class_code": "7120",
        "evrk_class_title": "Techninis tikrinimas ir analizė",
        "evrk_subclass_code": "712030",
        "evrk_subclass_title": "Produkcijos kokybės bandymai ir analizė",
        "object_id": 211
      }
    },
    {
      "type": "Feature",
      "id": 212,
      "geometry": null,
      "properties": {
        "evrk_section_code": "M",
        "evrk_section_title": "Profesinė, mokslinė ir techninė veikla",
        "evrk_chapter_code": "71",
        "evrk_chapter_title": "Architektūros ir inžinerijos veikla; techninis tikrinimas ir analizė",
        "evrk_group_code": "712",
        "evrk_group_title": "Techninis tikrinimas ir analizė",
        "evrk_class_code": "7120",
        "evrk_class_title": "Techninis tikrinimas ir analizė",
        "evrk_subclass_code": "712050",
        "evrk_subclass_title": "Variklinių transporto priemonių saugaus eismo periodinis patikrinimas",
        "object_id": 212
      }
    },
    {
      "type": "Feature",
      "id": 213,
      "geometry": null,
      "properties": {
        "evrk_section_code": "M",
        "evrk_section_title": "Profesinė, mokslinė ir techninė veikla",
        "evrk_chapter_code": "72",
        "evrk_chapter_title": "Moksliniai tyrimai ir taikomoji veikla",
        "evrk_group_code": "721",
        "evrk_group_title": "Gamtos mokslų ir inžinerijos moksliniai tyrimai ir taikomoji veikla",
        "evrk_class_code": "7210",
        "evrk_class_title": "Gamtos mokslų ir inžinerijos moksliniai tyrimai ir taikomoji veikla",
        "evrk_subclass_code": "721000",
        "evrk_subclass_title": "Gamtos mokslų ir inžinerijos moksliniai tyrimai ir taikomoji veikla",
        "object_id": 213
      }
    },
    {
      "type": "Feature",
      "id": 214,
      "geometry": null,
      "properties": {
        "evrk_section_code": "M",
        "evrk_section_title": "Profesinė, mokslinė ir techninė veikla",
        "evrk_chapter_code": "72",
        "evrk_chapter_title": "Moksliniai tyrimai ir taikomoji veikla",
        "evrk_group_code": "721",
        "evrk_group_title": "Gamtos mokslų ir inžinerijos moksliniai tyrimai ir taikomoji veikla",
        "evrk_class_code": "7219",
        "evrk_class_title": "Kiti gamtos mokslų ir inžinerijos moksliniai tyrimai ir taikomoji veikla",
        "evrk_subclass_code": "721940",
        "evrk_subclass_title": "Medicinos mokslų tiriamieji ir taikomieji darbai",
        "object_id": 214
      }
    },
    {
      "type": "Feature",
      "id": 215,
      "geometry": null,
      "properties": {
        "evrk_section_code": "M",
        "evrk_section_title": "Profesinė, mokslinė ir techninė veikla",
        "evrk_chapter_code": "72",
        "evrk_chapter_title": "Moksliniai tyrimai ir taikomoji veikla",
        "evrk_group_code": "721",
        "evrk_group_title": "Gamtos mokslų ir inžinerijos moksliniai tyrimai ir taikomoji veikla",
        "evrk_class_code": "7219",
        "evrk_class_title": "Kiti gamtos mokslų ir inžinerijos moksliniai tyrimai ir taikomoji veikla",
        "evrk_subclass_code": "721950",
        "evrk_subclass_title": "Technikos mokslų tiriamieji ir taikomieji darbai",
        "object_id": 215
      }
    },
    {
      "type": "Feature",
      "id": 216,
      "geometry": null,
      "properties": {
        "evrk_section_code": "M",
        "evrk_section_title": "Profesinė, mokslinė ir techninė veikla",
        "evrk_chapter_code": "72",
        "evrk_chapter_title": "Moksliniai tyrimai ir taikomoji veikla",
        "evrk_group_code": "722",
        "evrk_group_title": "Socialinių ir humanitarinių mokslų moksliniai tyrimai ir taikomoji veikla",
        "evrk_class_code": "7220",
        "evrk_class_title": "Socialinių ir humanitarinių mokslų moksliniai tyrimai ir taikomoji veikla",
        "evrk_subclass_code": "722020",
        "evrk_subclass_title": "Socialinių mokslų tiriamieji ir taikomieji darbai",
        "object_id": 216
      }
    },
    {
      "type": "Feature",
      "id": 217,
      "geometry": null,
      "properties": {
        "evrk_section_code": "M",
        "evrk_section_title": "Profesinė, mokslinė ir techninė veikla",
        "evrk_chapter_code": "72",
        "evrk_chapter_title": "Moksliniai tyrimai ir taikomoji veikla",
        "evrk_group_code": "722",
        "evrk_group_title": "Socialinių ir humanitarinių mokslų moksliniai tyrimai ir taikomoji veikla",
        "evrk_class_code": "7220",
        "evrk_class_title": "Socialinių ir humanitarinių mokslų moksliniai tyrimai ir taikomoji veikla",
        "evrk_subclass_code": "722030",
        "evrk_subclass_title": "Teologijos mokslų tiriamieji ir taikomieji darbai",
        "object_id": 217
      }
    },
    {
      "type": "Feature",
      "id": 218,
      "geometry": null,
      "properties": {
        "evrk_section_code": "M",
        "evrk_section_title": "Profesinė, mokslinė ir techninė veikla",
        "evrk_chapter_code": "73",
        "evrk_chapter_title": "Reklama ir rinkos tyrimas",
        "evrk_group_code": "730",
        "evrk_group_title": "Reklama ir rinkos tyrimas",
        "evrk_class_code": "7300",
        "evrk_class_title": "Reklama ir rinkos tyrimas",
        "evrk_subclass_code": "730000",
        "evrk_subclass_title": "Reklama ir rinkos tyrimas",
        "object_id": 218
      }
    },
    {
      "type": "Feature",
      "id": 219,
      "geometry": null,
      "properties": {
        "evrk_section_code": "M",
        "evrk_section_title": "Profesinė, mokslinė ir techninė veikla",
        "evrk_chapter_code": "74",
        "evrk_chapter_title": "Kita profesinė, mokslinė ir techninė veikla",
        "evrk_group_code": "749",
        "evrk_group_title": "Kita, niekur kitur nepriskirta, profesinė, mokslinė ir techninė veikla",
        "evrk_class_code": "7490",
        "evrk_class_title": "Kita, niekur kitur nepriskirta, profesinė, mokslinė ir techninė veikla",
        "evrk_subclass_code": "749000",
        "evrk_subclass_title": "Kita, niekur kitur nepriskirta, profesinė, mokslinė ir techninė veikla",
        "object_id": 219
      }
    },
    {
      "type": "Feature",
      "id": 220,
      "geometry": null,
      "properties": {
        "evrk_section_code": "M",
        "evrk_section_title": "Profesinė, mokslinė ir techninė veikla",
        "evrk_chapter_code": "75",
        "evrk_chapter_title": "Veterinarinė veikla",
        "evrk_group_code": "750",
        "evrk_group_title": "Veterinarinė veikla",
        "evrk_class_code": "7500",
        "evrk_class_title": "Veterinarinė veikla",
        "evrk_subclass_code": "750000",
        "evrk_subclass_title": "Veterinarinė veikla",
        "object_id": 220
      }
    },
    {
      "type": "Feature",
      "id": 221,
      "geometry": null,
      "properties": {
        "evrk_section_code": "N",
        "evrk_section_title": "Administracinė ir aptarnavimo veikla",
        "evrk_chapter_code": "77",
        "evrk_chapter_title": "Nuoma ir išperkamoji nuoma",
        "evrk_group_code": "770",
        "evrk_group_title": "Nuoma ir išperkamoji nuoma",
        "evrk_class_code": "7700",
        "evrk_class_title": "Nuoma ir išperkamoji nuoma",
        "evrk_subclass_code": "770000",
        "evrk_subclass_title": "Nuoma ir išperkamoji nuoma",
        "object_id": 221
      }
    },
    {
      "type": "Feature",
      "id": 222,
      "geometry": null,
      "properties": {
        "evrk_section_code": "N",
        "evrk_section_title": "Administracinė ir aptarnavimo veikla",
        "evrk_chapter_code": "77",
        "evrk_chapter_title": "Nuoma ir išperkamoji nuoma",
        "evrk_group_code": "771",
        "evrk_group_title": "Variklinių transporto priemonių nuoma ir išperkamoji nuoma",
        "evrk_class_code": "7710",
        "evrk_class_title": "Variklinių transporto priemonių nuoma ir išperkamoji nuoma",
        "evrk_subclass_code": "771000",
        "evrk_subclass_title": "Variklinių transporto priemonių nuoma ir išperkamoji nuoma",
        "object_id": 222
      }
    },
    {
      "type": "Feature",
      "id": 223,
      "geometry": null,
      "properties": {
        "evrk_section_code": "N",
        "evrk_section_title": "Administracinė ir aptarnavimo veikla",
        "evrk_chapter_code": "77",
        "evrk_chapter_title": "Nuoma ir išperkamoji nuoma",
        "evrk_group_code": "772",
        "evrk_group_title": "Asmeninių ir namų ūkio prekių nuoma ir išperkamoji nuoma",
        "evrk_class_code": "7721",
        "evrk_class_title": "Poilsio ir sporto reikmenų nuoma ir išperkamoji nuoma",
        "evrk_subclass_code": "772130",
        "evrk_subclass_title": "Dviračių nuoma",
        "object_id": 223
      }
    },
    {
      "type": "Feature",
      "id": 224,
      "geometry": null,
      "properties": {
        "evrk_section_code": "N",
        "evrk_section_title": "Administracinė ir aptarnavimo veikla",
        "evrk_chapter_code": "77",
        "evrk_chapter_title": "Nuoma ir išperkamoji nuoma",
        "evrk_group_code": "772",
        "evrk_group_title": "Asmeninių ir namų ūkio prekių nuoma ir išperkamoji nuoma",
        "evrk_class_code": "7721",
        "evrk_class_title": "Poilsio ir sporto reikmenų nuoma ir išperkamoji nuoma",
        "evrk_subclass_code": "772140",
        "evrk_subclass_title": "Sporto įrangos nuoma",
        "object_id": 224
      }
    },
    {
      "type": "Feature",
      "id": 225,
      "geometry": null,
      "properties": {
        "evrk_section_code": "N",
        "evrk_section_title": "Administracinė ir aptarnavimo veikla",
        "evrk_chapter_code": "77",
        "evrk_chapter_title": "Nuoma ir išperkamoji nuoma",
        "evrk_group_code": "773",
        "evrk_group_title": "Kitų mašinų, įrangos ir materialiųjų vertybių nuoma ir išperkamoji nuoma",
        "evrk_class_code": "7730",
        "evrk_class_title": "Kitų mašinų, įrangos ir materialiųjų vertybių nuoma ir išperkamoji nuoma",
        "evrk_subclass_code": "773000",
        "evrk_subclass_title": "Kitų mašinų, įrangos ir materialiųjų vertybių nuoma ir išperkamoji nuoma",
        "object_id": 225
      }
    },
    {
      "type": "Feature",
      "id": 226,
      "geometry": null,
      "properties": {
        "evrk_section_code": "N",
        "evrk_section_title": "Administracinė ir aptarnavimo veikla",
        "evrk_chapter_code": "77",
        "evrk_chapter_title": "Nuoma ir išperkamoji nuoma",
        "evrk_group_code": "773",
        "evrk_group_title": "Kitų mašinų, įrangos ir materialiųjų vertybių nuoma ir išperkamoji nuoma",
        "evrk_class_code": "7731",
        "evrk_class_title": "Žemės ūkio mašinų ir įrenginių nuoma ir išperkamoji nuoma",
        "evrk_subclass_code": "773100",
        "evrk_subclass_title": "Žemės ūkio mašinų ir įrenginių nuoma ir išperkamoji nuoma",
        "object_id": 226
      }
    },
    {
      "type": "Feature",
      "id": 227,
      "geometry": null,
      "properties": {
        "evrk_section_code": "N",
        "evrk_section_title": "Administracinė ir aptarnavimo veikla",
        "evrk_chapter_code": "77",
        "evrk_chapter_title": "Nuoma ir išperkamoji nuoma",
        "evrk_group_code": "773",
        "evrk_group_title": "Kitų mašinų, įrangos ir materialiųjų vertybių nuoma ir išperkamoji nuoma",
        "evrk_class_code": "7733",
        "evrk_class_title": "Įstaigos mašinų ir įrangos, įskaitant kompiuterius, nuoma ir išperkamoji nuoma",
        "evrk_subclass_code": "773320",
        "evrk_subclass_title": "Kopijavimo, spausdinimo ir teksto apdorojimo mašinų nuoma",
        "object_id": 227
      }
    },
    {
      "type": "Feature",
      "id": 228,
      "geometry": null,
      "properties": {
        "evrk_section_code": "N",
        "evrk_section_title": "Administracinė ir aptarnavimo veikla",
        "evrk_chapter_code": "77",
        "evrk_chapter_title": "Nuoma ir išperkamoji nuoma",
        "evrk_group_code": "773",
        "evrk_group_title": "Kitų mašinų, įrangos ir materialiųjų vertybių nuoma ir išperkamoji nuoma",
        "evrk_class_code": "7739",
        "evrk_class_title": "Kitų, niekur kitur nepriskirtų, mašinų, įrangos ir materialiųjų vertybių nuoma ir išperkamoji nuoma",
        "evrk_subclass_code": "773920",
        "evrk_subclass_title": "Motociklų nuoma",
        "object_id": 228
      }
    },
    {
      "type": "Feature",
      "id": 229,
      "geometry": null,
      "properties": {
        "evrk_section_code": "N",
        "evrk_section_title": "Administracinė ir aptarnavimo veikla",
        "evrk_chapter_code": "77",
        "evrk_chapter_title": "Nuoma ir išperkamoji nuoma",
        "evrk_group_code": "773",
        "evrk_group_title": "Kitų mašinų, įrangos ir materialiųjų vertybių nuoma ir išperkamoji nuoma",
        "evrk_class_code": "7739",
        "evrk_class_title": "Kitų, niekur kitur nepriskirtų, mašinų, įrangos ir materialiųjų vertybių nuoma ir išperkamoji nuoma",
        "evrk_subclass_code": "773970",
        "evrk_subclass_title": "Ryšių įrenginių nuoma",
        "object_id": 229
      }
    },
    {
      "type": "Feature",
      "id": 230,
      "geometry": null,
      "properties": {
        "evrk_section_code": "N",
        "evrk_section_title": "Administracinė ir aptarnavimo veikla",
        "evrk_chapter_code": "78",
        "evrk_chapter_title": "Įdarbinimo veikla",
        "evrk_group_code": "780",
        "evrk_group_title": "Įdarbinimo veikla",
        "evrk_class_code": "7800",
        "evrk_class_title": "Įdarbinimo veikla",
        "evrk_subclass_code": "780000",
        "evrk_subclass_title": "Įdarbinimo veikla",
        "object_id": 230
      }
    },
    {
      "type": "Feature",
      "id": 231,
      "geometry": null,
      "properties": {
        "evrk_section_code": "N",
        "evrk_section_title": "Administracinė ir aptarnavimo veikla",
        "evrk_chapter_code": "79",
        "evrk_chapter_title": "Kelionių agentūrų, ekskursijų organizatorių, išankstinio užsakymo paslaugų ir susijusi veikla",
        "evrk_group_code": "799",
        "evrk_group_title": "Kitų išankstinio užsakymo ir susijusių paslaugų veikla",
        "evrk_class_code": "7990",
        "evrk_class_title": "Kitų išankstinio užsakymo ir susijusių paslaugų veikla",
        "evrk_subclass_code": "799000",
        "evrk_subclass_title": "Kitų išankstinio užsakymo ir susijusių paslaugų veikla",
        "object_id": 231
      }
    },
    {
      "type": "Feature",
      "id": 232,
      "geometry": null,
      "properties": {
        "evrk_section_code": "N",
        "evrk_section_title": "Administracinė ir aptarnavimo veikla",
        "evrk_chapter_code": "80",
        "evrk_chapter_title": "Apsaugos ir tyrimo veikla",
        "evrk_group_code": "801",
        "evrk_group_title": "Privati apsauga",
        "evrk_class_code": "8010",
        "evrk_class_title": "Privati apsauga",
        "evrk_subclass_code": "801000",
        "evrk_subclass_title": "Privati apsauga",
        "object_id": 232
      }
    },
    {
      "type": "Feature",
      "id": 233,
      "geometry": null,
      "properties": {
        "evrk_section_code": "N",
        "evrk_section_title": "Administracinė ir aptarnavimo veikla",
        "evrk_chapter_code": "82",
        "evrk_chapter_title": "Administracinė veikla, įstaigų ir kitų verslo įmonių aptarnavimo veikla",
        "evrk_group_code": "821",
        "evrk_group_title": "Įstaigų administracinė ir aptarnavimo veikla",
        "evrk_class_code": "8219",
        "evrk_class_title": "Fotokopijavimo, dokumentų rengimo ir kita specializuota įstaigai būdingų paslaugų veikla",
        "evrk_subclass_code": "821900",
        "evrk_subclass_title": "Fotokopijavimo, dokumentų rengimo ir kita specializuota įstaigai būdingų paslaugų veikla",
        "object_id": 233
      }
    },
    {
      "type": "Feature",
      "id": 234,
      "geometry": null,
      "properties": {
        "evrk_section_code": "N",
        "evrk_section_title": "Administracinė ir aptarnavimo veikla",
        "evrk_chapter_code": "82",
        "evrk_chapter_title": "Administracinė veikla, įstaigų ir kitų verslo įmonių aptarnavimo veikla",
        "evrk_group_code": "829",
        "evrk_group_title": "Niekur kitur nepriskirta verslui būdingų paslaugų veikla",
        "evrk_class_code": "8291",
        "evrk_class_title": "Išieškojimo agentūrų ir kredito biurų veikla",
        "evrk_subclass_code": "829100",
        "evrk_subclass_title": "Išieškojimo agentūrų ir kredito biurų veikla",
        "object_id": 234
      }
    },
    {
      "type": "Feature",
      "id": 235,
      "geometry": null,
      "properties": {
        "evrk_section_code": "N",
        "evrk_section_title": "Administracinė ir aptarnavimo veikla",
        "evrk_chapter_code": "82",
        "evrk_chapter_title": "Administracinė veikla, įstaigų ir kitų verslo įmonių aptarnavimo veikla",
        "evrk_group_code": "829",
        "evrk_group_title": "Niekur kitur nepriskirta verslui būdingų paslaugų veikla",
        "evrk_class_code": "8292",
        "evrk_class_title": "Fasavimo ir pakavimo veikla",
        "evrk_subclass_code": "829200",
        "evrk_subclass_title": "Fasavimo ir pakavimo veikla",
        "object_id": 235
      }
    },
    {
      "type": "Feature",
      "id": 236,
      "geometry": null,
      "properties": {
        "evrk_section_code": "O",
        "evrk_section_title": "Viešasis valdymas ir gynyba; privalomasis socialinis draudimas",
        "evrk_chapter_code": "84",
        "evrk_chapter_title": "Viešasis valdymas ir gynyba; privalomasis socialinis draudimas",
        "evrk_group_code": "840",
        "evrk_group_title": "Viešasis valdymas ir gynyba; privalomasis socialinis draudimas",
        "evrk_class_code": "8400",
        "evrk_class_title": "Viešasis valdymas ir gynyba; privalomasis socialinis draudimas",
        "evrk_subclass_code": "840000",
        "evrk_subclass_title": "Viešasis valdymas ir gynyba; privalomasis socialinis draudimas",
        "object_id": 236
      }
    },
    {
      "type": "Feature",
      "id": 237,
      "geometry": null,
      "properties": {
        "evrk_section_code": "O",
        "evrk_section_title": "Viešasis valdymas ir gynyba; privalomasis socialinis draudimas",
        "evrk_chapter_code": "84",
        "evrk_chapter_title": "Viešasis valdymas ir gynyba; privalomasis socialinis draudimas",
        "evrk_group_code": "841",
        "evrk_group_title": "Valstybės valdymas ir bendroji ekonominė bei socialinė bendruomenės politika",
        "evrk_class_code": "8411",
        "evrk_class_title": "Bendroji viešojo valdymo veikla",
        "evrk_subclass_code": "841100",
        "evrk_subclass_title": "Bendroji viešojo valdymo veikla",
        "object_id": 237
      }
    },
    {
      "type": "Feature",
      "id": 238,
      "geometry": null,
      "properties": {
        "evrk_section_code": "O",
        "evrk_section_title": "Viešasis valdymas ir gynyba; privalomasis socialinis draudimas",
        "evrk_chapter_code": "84",
        "evrk_chapter_title": "Viešasis valdymas ir gynyba; privalomasis socialinis draudimas",
        "evrk_group_code": "841",
        "evrk_group_title": "Valstybės valdymas ir bendroji ekonominė bei socialinė bendruomenės politika",
        "evrk_class_code": "8411",
        "evrk_class_title": "Bendroji viešojo valdymo veikla",
        "evrk_subclass_code": "841110",
        "evrk_subclass_title": "Lietuvos Respublikos apskričių veikla",
        "object_id": 238
      }
    },
    {
      "type": "Feature",
      "id": 239,
      "geometry": null,
      "properties": {
        "evrk_section_code": "O",
        "evrk_section_title": "Viešasis valdymas ir gynyba; privalomasis socialinis draudimas",
        "evrk_chapter_code": "84",
        "evrk_chapter_title": "Viešasis valdymas ir gynyba; privalomasis socialinis draudimas",
        "evrk_group_code": "841",
        "evrk_group_title": "Valstybės valdymas ir bendroji ekonominė bei socialinė bendruomenės politika",
        "evrk_class_code": "8411",
        "evrk_class_title": "Bendroji viešojo valdymo veikla",
        "evrk_subclass_code": "841120",
        "evrk_subclass_title": "Lietuvos Respublikos savivaldybių veikla",
        "object_id": 239
      }
    },
    {
      "type": "Feature",
      "id": 240,
      "geometry": null,
      "properties": {
        "evrk_section_code": "O",
        "evrk_section_title": "Viešasis valdymas ir gynyba; privalomasis socialinis draudimas",
        "evrk_chapter_code": "84",
        "evrk_chapter_title": "Viešasis valdymas ir gynyba; privalomasis socialinis draudimas",
        "evrk_group_code": "841",
        "evrk_group_title": "Valstybės valdymas ir bendroji ekonominė bei socialinė bendruomenės politika",
        "evrk_class_code": "8411",
        "evrk_class_title": "Bendroji viešojo valdymo veikla",
        "evrk_subclass_code": "841140",
        "evrk_subclass_title": "Iždo valdymas ir priežiūra",
        "object_id": 240
      }
    },
    {
      "type": "Feature",
      "id": 241,
      "geometry": null,
      "properties": {
        "evrk_section_code": "O",
        "evrk_section_title": "Viešasis valdymas ir gynyba; privalomasis socialinis draudimas",
        "evrk_chapter_code": "84",
        "evrk_chapter_title": "Viešasis valdymas ir gynyba; privalomasis socialinis draudimas",
        "evrk_group_code": "841",
        "evrk_group_title": "Valstybės valdymas ir bendroji ekonominė bei socialinė bendruomenės politika",
        "evrk_class_code": "8411",
        "evrk_class_title": "Bendroji viešojo valdymo veikla",
        "evrk_subclass_code": "841150",
        "evrk_subclass_title": "Biudžeto vykdymas ir valstybinių fondų tvarkymas",
        "object_id": 241
      }
    },
    {
      "type": "Feature",
      "id": 242,
      "geometry": null,
      "properties": {
        "evrk_section_code": "O",
        "evrk_section_title": "Viešasis valdymas ir gynyba; privalomasis socialinis draudimas",
        "evrk_chapter_code": "84",
        "evrk_chapter_title": "Viešasis valdymas ir gynyba; privalomasis socialinis draudimas",
        "evrk_group_code": "841",
        "evrk_group_title": "Valstybės valdymas ir bendroji ekonominė bei socialinė bendruomenės politika",
        "evrk_class_code": "8412",
        "evrk_class_title": "Sveikatos priežiūros, švietimo, kultūros ir kitų socialinių paslaugų, išskyrus socialinį draudimą, veiklos reguliavimas",
        "evrk_subclass_code": "841200",
        "evrk_subclass_title": "Sveikatos priežiūros, švietimo, kultūros ir kitų socialinių paslaugų, išskyrus socialinį draudimą, veiklos reguliavimas",
        "object_id": 242
      }
    },
    {
      "type": "Feature",
      "id": 243,
      "geometry": null,
      "properties": {
        "evrk_section_code": "O",
        "evrk_section_title": "Viešasis valdymas ir gynyba; privalomasis socialinis draudimas",
        "evrk_chapter_code": "84",
        "evrk_chapter_title": "Viešasis valdymas ir gynyba; privalomasis socialinis draudimas",
        "evrk_group_code": "842",
        "evrk_group_title": "Bendruomenei teikiamų paslaugų užtikrinimas",
        "evrk_class_code": "8421",
        "evrk_class_title": "Užsienio reikalai",
        "evrk_subclass_code": "842100",
        "evrk_subclass_title": "Užsienio reikalai",
        "object_id": 243
      }
    },
    {
      "type": "Feature",
      "id": 244,
      "geometry": null,
      "properties": {
        "evrk_section_code": "O",
        "evrk_section_title": "Viešasis valdymas ir gynyba; privalomasis socialinis draudimas",
        "evrk_chapter_code": "84",
        "evrk_chapter_title": "Viešasis valdymas ir gynyba; privalomasis socialinis draudimas",
        "evrk_group_code": "842",
        "evrk_group_title": "Bendruomenei teikiamų paslaugų užtikrinimas",
        "evrk_class_code": "8422",
        "evrk_class_title": "Gynybos veikla",
        "evrk_subclass_code": "842200",
        "evrk_subclass_title": "Gynybos veikla",
        "object_id": 244
      }
    },
    {
      "type": "Feature",
      "id": 245,
      "geometry": null,
      "properties": {
        "evrk_section_code": "P",
        "evrk_section_title": "Švietimas",
        "evrk_chapter_code": "85",
        "evrk_chapter_title": "Švietimas",
        "evrk_group_code": "850",
        "evrk_group_title": "Švietimas",
        "evrk_class_code": "8500",
        "evrk_class_title": "Švietimas",
        "evrk_subclass_code": "850000",
        "evrk_subclass_title": "Švietimas",
        "object_id": 245
      }
    },
    {
      "type": "Feature",
      "id": 246,
      "geometry": null,
      "properties": {
        "evrk_section_code": "P",
        "evrk_section_title": "Švietimas",
        "evrk_chapter_code": "85",
        "evrk_chapter_title": "Švietimas",
        "evrk_group_code": "855",
        "evrk_group_title": "Kitas mokymas",
        "evrk_class_code": "8550",
        "evrk_class_title": "Kitas mokymas",
        "evrk_subclass_code": "855000",
        "evrk_subclass_title": "Kitas mokymas",
        "object_id": 246
      }
    },
    {
      "type": "Feature",
      "id": 247,
      "geometry": null,
      "properties": {
        "evrk_section_code": "P",
        "evrk_section_title": "Švietimas",
        "evrk_chapter_code": "85",
        "evrk_chapter_title": "Švietimas",
        "evrk_group_code": "855",
        "evrk_group_title": "Kitas mokymas",
        "evrk_class_code": "8551",
        "evrk_class_title": "Sportinis ir rekreacinis švietimas",
        "evrk_subclass_code": "855100",
        "evrk_subclass_title": "Sportinis ir rekreacinis švietimas",
        "object_id": 247
      }
    },
    {
      "type": "Feature",
      "id": 248,
      "geometry": null,
      "properties": {
        "evrk_section_code": "P",
        "evrk_section_title": "Švietimas",
        "evrk_chapter_code": "85",
        "evrk_chapter_title": "Švietimas",
        "evrk_group_code": "855",
        "evrk_group_title": "Kitas mokymas",
        "evrk_class_code": "8552",
        "evrk_class_title": "Kultūrinis švietimas",
        "evrk_subclass_code": "855200",
        "evrk_subclass_title": "Kultūrinis švietimas",
        "object_id": 248
      }
    },
    {
      "type": "Feature",
      "id": 249,
      "geometry": null,
      "properties": {
        "evrk_section_code": "Q",
        "evrk_section_title": "Žmonių sveikatos priežiūra ir socialinis darbas",
        "evrk_chapter_code": "86",
        "evrk_chapter_title": "Žmonių sveikatos priežiūros veikla",
        "evrk_group_code": "862",
        "evrk_group_title": "Medicininės ir odontologinės praktikos veikla",
        "evrk_class_code": "8623",
        "evrk_class_title": "Odontologinės praktikos veikla",
        "evrk_subclass_code": "862300",
        "evrk_subclass_title": "Odontologinės praktikos veikla",
        "object_id": 249
      }
    },
    {
      "type": "Feature",
      "id": 250,
      "geometry": null,
      "properties": {
        "evrk_section_code": "Q",
        "evrk_section_title": "Žmonių sveikatos priežiūra ir socialinis darbas",
        "evrk_chapter_code": "87",
        "evrk_chapter_title": "Kita stacionarinė globos veikla",
        "evrk_group_code": "879",
        "evrk_group_title": "Kita stacionarinė globos veikla",
        "evrk_class_code": "8790",
        "evrk_class_title": "Kita stacionarinė globos veikla",
        "evrk_subclass_code": "879000",
        "evrk_subclass_title": "Kita stacionarinė globos veikla",
        "object_id": 250
      }
    },
    {
      "type": "Feature",
      "id": 251,
      "geometry": null,
      "properties": {
        "evrk_section_code": "Q",
        "evrk_section_title": "Žmonių sveikatos priežiūra ir socialinis darbas",
        "evrk_chapter_code": "88",
        "evrk_chapter_title": "Nesusijusio su apgyvendinimu socialinio darbo veikla",
        "evrk_group_code": "881",
        "evrk_group_title": "Nesusijusio su apgyvendinimu socialinio darbo su pagyvenusiais ir neįgaliaisiais asmenimis veikla",
        "evrk_class_code": "8810",
        "evrk_class_title": "Nesusijusio su apgyvendinimu socialinio darbo su pagyvenusiais ir neįgaliaisiais asmenimis veikla",
        "evrk_subclass_code": "881000",
        "evrk_subclass_title": "Nesusijusio su apgyvendinimu socialinio darbo su pagyvenusiais ir neįgaliaisiais asmenimis veikla",
        "object_id": 251
      }
    },
    {
      "type": "Feature",
      "id": 252,
      "geometry": null,
      "properties": {
        "evrk_section_code": "R",
        "evrk_section_title": "Meninė, pramoginė ir poilsio organizavimo veikla",
        "evrk_chapter_code": "90",
        "evrk_chapter_title": "Kūrybinė, meninė ir pramogų organizavimo veikla",
        "evrk_group_code": "900",
        "evrk_group_title": "Kūrybinė, meninė ir pramogų organizavimo veikla",
        "evrk_class_code": "9004",
        "evrk_class_title": "Meno įrenginių eksploatavimo veikla",
        "evrk_subclass_code": "900400",
        "evrk_subclass_title": "Meno įrenginių eksploatavimo veikla",
        "object_id": 252
      }
    },
    {
      "type": "Feature",
      "id": 253,
      "geometry": null,
      "properties": {
        "evrk_section_code": "R",
        "evrk_section_title": "Meninė, pramoginė ir poilsio organizavimo veikla",
        "evrk_chapter_code": "91",
        "evrk_chapter_title": "Bibliotekų, archyvų, muziejų ir kita kultūrinė veikla",
        "evrk_group_code": "910",
        "evrk_group_title": "Bibliotekų, archyvų, muziejų ir kita kultūrinė veikla",
        "evrk_class_code": "9103",
        "evrk_class_title": "Istorinių vietų ir pastatų bei panašių turistų lankomų vietų eksploatavimas",
        "evrk_subclass_code": "910300",
        "evrk_subclass_title": "Istorinių vietų ir pastatų bei panašių turistų lankomų vietų eksploatavimas",
        "object_id": 253
      }
    },
    {
      "type": "Feature",
      "id": 254,
      "geometry": null,
      "properties": {
        "evrk_section_code": "R",
        "evrk_section_title": "Meninė, pramoginė ir poilsio organizavimo veikla",
        "evrk_chapter_code": "91",
        "evrk_chapter_title": "Bibliotekų, archyvų, muziejų ir kita kultūrinė veikla",
        "evrk_group_code": "910",
        "evrk_group_title": "Bibliotekų, archyvų, muziejų ir kita kultūrinė veikla",
        "evrk_class_code": "9104",
        "evrk_class_title": "Botanikos ir zoologijos sodų bei gamtos rezervatų veikla",
        "evrk_subclass_code": "910410",
        "evrk_subclass_title": "Zoologijos sodų veikla",
        "object_id": 254
      }
    },
    {
      "type": "Feature",
      "id": 255,
      "geometry": null,
      "properties": {
        "evrk_section_code": "R",
        "evrk_section_title": "Meninė, pramoginė ir poilsio organizavimo veikla",
        "evrk_chapter_code": "91",
        "evrk_chapter_title": "Bibliotekų, archyvų, muziejų ir kita kultūrinė veikla",
        "evrk_group_code": "910",
        "evrk_group_title": "Bibliotekų, archyvų, muziejų ir kita kultūrinė veikla",
        "evrk_class_code": "9104",
        "evrk_class_title": "Botanikos ir zoologijos sodų bei gamtos rezervatų veikla",
        "evrk_subclass_code": "910420",
        "evrk_subclass_title": "Botanikos sodų veikla",
        "object_id": 255
      }
    },
    {
      "type": "Feature",
      "id": 256,
      "geometry": null,
      "properties": {
        "evrk_section_code": "R",
        "evrk_section_title": "Meninė, pramoginė ir poilsio organizavimo veikla",
        "evrk_chapter_code": "92",
        "evrk_chapter_title": "Azartinių žaidimų ir lažybų organizavimo veikla",
        "evrk_group_code": "920",
        "evrk_group_title": "Azartinių žaidimų ir lažybų organizavimo veikla",
        "evrk_class_code": "9200",
        "evrk_class_title": "Azartinių žaidimų ir lažybų organizavimo veikla",
        "evrk_subclass_code": "920000",
        "evrk_subclass_title": "Azartinių žaidimų ir lažybų organizavimo veikla",
        "object_id": 256
      }
    },
    {
      "type": "Feature",
      "id": 257,
      "geometry": null,
      "properties": {
        "evrk_section_code": "R",
        "evrk_section_title": "Meninė, pramoginė ir poilsio organizavimo veikla",
        "evrk_chapter_code": "92",
        "evrk_chapter_title": "Azartinių žaidimų ir lažybų organizavimo veikla",
        "evrk_group_code": "920",
        "evrk_group_title": "Azartinių žaidimų ir lažybų organizavimo veikla",
        "evrk_class_code": "9200",
        "evrk_class_title": "Azartinių žaidimų ir lažybų organizavimo veikla",
        "evrk_subclass_code": "920020",
        "evrk_subclass_title": "Azartinių lošimų ir lažybų organizavimo veikla",
        "object_id": 257
      }
    },
    {
      "type": "Feature",
      "id": 258,
      "geometry": null,
      "properties": {
        "evrk_section_code": "R",
        "evrk_section_title": "Meninė, pramoginė ir poilsio organizavimo veikla",
        "evrk_chapter_code": "93",
        "evrk_chapter_title": "Sportinė veikla, pramogų ir poilsio organizavimo veikla",
        "evrk_group_code": "930",
        "evrk_group_title": "Sportinė veikla, pramogų ir poilsio organizavimo veikla",
        "evrk_class_code": "9300",
        "evrk_class_title": "Sportinė veikla, pramogų ir poilsio organizavimo veikla",
        "evrk_subclass_code": "930000",
        "evrk_subclass_title": "Sportinė veikla, pramogų ir poilsio organizavimo veikla",
        "object_id": 258
      }
    },
    {
      "type": "Feature",
      "id": 259,
      "geometry": null,
      "properties": {
        "evrk_section_code": "R",
        "evrk_section_title": "Meninė, pramoginė ir poilsio organizavimo veikla",
        "evrk_chapter_code": "93",
        "evrk_chapter_title": "Sportinė veikla, pramogų ir poilsio organizavimo veikla",
        "evrk_group_code": "931",
        "evrk_group_title": "Sportinė veikla",
        "evrk_class_code": "9319",
        "evrk_class_title": "Kita sportinė veikla",
        "evrk_subclass_code": "931900",
        "evrk_subclass_title": "Kita sportinė veikla",
        "object_id": 259
      }
    },
    {
      "type": "Feature",
      "id": 260,
      "geometry": null,
      "properties": {
        "evrk_section_code": "R",
        "evrk_section_title": "Meninė, pramoginė ir poilsio organizavimo veikla",
        "evrk_chapter_code": "93",
        "evrk_chapter_title": "Sportinė veikla, pramogų ir poilsio organizavimo veikla",
        "evrk_group_code": "932",
        "evrk_group_title": "Pramogų ir poilsio organizavimo veikla",
        "evrk_class_code": "9321",
        "evrk_class_title": "Atrakcionų ir teminių parkų veikla",
        "evrk_subclass_code": "932100",
        "evrk_subclass_title": "Atrakcionų ir teminių parkų veikla",
        "object_id": 260
      }
    },
    {
      "type": "Feature",
      "id": 261,
      "geometry": null,
      "properties": {
        "evrk_section_code": "R",
        "evrk_section_title": "Meninė, pramoginė ir poilsio organizavimo veikla",
        "evrk_chapter_code": "93",
        "evrk_chapter_title": "Sportinė veikla, pramogų ir poilsio organizavimo veikla",
        "evrk_group_code": "932",
        "evrk_group_title": "Pramogų ir poilsio organizavimo veikla",
        "evrk_class_code": "9329",
        "evrk_class_title": "Kita pramogų ir poilsio organizavimo veikla",
        "evrk_subclass_code": "932900",
        "evrk_subclass_title": "Kita pramogų ir poilsio organizavimo veikla",
        "object_id": 261
      }
    },
    {
      "type": "Feature",
      "id": 262,
      "geometry": null,
      "properties": {
        "evrk_section_code": "S",
        "evrk_section_title": "Kita aptarnavimo veikla",
        "evrk_chapter_code": "94",
        "evrk_chapter_title": "Narystės organizacijų veikla",
        "evrk_group_code": "941",
        "evrk_group_title": "Verslininkų, darbdavių ir profesinių narystės organizacijų veikla",
        "evrk_class_code": "9411",
        "evrk_class_title": "Verslininkų ir darbdavių narystės organizacijų veikla",
        "evrk_subclass_code": "941100",
        "evrk_subclass_title": "Verslininkų ir darbdavių narystės organizacijų veikla",
        "object_id": 262
      }
    },
    {
      "type": "Feature",
      "id": 263,
      "geometry": null,
      "properties": {
        "evrk_section_code": "S",
        "evrk_section_title": "Kita aptarnavimo veikla",
        "evrk_chapter_code": "94",
        "evrk_chapter_title": "Narystės organizacijų veikla",
        "evrk_group_code": "949",
        "evrk_group_title": "Kitų narystės organizacijų veikla",
        "evrk_class_code": "9490",
        "evrk_class_title": "Kitų narystės organizacijų veikla",
        "evrk_subclass_code": "949000",
        "evrk_subclass_title": "Kitų narystės organizacijų veikla",
        "object_id": 263
      }
    },
    {
      "type": "Feature",
      "id": 264,
      "geometry": null,
      "properties": {
        "evrk_section_code": "S",
        "evrk_section_title": "Kita aptarnavimo veikla",
        "evrk_chapter_code": "94",
        "evrk_chapter_title": "Narystės organizacijų veikla",
        "evrk_group_code": "949",
        "evrk_group_title": "Kitų narystės organizacijų veikla",
        "evrk_class_code": "9491",
        "evrk_class_title": "Religinių organizacijų veikla",
        "evrk_subclass_code": "949110",
        "evrk_subclass_title": "Religinių bendrijų veikla",
        "object_id": 264
      }
    },
    {
      "type": "Feature",
      "id": 265,
      "geometry": null,
      "properties": {
        "evrk_section_code": "S",
        "evrk_section_title": "Kita aptarnavimo veikla",
        "evrk_chapter_code": "95",
        "evrk_chapter_title": "Kompiuterių ir asmeninių bei namų ūkio reikmenų taisymas",
        "evrk_group_code": "950",
        "evrk_group_title": "Kompiuterių ir asmeninių bei namų ūkio reikmenų taisymas",
        "evrk_class_code": "9500",
        "evrk_class_title": "Kompiuterių ir asmeninių bei namų ūkio reikmenų taisymas",
        "evrk_subclass_code": "950000",
        "evrk_subclass_title": "Kompiuterių ir asmeninių bei namų ūkio reikmenų taisymas",
        "object_id": 265
      }
    },
    {
      "type": "Feature",
      "id": 266,
      "geometry": null,
      "properties": {
        "evrk_section_code": "S",
        "evrk_section_title": "Kita aptarnavimo veikla",
        "evrk_chapter_code": "95",
        "evrk_chapter_title": "Kompiuterių ir asmeninių bei namų ūkio reikmenų taisymas",
        "evrk_group_code": "951",
        "evrk_group_title": "Kompiuterių ir ryšių įrangos remontas",
        "evrk_class_code": "9510",
        "evrk_class_title": "Kompiuterių ir ryšių įrangos remontas",
        "evrk_subclass_code": "951000",
        "evrk_subclass_title": "Kompiuterių ir ryšių įrangos remontas",
        "object_id": 266
      }
    },
    {
      "type": "Feature",
      "id": 267,
      "geometry": null,
      "properties": {
        "evrk_section_code": "S",
        "evrk_section_title": "Kita aptarnavimo veikla",
        "evrk_chapter_code": "96",
        "evrk_chapter_title": "Kita asmenų aptarnavimo veikla",
        "evrk_group_code": "960",
        "evrk_group_title": "Kita asmenų aptarnavimo veikla",
        "evrk_class_code": "9604",
        "evrk_class_title": "Fizinės gerovės užtikrinimo veikla",
        "evrk_subclass_code": "960400",
        "evrk_subclass_title": "Fizinės gerovės užtikrinimo veikla",
        "object_id": 267
      }
    },
    {
      "type": "Feature",
      "id": 268,
      "geometry": null,
      "properties": {
        "evrk_section_code": "A",
        "evrk_section_title": "Žemės ūkis, miškininkystė ir žuvininkystė",
        "evrk_chapter_code": "01",
        "evrk_chapter_title": "Augalininkystė ir gyvulininkystė, medžioklė ir susijusių paslaugų veikla",
        "evrk_group_code": "011",
        "evrk_group_title": "Vienmečių augalų auginimas",
        "evrk_class_code": "0112",
        "evrk_class_title": "Ryžių auginimas",
        "evrk_subclass_code": "011200",
        "evrk_subclass_title": "Ryžių auginimas",
        "object_id": 268
      }
    },
    {
      "type": "Feature",
      "id": 269,
      "geometry": null,
      "properties": {
        "evrk_section_code": "A",
        "evrk_section_title": "Žemės ūkis, miškininkystė ir žuvininkystė",
        "evrk_chapter_code": "01",
        "evrk_chapter_title": "Augalininkystė ir gyvulininkystė, medžioklė ir susijusių paslaugų veikla",
        "evrk_group_code": "011",
        "evrk_group_title": "Vienmečių augalų auginimas",
        "evrk_class_code": "0113",
        "evrk_class_title": "Daržovių ir melionų, šakniavaisių ir gumbavaisių auginimas",
        "evrk_subclass_code": "011340",
        "evrk_subclass_title": "Daržovių auginimas uždarame grunte",
        "object_id": 269
      }
    },
    {
      "type": "Feature",
      "id": 270,
      "geometry": null,
      "properties": {
        "evrk_section_code": "A",
        "evrk_section_title": "Žemės ūkis, miškininkystė ir žuvininkystė",
        "evrk_chapter_code": "01",
        "evrk_chapter_title": "Augalininkystė ir gyvulininkystė, medžioklė ir susijusių paslaugų veikla",
        "evrk_group_code": "011",
        "evrk_group_title": "Vienmečių augalų auginimas",
        "evrk_class_code": "0115",
        "evrk_class_title": "Tabako auginimas",
        "evrk_subclass_code": "011500",
        "evrk_subclass_title": "Tabako auginimas",
        "object_id": 270
      }
    },
    {
      "type": "Feature",
      "id": 271,
      "geometry": null,
      "properties": {
        "evrk_section_code": "A",
        "evrk_section_title": "Žemės ūkis, miškininkystė ir žuvininkystė",
        "evrk_chapter_code": "01",
        "evrk_chapter_title": "Augalininkystė ir gyvulininkystė, medžioklė ir susijusių paslaugų veikla",
        "evrk_group_code": "012",
        "evrk_group_title": "Daugiamečių augalų auginimas",
        "evrk_class_code": "0121",
        "evrk_class_title": "Vynuogių auginimas",
        "evrk_subclass_code": "012100",
        "evrk_subclass_title": "Vynuogių auginimas",
        "object_id": 271
      }
    },
    {
      "type": "Feature",
      "id": 272,
      "geometry": null,
      "properties": {
        "evrk_section_code": "A",
        "evrk_section_title": "Žemės ūkis, miškininkystė ir žuvininkystė",
        "evrk_chapter_code": "01",
        "evrk_chapter_title": "Augalininkystė ir gyvulininkystė, medžioklė ir susijusių paslaugų veikla",
        "evrk_group_code": "012",
        "evrk_group_title": "Daugiamečių augalų auginimas",
        "evrk_class_code": "0125",
        "evrk_class_title": "Kitų vaismedžių, uogakrūmių ir riešutmedžių vaisių auginimas",
        "evrk_subclass_code": "012500",
        "evrk_subclass_title": "Kitų vaismedžių, uogakrūmių ir riešutmedžių vaisių auginimas",
        "object_id": 272
      }
    },
    {
      "type": "Feature",
      "id": 273,
      "geometry": null,
      "properties": {
        "evrk_section_code": "A",
        "evrk_section_title": "Žemės ūkis, miškininkystė ir žuvininkystė",
        "evrk_chapter_code": "01",
        "evrk_chapter_title": "Augalininkystė ir gyvulininkystė, medžioklė ir susijusių paslaugų veikla",
        "evrk_group_code": "012",
        "evrk_group_title": "Daugiamečių augalų auginimas",
        "evrk_class_code": "0129",
        "evrk_class_title": "Kitų daugiamečių augalų auginimas",
        "evrk_subclass_code": "012900",
        "evrk_subclass_title": "Kitų daugiamečių augalų auginimas",
        "object_id": 273
      }
    },
    {
      "type": "Feature",
      "id": 274,
      "geometry": null,
      "properties": {
        "evrk_section_code": "A",
        "evrk_section_title": "Žemės ūkis, miškininkystė ir žuvininkystė",
        "evrk_chapter_code": "01",
        "evrk_chapter_title": "Augalininkystė ir gyvulininkystė, medžioklė ir susijusių paslaugų veikla",
        "evrk_group_code": "014",
        "evrk_group_title": "Gyvulininkystė",
        "evrk_class_code": "0141",
        "evrk_class_title": "Pieninių galvijų auginimas",
        "evrk_subclass_code": "014100",
        "evrk_subclass_title": "Pieninių galvijų auginimas",
        "object_id": 274
      }
    },
    {
      "type": "Feature",
      "id": 275,
      "geometry": null,
      "properties": {
        "evrk_section_code": "A",
        "evrk_section_title": "Žemės ūkis, miškininkystė ir žuvininkystė",
        "evrk_chapter_code": "01",
        "evrk_chapter_title": "Augalininkystė ir gyvulininkystė, medžioklė ir susijusių paslaugų veikla",
        "evrk_group_code": "014",
        "evrk_group_title": "Gyvulininkystė",
        "evrk_class_code": "0144",
        "evrk_class_title": "Kupranugarių ir Camelidae šeimos gyvūnų auginimas",
        "evrk_subclass_code": "014400",
        "evrk_subclass_title": "Kupranugarių ir Camelidae šeimos gyvūnų auginimas",
        "object_id": 275
      }
    },
    {
      "type": "Feature",
      "id": 276,
      "geometry": null,
      "properties": {
        "evrk_section_code": "A",
        "evrk_section_title": "Žemės ūkis, miškininkystė ir žuvininkystė",
        "evrk_chapter_code": "01",
        "evrk_chapter_title": "Augalininkystė ir gyvulininkystė, medžioklė ir susijusių paslaugų veikla",
        "evrk_group_code": "014",
        "evrk_group_title": "Gyvulininkystė",
        "evrk_class_code": "0145",
        "evrk_class_title": "Avių ir ožkų auginimas",
        "evrk_subclass_code": "014510",
        "evrk_subclass_title": "Avių auginimas",
        "object_id": 276
      }
    },
    {
      "type": "Feature",
      "id": 277,
      "geometry": null,
      "properties": {
        "evrk_section_code": "A",
        "evrk_section_title": "Žemės ūkis, miškininkystė ir žuvininkystė",
        "evrk_chapter_code": "01",
        "evrk_chapter_title": "Augalininkystė ir gyvulininkystė, medžioklė ir susijusių paslaugų veikla",
        "evrk_group_code": "014",
        "evrk_group_title": "Gyvulininkystė",
        "evrk_class_code": "0145",
        "evrk_class_title": "Avių ir ožkų auginimas",
        "evrk_subclass_code": "014520",
        "evrk_subclass_title": "Ožkų auginimas",
        "object_id": 277
      }
    },
    {
      "type": "Feature",
      "id": 278,
      "geometry": null,
      "properties": {
        "evrk_section_code": "A",
        "evrk_section_title": "Žemės ūkis, miškininkystė ir žuvininkystė",
        "evrk_chapter_code": "01",
        "evrk_chapter_title": "Augalininkystė ir gyvulininkystė, medžioklė ir susijusių paslaugų veikla",
        "evrk_group_code": "014",
        "evrk_group_title": "Gyvulininkystė",
        "evrk_class_code": "0146",
        "evrk_class_title": "Kiaulių auginimas",
        "evrk_subclass_code": "014610",
        "evrk_subclass_title": "Kiaulių auginimas ir penėjimas mėsai",
        "object_id": 278
      }
    },
    {
      "type": "Feature",
      "id": 279,
      "geometry": null,
      "properties": {
        "evrk_section_code": "A",
        "evrk_section_title": "Žemės ūkis, miškininkystė ir žuvininkystė",
        "evrk_chapter_code": "01",
        "evrk_chapter_title": "Augalininkystė ir gyvulininkystė, medžioklė ir susijusių paslaugų veikla",
        "evrk_group_code": "014",
        "evrk_group_title": "Gyvulininkystė",
        "evrk_class_code": "0147",
        "evrk_class_title": "Naminių paukščių auginimas",
        "evrk_subclass_code": "014710",
        "evrk_subclass_title": "Naminių paukščių auginimas mėsai ir kiaušinių gavybai",
        "object_id": 279
      }
    },
    {
      "type": "Feature",
      "id": 280,
      "geometry": null,
      "properties": {
        "evrk_section_code": "A",
        "evrk_section_title": "Žemės ūkis, miškininkystė ir žuvininkystė",
        "evrk_chapter_code": "01",
        "evrk_chapter_title": "Augalininkystė ir gyvulininkystė, medžioklė ir susijusių paslaugų veikla",
        "evrk_group_code": "014",
        "evrk_group_title": "Gyvulininkystė",
        "evrk_class_code": "0149",
        "evrk_class_title": "Kitų gyvūnų auginimas",
        "evrk_subclass_code": "014900",
        "evrk_subclass_title": "Kitų gyvūnų auginimas",
        "object_id": 280
      }
    },
    {
      "type": "Feature",
      "id": 281,
      "geometry": null,
      "properties": {
        "evrk_section_code": "A",
        "evrk_section_title": "Žemės ūkis, miškininkystė ir žuvininkystė",
        "evrk_chapter_code": "01",
        "evrk_chapter_title": "Augalininkystė ir gyvulininkystė, medžioklė ir susijusių paslaugų veikla",
        "evrk_group_code": "016",
        "evrk_group_title": "Žemės ūkiui būdingų paslaugų ir derliaus apdorojimo veikla",
        "evrk_class_code": "0162",
        "evrk_class_title": "Gyvulininkystei būdingų paslaugų veikla",
        "evrk_subclass_code": "016200",
        "evrk_subclass_title": "Gyvulininkystei būdingų paslaugų veikla",
        "object_id": 281
      }
    },
    {
      "type": "Feature",
      "id": 282,
      "geometry": null,
      "properties": {
        "evrk_section_code": "A",
        "evrk_section_title": "Žemės ūkis, miškininkystė ir žuvininkystė",
        "evrk_chapter_code": "02",
        "evrk_chapter_title": "Miškininkystė ir medienos ruoša",
        "evrk_group_code": "023",
        "evrk_group_title": "Laukinių nemedieninių produktų rinkimas",
        "evrk_class_code": "0230",
        "evrk_class_title": "Laukinių nemedieninių produktų rinkimas",
        "evrk_subclass_code": "023000",
        "evrk_subclass_title": "Laukinių nemedieninių produktų rinkimas",
        "object_id": 282
      }
    },
    {
      "type": "Feature",
      "id": 283,
      "geometry": null,
      "properties": {
        "evrk_section_code": "A",
        "evrk_section_title": "Žemės ūkis, miškininkystė ir žuvininkystė",
        "evrk_chapter_code": "03",
        "evrk_chapter_title": "Žvejyba ir akvakultūra",
        "evrk_group_code": "030",
        "evrk_group_title": "Žvejyba ir akvakultūra",
        "evrk_class_code": "0300",
        "evrk_class_title": "Žvejyba ir akvakultūra",
        "evrk_subclass_code": "030000",
        "evrk_subclass_title": "Žvejyba ir akvakultūra",
        "object_id": 283
      }
    },
    {
      "type": "Feature",
      "id": 284,
      "geometry": null,
      "properties": {
        "evrk_section_code": "A",
        "evrk_section_title": "Žemės ūkis, miškininkystė ir žuvininkystė",
        "evrk_chapter_code": "03",
        "evrk_chapter_title": "Žvejyba ir akvakultūra",
        "evrk_group_code": "032",
        "evrk_group_title": "Akvakultūra",
        "evrk_class_code": "0320",
        "evrk_class_title": "Akvakultūra",
        "evrk_subclass_code": "032000",
        "evrk_subclass_title": "Akvakultūra",
        "object_id": 284
      }
    },
    {
      "type": "Feature",
      "id": 285,
      "geometry": null,
      "properties": {
        "evrk_section_code": "B",
        "evrk_section_title": "Kasyba ir karjerų eksploatavimas",
        "evrk_chapter_code": "07",
        "evrk_chapter_title": "Metalų rūdų kasyba",
        "evrk_group_code": "070",
        "evrk_group_title": "Metalų rūdų kasyba",
        "evrk_class_code": "0700",
        "evrk_class_title": "Metalų rūdų kasyba",
        "evrk_subclass_code": "070000",
        "evrk_subclass_title": "Metalų rūdų kasyba",
        "object_id": 285
      }
    },
    {
      "type": "Feature",
      "id": 286,
      "geometry": null,
      "properties": {
        "evrk_section_code": "B",
        "evrk_section_title": "Kasyba ir karjerų eksploatavimas",
        "evrk_chapter_code": "07",
        "evrk_chapter_title": "Metalų rūdų kasyba",
        "evrk_group_code": "072",
        "evrk_group_title": "Spalvotųjų metalų rūdų kasyba",
        "evrk_class_code": "0720",
        "evrk_class_title": "Spalvotųjų metalų rūdų kasyba",
        "evrk_subclass_code": "072000",
        "evrk_subclass_title": "Spalvotųjų metalų rūdų kasyba",
        "object_id": 286
      }
    },
    {
      "type": "Feature",
      "id": 287,
      "geometry": null,
      "properties": {
        "evrk_section_code": "B",
        "evrk_section_title": "Kasyba ir karjerų eksploatavimas",
        "evrk_chapter_code": "07",
        "evrk_chapter_title": "Metalų rūdų kasyba",
        "evrk_group_code": "072",
        "evrk_group_title": "Spalvotųjų metalų rūdų kasyba",
        "evrk_class_code": "0729",
        "evrk_class_title": "Kitų spalvotųjų metalų rūdų kasyba",
        "evrk_subclass_code": "072900",
        "evrk_subclass_title": "Kitų spalvotųjų metalų rūdų kasyba",
        "object_id": 287
      }
    },
    {
      "type": "Feature",
      "id": 288,
      "geometry": null,
      "properties": {
        "evrk_section_code": "B",
        "evrk_section_title": "Kasyba ir karjerų eksploatavimas",
        "evrk_chapter_code": "08",
        "evrk_chapter_title": "Kita kasyba ir karjerų eksploatavimas",
        "evrk_group_code": "080",
        "evrk_group_title": "Kita kasyba ir karjerų eksploatavimas",
        "evrk_class_code": "0800",
        "evrk_class_title": "Kita kasyba ir karjerų eksploatavimas",
        "evrk_subclass_code": "080000",
        "evrk_subclass_title": "Kita kasyba ir karjerų eksploatavimas",
        "object_id": 288
      }
    },
    {
      "type": "Feature",
      "id": 289,
      "geometry": null,
      "properties": {
        "evrk_section_code": "A",
        "evrk_section_title": "Žemės ūkis, miškininkystė ir žuvininkystė",
        "evrk_chapter_code": "03",
        "evrk_chapter_title": "Žvejyba ir akvakultūra",
        "evrk_group_code": "031",
        "evrk_group_title": "Žvejyba",
        "evrk_class_code": "0310",
        "evrk_class_title": "Žvejyba",
        "evrk_subclass_code": "031000",
        "evrk_subclass_title": "Žvejyba",
        "object_id": 289
      }
    },
    {
      "type": "Feature",
      "id": 290,
      "geometry": null,
      "properties": {
        "evrk_section_code": "B",
        "evrk_section_title": "Kasyba ir karjerų eksploatavimas",
        "evrk_chapter_code": "08",
        "evrk_chapter_title": "Kita kasyba ir karjerų eksploatavimas",
        "evrk_group_code": "081",
        "evrk_group_title": "Akmens, smėlio ir molio karjerų eksploatavimas",
        "evrk_class_code": "0812",
        "evrk_class_title": "Smėlio ir žvyro karjerų eksploatavimas; molio ir kaolino kasyba",
        "evrk_subclass_code": "081200",
        "evrk_subclass_title": "Smėlio ir žvyro karjerų eksploatavimas; molio ir kaolino kasyba",
        "object_id": 290
      }
    },
    {
      "type": "Feature",
      "id": 291,
      "geometry": null,
      "properties": {
        "evrk_section_code": "B",
        "evrk_section_title": "Kasyba ir karjerų eksploatavimas",
        "evrk_chapter_code": "08",
        "evrk_chapter_title": "Kita kasyba ir karjerų eksploatavimas",
        "evrk_group_code": "089",
        "evrk_group_title": "Niekur kitur nepriskirta kasyba ir karjerų eksploatavimas",
        "evrk_class_code": "0890",
        "evrk_class_title": "Niekur kitur nepriskirta kasyba ir karjerų eksploatavimas",
        "evrk_subclass_code": "089000",
        "evrk_subclass_title": "Niekur kitur nepriskirta kasyba ir karjerų eksploatavimas",
        "object_id": 291
      }
    },
    {
      "type": "Feature",
      "id": 292,
      "geometry": null,
      "properties": {
        "evrk_section_code": "C",
        "evrk_section_title": "Apdirbamoji gamyba",
        "evrk_chapter_code": "10",
        "evrk_chapter_title": "Maisto produktų gamyba",
        "evrk_group_code": "100",
        "evrk_group_title": "Maisto produktų gamyba",
        "evrk_class_code": "1000",
        "evrk_class_title": "Maisto produktų gamyba",
        "evrk_subclass_code": "100000",
        "evrk_subclass_title": "Maisto produktų gamyba",
        "object_id": 292
      }
    },
    {
      "type": "Feature",
      "id": 293,
      "geometry": null,
      "properties": {
        "evrk_section_code": "C",
        "evrk_section_title": "Apdirbamoji gamyba",
        "evrk_chapter_code": "10",
        "evrk_chapter_title": "Maisto produktų gamyba",
        "evrk_group_code": "103",
        "evrk_group_title": "Vaisių ir daržovių perdirbimas ir konservavimas",
        "evrk_class_code": "1032",
        "evrk_class_title": "Vaisių, uogų ir daržovių sulčių gamyba",
        "evrk_subclass_code": "103200",
        "evrk_subclass_title": "Vaisių, uogų ir daržovių sulčių gamyba",
        "object_id": 293
      }
    },
    {
      "type": "Feature",
      "id": 294,
      "geometry": null,
      "properties": {
        "evrk_section_code": "C",
        "evrk_section_title": "Apdirbamoji gamyba",
        "evrk_chapter_code": "10",
        "evrk_chapter_title": "Maisto produktų gamyba",
        "evrk_group_code": "105",
        "evrk_group_title": "Pieno produktų gamyba",
        "evrk_class_code": "1050",
        "evrk_class_title": "Pieno produktų gamyba",
        "evrk_subclass_code": "105000",
        "evrk_subclass_title": "Pieno produktų gamyba",
        "object_id": 294
      }
    },
    {
      "type": "Feature",
      "id": 295,
      "geometry": null,
      "properties": {
        "evrk_section_code": "C",
        "evrk_section_title": "Apdirbamoji gamyba",
        "evrk_chapter_code": "10",
        "evrk_chapter_title": "Maisto produktų gamyba",
        "evrk_group_code": "106",
        "evrk_group_title": "Grūdų malimo produktų, krakmolo ir krakmolo produktų gamyba",
        "evrk_class_code": "1061",
        "evrk_class_title": "Grūdų malimo produktų gamyba",
        "evrk_subclass_code": "106100",
        "evrk_subclass_title": "Grūdų malimo produktų gamyba",
        "object_id": 295
      }
    },
    {
      "type": "Feature",
      "id": 296,
      "geometry": null,
      "properties": {
        "evrk_section_code": "C",
        "evrk_section_title": "Apdirbamoji gamyba",
        "evrk_chapter_code": "10",
        "evrk_chapter_title": "Maisto produktų gamyba",
        "evrk_group_code": "108",
        "evrk_group_title": "Kitų maisto produktų gamyba",
        "evrk_class_code": "1081",
        "evrk_class_title": "Cukraus gamyba",
        "evrk_subclass_code": "108100",
        "evrk_subclass_title": "Cukraus gamyba",
        "object_id": 296
      }
    },
    {
      "type": "Feature",
      "id": 297,
      "geometry": null,
      "properties": {
        "evrk_section_code": "C",
        "evrk_section_title": "Apdirbamoji gamyba",
        "evrk_chapter_code": "10",
        "evrk_chapter_title": "Maisto produktų gamyba",
        "evrk_group_code": "108",
        "evrk_group_title": "Kitų maisto produktų gamyba",
        "evrk_class_code": "1085",
        "evrk_class_title": "Paruoštų valgių ir patiekalų gamyba",
        "evrk_subclass_code": "108500",
        "evrk_subclass_title": "Paruoštų valgių ir patiekalų gamyba",
        "object_id": 297
      }
    },
    {
      "type": "Feature",
      "id": 298,
      "geometry": null,
      "properties": {
        "evrk_section_code": "C",
        "evrk_section_title": "Apdirbamoji gamyba",
        "evrk_chapter_code": "10",
        "evrk_chapter_title": "Maisto produktų gamyba",
        "evrk_group_code": "109",
        "evrk_group_title": "Paruoštų pašarų gyvuliams gamyba",
        "evrk_class_code": "1091",
        "evrk_class_title": "Paruoštų pašarų ūkio gyvuliams gamyba",
        "evrk_subclass_code": "109100",
        "evrk_subclass_title": "Paruoštų pašarų ūkio gyvuliams gamyba",
        "object_id": 298
      }
    },
    {
      "type": "Feature",
      "id": 299,
      "geometry": null,
      "properties": {
        "evrk_section_code": "C",
        "evrk_section_title": "Apdirbamoji gamyba",
        "evrk_chapter_code": "11",
        "evrk_chapter_title": "Gėrimų gamyba",
        "evrk_group_code": "110",
        "evrk_group_title": "Gėrimų gamyba",
        "evrk_class_code": "1107",
        "evrk_class_title": "Nealkoholinių gėrimų gamyba; mineralinio ir kito, pilstomo į butelius, vandens gamyba",
        "evrk_subclass_code": "110700",
        "evrk_subclass_title": "Nealkoholinių gėrimų gamyba; mineralinio ir kito, pilstomo į butelius, vandens gamyba",
        "object_id": 299
      }
    },
    {
      "type": "Feature",
      "id": 300,
      "geometry": null,
      "properties": {
        "evrk_section_code": "C",
        "evrk_section_title": "Apdirbamoji gamyba",
        "evrk_chapter_code": "13",
        "evrk_chapter_title": "Tekstilės gaminių gamyba",
        "evrk_group_code": "131",
        "evrk_group_title": "Tekstilės pluoštų paruošimas ir verpimas",
        "evrk_class_code": "1310",
        "evrk_class_title": "Tekstilės pluoštų paruošimas ir verpimas",
        "evrk_subclass_code": "131000",
        "evrk_subclass_title": "Tekstilės pluoštų paruošimas ir verpimas",
        "object_id": 300
      }
    },
    {
      "type": "Feature",
      "id": 301,
      "geometry": null,
      "properties": {
        "evrk_section_code": "C",
        "evrk_section_title": "Apdirbamoji gamyba",
        "evrk_chapter_code": "13",
        "evrk_chapter_title": "Tekstilės gaminių gamyba",
        "evrk_group_code": "132",
        "evrk_group_title": "Tekstilės audimas",
        "evrk_class_code": "1320",
        "evrk_class_title": "Tekstilės audimas",
        "evrk_subclass_code": "132010",
        "evrk_subclass_title": "Lininių audinių audimas",
        "object_id": 301
      }
    },
    {
      "type": "Feature",
      "id": 302,
      "geometry": null,
      "properties": {
        "evrk_section_code": "C",
        "evrk_section_title": "Apdirbamoji gamyba",
        "evrk_chapter_code": "13",
        "evrk_chapter_title": "Tekstilės gaminių gamyba",
        "evrk_group_code": "133",
        "evrk_group_title": "Tekstilės apdaila",
        "evrk_class_code": "1330",
        "evrk_class_title": "Tekstilės apdaila",
        "evrk_subclass_code": "133000",
        "evrk_subclass_title": "Tekstilės apdaila",
        "object_id": 302
      }
    },
    {
      "type": "Feature",
      "id": 303,
      "geometry": null,
      "properties": {
        "evrk_section_code": "C",
        "evrk_section_title": "Apdirbamoji gamyba",
        "evrk_chapter_code": "13",
        "evrk_chapter_title": "Tekstilės gaminių gamyba",
        "evrk_group_code": "139",
        "evrk_group_title": "Kitų tekstilės gaminių ir dirbinių gamyba",
        "evrk_class_code": "1393",
        "evrk_class_title": "Kilimų ir kilimėlių gamyba",
        "evrk_subclass_code": "139300",
        "evrk_subclass_title": "Kilimų ir kilimėlių gamyba",
        "object_id": 303
      }
    },
    {
      "type": "Feature",
      "id": 304,
      "geometry": null,
      "properties": {
        "evrk_section_code": "C",
        "evrk_section_title": "Apdirbamoji gamyba",
        "evrk_chapter_code": "14",
        "evrk_chapter_title": "Drabužių siuvimas (gamyba)",
        "evrk_group_code": "141",
        "evrk_group_title": "Drabužių, išskyrus kailinius drabužius, siuvimas (gamyba)",
        "evrk_class_code": "1410",
        "evrk_class_title": "Drabužių, išskyrus kailinius drabužius, siuvimas (gamyba)",
        "evrk_subclass_code": "141000",
        "evrk_subclass_title": "Drabužių, išskyrus kailinius drabužius, siuvimas (gamyba)",
        "object_id": 304
      }
    },
    {
      "type": "Feature",
      "id": 305,
      "geometry": null,
      "properties": {
        "evrk_section_code": "C",
        "evrk_section_title": "Apdirbamoji gamyba",
        "evrk_chapter_code": "14",
        "evrk_chapter_title": "Drabužių siuvimas (gamyba)",
        "evrk_group_code": "141",
        "evrk_group_title": "Drabužių, išskyrus kailinius drabužius, siuvimas (gamyba)",
        "evrk_class_code": "1413",
        "evrk_class_title": "Kitų viršutinių drabužių siuvimas",
        "evrk_subclass_code": "141320",
        "evrk_subclass_title": "Moteriškų viršutinių drabužių siuvimas",
        "object_id": 305
      }
    },
    {
      "type": "Feature",
      "id": 306,
      "geometry": null,
      "properties": {
        "evrk_section_code": "C",
        "evrk_section_title": "Apdirbamoji gamyba",
        "evrk_chapter_code": "16",
        "evrk_chapter_title": "Medienos bei medienos ir kamštienos gaminių, išskyrus baldus, gamyba; gaminių iš šiaudų ir pynimo medžiagų gamyba",
        "evrk_group_code": "162",
        "evrk_group_title": "Gaminių ir dirbinių iš medienos, kamštienos, šiaudų ir pynimo medžiagų gamyba",
        "evrk_class_code": "1620",
        "evrk_class_title": "Gaminių ir dirbinių iš medienos, kamštienos, šiaudų ir pynimo medžiagų gamyba",
        "evrk_subclass_code": "162000",
        "evrk_subclass_title": "Gaminių ir dirbinių iš medienos, kamštienos, šiaudų ir pynimo medžiagų gamyba",
        "object_id": 306
      }
    },
    {
      "type": "Feature",
      "id": 307,
      "geometry": null,
      "properties": {
        "evrk_section_code": "C",
        "evrk_section_title": "Apdirbamoji gamyba",
        "evrk_chapter_code": "16",
        "evrk_chapter_title": "Medienos bei medienos ir kamštienos gaminių, išskyrus baldus, gamyba; gaminių iš šiaudų ir pynimo medžiagų gamyba",
        "evrk_group_code": "162",
        "evrk_group_title": "Gaminių ir dirbinių iš medienos, kamštienos, šiaudų ir pynimo medžiagų gamyba",
        "evrk_class_code": "1621",
        "evrk_class_title": "Faneravimo dangos ir medienos plokščių gamyba",
        "evrk_subclass_code": "162100",
        "evrk_subclass_title": "Faneravimo dangos ir medienos plokščių gamyba",
        "object_id": 307
      }
    },
    {
      "type": "Feature",
      "id": 308,
      "geometry": null,
      "properties": {
        "evrk_section_code": "C",
        "evrk_section_title": "Apdirbamoji gamyba",
        "evrk_chapter_code": "16",
        "evrk_chapter_title": "Medienos bei medienos ir kamštienos gaminių, išskyrus baldus, gamyba; gaminių iš šiaudų ir pynimo medžiagų gamyba",
        "evrk_group_code": "162",
        "evrk_group_title": "Gaminių ir dirbinių iš medienos, kamštienos, šiaudų ir pynimo medžiagų gamyba",
        "evrk_class_code": "1621",
        "evrk_class_title": "Faneravimo dangos ir medienos plokščių gamyba",
        "evrk_subclass_code": "162120",
        "evrk_subclass_title": "Presuotos medienos gamyba",
        "object_id": 308
      }
    },
    {
      "type": "Feature",
      "id": 309,
      "geometry": null,
      "properties": {
        "evrk_section_code": "C",
        "evrk_section_title": "Apdirbamoji gamyba",
        "evrk_chapter_code": "16",
        "evrk_chapter_title": "Medienos bei medienos ir kamštienos gaminių, išskyrus baldus, gamyba; gaminių iš šiaudų ir pynimo medžiagų gamyba",
        "evrk_group_code": "162",
        "evrk_group_title": "Gaminių ir dirbinių iš medienos, kamštienos, šiaudų ir pynimo medžiagų gamyba",
        "evrk_class_code": "1629",
        "evrk_class_title": "Kitų medienos gaminių gamyba; dirbinių iš kamštienos, šiaudų ir pynimo medžiagų gamyba",
        "evrk_subclass_code": "162900",
        "evrk_subclass_title": "Kitų medienos gaminių gamyba; dirbinių iš kamštienos, šiaudų ir pynimo medžiagų gamyba",
        "object_id": 309
      }
    },
    {
      "type": "Feature",
      "id": 310,
      "geometry": null,
      "properties": {
        "evrk_section_code": "C",
        "evrk_section_title": "Apdirbamoji gamyba",
        "evrk_chapter_code": "17",
        "evrk_chapter_title": "Popieriaus ir popieriaus gaminių gamyba",
        "evrk_group_code": "172",
        "evrk_group_title": "Popieriaus ir kartoninių gaminių gamyba",
        "evrk_class_code": "1720",
        "evrk_class_title": "Popieriaus ir kartoninių gaminių gamyba",
        "evrk_subclass_code": "172000",
        "evrk_subclass_title": "Popieriaus ir kartoninių gaminių gamyba",
        "object_id": 310
      }
    },
    {
      "type": "Feature",
      "id": 311,
      "geometry": null,
      "properties": {
        "evrk_section_code": "C",
        "evrk_section_title": "Apdirbamoji gamyba",
        "evrk_chapter_code": "17",
        "evrk_chapter_title": "Popieriaus ir popieriaus gaminių gamyba",
        "evrk_group_code": "172",
        "evrk_group_title": "Popieriaus ir kartoninių gaminių gamyba",
        "evrk_class_code": "1721",
        "evrk_class_title": "Gofruotojo popieriaus ir kartono bei taros iš popieriaus ir kartono gamyba",
        "evrk_subclass_code": "172100",
        "evrk_subclass_title": "Gofruotojo popieriaus ir kartono bei taros iš popieriaus ir kartono gamyba",
        "object_id": 311
      }
    },
    {
      "type": "Feature",
      "id": 312,
      "geometry": null,
      "properties": {
        "evrk_section_code": "C",
        "evrk_section_title": "Apdirbamoji gamyba",
        "evrk_chapter_code": "17",
        "evrk_chapter_title": "Popieriaus ir popieriaus gaminių gamyba",
        "evrk_group_code": "172",
        "evrk_group_title": "Popieriaus ir kartoninių gaminių gamyba",
        "evrk_class_code": "1723",
        "evrk_class_title": "Popierinių raštinės reikmenų gamyba",
        "evrk_subclass_code": "172300",
        "evrk_subclass_title": "Popierinių raštinės reikmenų gamyba",
        "object_id": 312
      }
    },
    {
      "type": "Feature",
      "id": 313,
      "geometry": null,
      "properties": {
        "evrk_section_code": "C",
        "evrk_section_title": "Apdirbamoji gamyba",
        "evrk_chapter_code": "17",
        "evrk_chapter_title": "Popieriaus ir popieriaus gaminių gamyba",
        "evrk_group_code": "172",
        "evrk_group_title": "Popieriaus ir kartoninių gaminių gamyba",
        "evrk_class_code": "1729",
        "evrk_class_title": "Kitų popierinių ir kartoninių gaminių gamyba",
        "evrk_subclass_code": "172900",
        "evrk_subclass_title": "Kitų popierinių ir kartoninių gaminių gamyba",
        "object_id": 313
      }
    },
    {
      "type": "Feature",
      "id": 314,
      "geometry": null,
      "properties": {
        "evrk_section_code": "C",
        "evrk_section_title": "Apdirbamoji gamyba",
        "evrk_chapter_code": "18",
        "evrk_chapter_title": "Spausdinimas ir įrašytų laikmenų tiražavimas",
        "evrk_group_code": "181",
        "evrk_group_title": "Spausdinimas ir su spausdinimu susijusios paslaugos",
        "evrk_class_code": "1810",
        "evrk_class_title": "Spausdinimas ir su spausdinimu susijusios paslaugos",
        "evrk_subclass_code": "181000",
        "evrk_subclass_title": "Spausdinimas ir su spausdinimu susijusios paslaugos",
        "object_id": 314
      }
    },
    {
      "type": "Feature",
      "id": 315,
      "geometry": null,
      "properties": {
        "evrk_section_code": "C",
        "evrk_section_title": "Apdirbamoji gamyba",
        "evrk_chapter_code": "18",
        "evrk_chapter_title": "Spausdinimas ir įrašytų laikmenų tiražavimas",
        "evrk_group_code": "181",
        "evrk_group_title": "Spausdinimas ir su spausdinimu susijusios paslaugos",
        "evrk_class_code": "1814",
        "evrk_class_title": "Įrišimas ir susijusios paslaugos",
        "evrk_subclass_code": "181400",
        "evrk_subclass_title": "Įrišimas ir susijusios paslaugos",
        "object_id": 315
      }
    },
    {
      "type": "Feature",
      "id": 316,
      "geometry": null,
      "properties": {
        "evrk_section_code": "C",
        "evrk_section_title": "Apdirbamoji gamyba",
        "evrk_chapter_code": "19",
        "evrk_chapter_title": "Kokso ir rafinuotų naftos produktų gamyba",
        "evrk_group_code": "190",
        "evrk_group_title": "Kokso ir rafinuotų naftos produktų gamyba",
        "evrk_class_code": "1900",
        "evrk_class_title": "Kokso ir rafinuotų naftos produktų gamyba",
        "evrk_subclass_code": "190000",
        "evrk_subclass_title": "Kokso ir rafinuotų naftos produktų gamyba",
        "object_id": 316
      }
    },
    {
      "type": "Feature",
      "id": 317,
      "geometry": null,
      "properties": {
        "evrk_section_code": "C",
        "evrk_section_title": "Apdirbamoji gamyba",
        "evrk_chapter_code": "19",
        "evrk_chapter_title": "Kokso ir rafinuotų naftos produktų gamyba",
        "evrk_group_code": "192",
        "evrk_group_title": "Rafinuotų naftos produktų gamyba",
        "evrk_class_code": "1920",
        "evrk_class_title": "Rafinuotų naftos produktų gamyba",
        "evrk_subclass_code": "192010",
        "evrk_subclass_title": "Skystojo arba dujinio kuro gamyba",
        "object_id": 317
      }
    },
    {
      "type": "Feature",
      "id": 318,
      "geometry": null,
      "properties": {
        "evrk_section_code": "C",
        "evrk_section_title": "Apdirbamoji gamyba",
        "evrk_chapter_code": "19",
        "evrk_chapter_title": "Kokso ir rafinuotų naftos produktų gamyba",
        "evrk_group_code": "192",
        "evrk_group_title": "Rafinuotų naftos produktų gamyba",
        "evrk_class_code": "1920",
        "evrk_class_title": "Rafinuotų naftos produktų gamyba",
        "evrk_subclass_code": "192020",
        "evrk_subclass_title": "Tepalų ir kitų alyvų gamyba",
        "object_id": 318
      }
    },
    {
      "type": "Feature",
      "id": 319,
      "geometry": null,
      "properties": {
        "evrk_section_code": "C",
        "evrk_section_title": "Apdirbamoji gamyba",
        "evrk_chapter_code": "20",
        "evrk_chapter_title": "Chemikalų ir chemijos produktų gamyba",
        "evrk_group_code": "201",
        "evrk_group_title": "Pagrindinių chemikalų, trąšų ir azoto junginių, pirminių plastikų ir pirminio sintetinio kaučiuko gamyba",
        "evrk_class_code": "2010",
        "evrk_class_title": "Pagrindinių chemikalų, trąšų ir azoto junginių, pirminių plastikų ir pirminio sintetinio kaučiuko gamyba",
        "evrk_subclass_code": "201000",
        "evrk_subclass_title": "Pagrindinių chemikalų, trąšų ir azoto junginių, pirminių plastikų ir pirminio sintetinio kaučiuko gamyba",
        "object_id": 319
      }
    },
    {
      "type": "Feature",
      "id": 320,
      "geometry": null,
      "properties": {
        "evrk_section_code": "F",
        "evrk_section_title": "Statyba",
        "evrk_chapter_code": "43",
        "evrk_chapter_title": "Specializuota statybos veikla",
        "evrk_group_code": "430",
        "evrk_group_title": "Specializuota statybos veikla",
        "evrk_class_code": "4300",
        "evrk_class_title": "Specializuota statybos veikla",
        "evrk_subclass_code": "430000",
        "evrk_subclass_title": "Specializuota statybos veikla",
        "object_id": 320
      }
    },
    {
      "type": "Feature",
      "id": 321,
      "geometry": null,
      "properties": {
        "evrk_section_code": "C",
        "evrk_section_title": "Apdirbamoji gamyba",
        "evrk_chapter_code": "20",
        "evrk_chapter_title": "Chemikalų ir chemijos produktų gamyba",
        "evrk_group_code": "201",
        "evrk_group_title": "Pagrindinių chemikalų, trąšų ir azoto junginių, pirminių plastikų ir pirminio sintetinio kaučiuko gamyba",
        "evrk_class_code": "2013",
        "evrk_class_title": "Kitų pagrindinių neorganinių chemikalų gamyba",
        "evrk_subclass_code": "201300",
        "evrk_subclass_title": "Kitų pagrindinių neorganinių chemikalų gamyba",
        "object_id": 321
      }
    },
    {
      "type": "Feature",
      "id": 322,
      "geometry": null,
      "properties": {
        "evrk_section_code": "C",
        "evrk_section_title": "Apdirbamoji gamyba",
        "evrk_chapter_code": "20",
        "evrk_chapter_title": "Chemikalų ir chemijos produktų gamyba",
        "evrk_group_code": "201",
        "evrk_group_title": "Pagrindinių chemikalų, trąšų ir azoto junginių, pirminių plastikų ir pirminio sintetinio kaučiuko gamyba",
        "evrk_class_code": "2015",
        "evrk_class_title": "Trąšų ir azoto junginių gamyba",
        "evrk_subclass_code": "201500",
        "evrk_subclass_title": "Trąšų ir azoto junginių gamyba",
        "object_id": 322
      }
    },
    {
      "type": "Feature",
      "id": 323,
      "geometry": null,
      "properties": {
        "evrk_section_code": "C",
        "evrk_section_title": "Apdirbamoji gamyba",
        "evrk_chapter_code": "20",
        "evrk_chapter_title": "Chemikalų ir chemijos produktų gamyba",
        "evrk_group_code": "204",
        "evrk_group_title": "Muilo ir ploviklių, valiklių ir blizgiklių, kvepalų ir tualeto priemonių gamyba",
        "evrk_class_code": "2042",
        "evrk_class_title": "Kvepalų ir tualeto priemonių gamyba",
        "evrk_subclass_code": "204200",
        "evrk_subclass_title": "Kvepalų ir tualeto priemonių gamyba",
        "object_id": 323
      }
    },
    {
      "type": "Feature",
      "id": 324,
      "geometry": null,
      "properties": {
        "evrk_section_code": "C",
        "evrk_section_title": "Apdirbamoji gamyba",
        "evrk_chapter_code": "20",
        "evrk_chapter_title": "Chemikalų ir chemijos produktų gamyba",
        "evrk_group_code": "205",
        "evrk_group_title": "Kitų cheminių medžiagų gamyba",
        "evrk_class_code": "2059",
        "evrk_class_title": "Kitų, niekur kitur nepriskirtų, cheminių medžiagų gamyba",
        "evrk_subclass_code": "205940",
        "evrk_subclass_title": "Rašalo ir tušo gamyba",
        "object_id": 324
      }
    },
    {
      "type": "Feature",
      "id": 325,
      "geometry": null,
      "properties": {
        "evrk_section_code": "C",
        "evrk_section_title": "Apdirbamoji gamyba",
        "evrk_chapter_code": "21",
        "evrk_chapter_title": "Pagrindinių vaistų pramonės gaminių ir farmacinių preparatų gamyba",
        "evrk_group_code": "212",
        "evrk_group_title": "Farmacinių preparatų gamyba",
        "evrk_class_code": "2120",
        "evrk_class_title": "Farmacinių preparatų gamyba",
        "evrk_subclass_code": "212000",
        "evrk_subclass_title": "Farmacinių preparatų gamyba",
        "object_id": 325
      }
    },
    {
      "type": "Feature",
      "id": 326,
      "geometry": null,
      "properties": {
        "evrk_section_code": "C",
        "evrk_section_title": "Apdirbamoji gamyba",
        "evrk_chapter_code": "21",
        "evrk_chapter_title": "Pagrindinių vaistų pramonės gaminių ir farmacinių preparatų gamyba",
        "evrk_group_code": "212",
        "evrk_group_title": "Farmacinių preparatų gamyba",
        "evrk_class_code": "2120",
        "evrk_class_title": "Farmacinių preparatų gamyba",
        "evrk_subclass_code": "212020",
        "evrk_subclass_title": "Veterinarinių vaistų gamyba",
        "object_id": 326
      }
    },
    {
      "type": "Feature",
      "id": 327,
      "geometry": null,
      "properties": {
        "evrk_section_code": "C",
        "evrk_section_title": "Apdirbamoji gamyba",
        "evrk_chapter_code": "22",
        "evrk_chapter_title": "Guminių ir plastikinių gaminių gamyba",
        "evrk_group_code": "221",
        "evrk_group_title": "Guminių gaminių gamyba",
        "evrk_class_code": "2211",
        "evrk_class_title": "Guminių padangų ir kamerų gamyba; guminių padangų restauravimas ir atnaujinimas",
        "evrk_subclass_code": "221100",
        "evrk_subclass_title": "Guminių padangų ir kamerų gamyba; guminių padangų restauravimas ir atnaujinimas",
        "object_id": 327
      }
    },
    {
      "type": "Feature",
      "id": 328,
      "geometry": null,
      "properties": {
        "evrk_section_code": "C",
        "evrk_section_title": "Apdirbamoji gamyba",
        "evrk_chapter_code": "22",
        "evrk_chapter_title": "Guminių ir plastikinių gaminių gamyba",
        "evrk_group_code": "221",
        "evrk_group_title": "Guminių gaminių gamyba",
        "evrk_class_code": "2219",
        "evrk_class_title": "Kitų guminių gaminių gamyba",
        "evrk_subclass_code": "221900",
        "evrk_subclass_title": "Kitų guminių gaminių gamyba",
        "object_id": 328
      }
    },
    {
      "type": "Feature",
      "id": 329,
      "geometry": null,
      "properties": {
        "evrk_section_code": "C",
        "evrk_section_title": "Apdirbamoji gamyba",
        "evrk_chapter_code": "23",
        "evrk_chapter_title": "Kitų nemetalo mineralinių produktų gamyba",
        "evrk_group_code": "231",
        "evrk_group_title": "Stiklo ir stiklo gaminių bei dirbinių gamyba",
        "evrk_class_code": "2310",
        "evrk_class_title": "Stiklo ir stiklo gaminių bei dirbinių gamyba",
        "evrk_subclass_code": "231000",
        "evrk_subclass_title": "Stiklo ir stiklo gaminių bei dirbinių gamyba",
        "object_id": 329
      }
    },
    {
      "type": "Feature",
      "id": 330,
      "geometry": null,
      "properties": {
        "evrk_section_code": "C",
        "evrk_section_title": "Apdirbamoji gamyba",
        "evrk_chapter_code": "23",
        "evrk_chapter_title": "Kitų nemetalo mineralinių produktų gamyba",
        "evrk_group_code": "231",
        "evrk_group_title": "Stiklo ir stiklo gaminių bei dirbinių gamyba",
        "evrk_class_code": "2312",
        "evrk_class_title": "Plokščiojo stiklo pjaustymas ir apdorojimas",
        "evrk_subclass_code": "231200",
        "evrk_subclass_title": "Plokščiojo stiklo pjaustymas ir apdorojimas",
        "object_id": 330
      }
    },
    {
      "type": "Feature",
      "id": 331,
      "geometry": null,
      "properties": {
        "evrk_section_code": "C",
        "evrk_section_title": "Apdirbamoji gamyba",
        "evrk_chapter_code": "23",
        "evrk_chapter_title": "Kitų nemetalo mineralinių produktų gamyba",
        "evrk_group_code": "231",
        "evrk_group_title": "Stiklo ir stiklo gaminių bei dirbinių gamyba",
        "evrk_class_code": "2314",
        "evrk_class_title": "Stiklo pluoštų gamyba",
        "evrk_subclass_code": "231400",
        "evrk_subclass_title": "Stiklo pluoštų gamyba",
        "object_id": 331
      }
    },
    {
      "type": "Feature",
      "id": 332,
      "geometry": null,
      "properties": {
        "evrk_section_code": "C",
        "evrk_section_title": "Apdirbamoji gamyba",
        "evrk_chapter_code": "23",
        "evrk_chapter_title": "Kitų nemetalo mineralinių produktų gamyba",
        "evrk_group_code": "233",
        "evrk_group_title": "Statybinių medžiagų iš molio gamyba",
        "evrk_class_code": "2331",
        "evrk_class_title": "Keraminių apdailos ir šaligatvio plytelių gamyba",
        "evrk_subclass_code": "233110",
        "evrk_subclass_title": "Koklių gamyba",
        "object_id": 332
      }
    },
    {
      "type": "Feature",
      "id": 333,
      "geometry": null,
      "properties": {
        "evrk_section_code": "C",
        "evrk_section_title": "Apdirbamoji gamyba",
        "evrk_chapter_code": "23",
        "evrk_chapter_title": "Kitų nemetalo mineralinių produktų gamyba",
        "evrk_group_code": "233",
        "evrk_group_title": "Statybinių medžiagų iš molio gamyba",
        "evrk_class_code": "2332",
        "evrk_class_title": "Degto molio plytų, plytelių ir statybinių dirbinių gamyba",
        "evrk_subclass_code": "233200",
        "evrk_subclass_title": "Degto molio plytų, plytelių ir statybinių dirbinių gamyba",
        "object_id": 333
      }
    },
    {
      "type": "Feature",
      "id": 334,
      "geometry": null,
      "properties": {
        "evrk_section_code": "C",
        "evrk_section_title": "Apdirbamoji gamyba",
        "evrk_chapter_code": "23",
        "evrk_chapter_title": "Kitų nemetalo mineralinių produktų gamyba",
        "evrk_group_code": "234",
        "evrk_group_title": "Kitų porcelianinių ir keraminių gaminių bei dirbinių gamyba",
        "evrk_class_code": "2340",
        "evrk_class_title": "Kitų porcelianinių ir keraminių gaminių bei dirbinių gamyba",
        "evrk_subclass_code": "234000",
        "evrk_subclass_title": "Kitų porcelianinių ir keraminių gaminių bei dirbinių gamyba",
        "object_id": 334
      }
    },
    {
      "type": "Feature",
      "id": 335,
      "geometry": null,
      "properties": {
        "evrk_section_code": "C",
        "evrk_section_title": "Apdirbamoji gamyba",
        "evrk_chapter_code": "23",
        "evrk_chapter_title": "Kitų nemetalo mineralinių produktų gamyba",
        "evrk_group_code": "234",
        "evrk_group_title": "Kitų porcelianinių ir keraminių gaminių bei dirbinių gamyba",
        "evrk_class_code": "2342",
        "evrk_class_title": "Keraminių santechnikos gaminių ir dirbinių gamyba",
        "evrk_subclass_code": "234200",
        "evrk_subclass_title": "Keraminių santechnikos gaminių ir dirbinių gamyba",
        "object_id": 335
      }
    },
    {
      "type": "Feature",
      "id": 336,
      "geometry": null,
      "properties": {
        "evrk_section_code": "C",
        "evrk_section_title": "Apdirbamoji gamyba",
        "evrk_chapter_code": "23",
        "evrk_chapter_title": "Kitų nemetalo mineralinių produktų gamyba",
        "evrk_group_code": "235",
        "evrk_group_title": "Cemento, kalkių ir gipso gamyba",
        "evrk_class_code": "2352",
        "evrk_class_title": "Kalkių ir gipso gamyba",
        "evrk_subclass_code": "235200",
        "evrk_subclass_title": "Kalkių ir gipso gamyba",
        "object_id": 336
      }
    },
    {
      "type": "Feature",
      "id": 337,
      "geometry": null,
      "properties": {
        "evrk_section_code": "C",
        "evrk_section_title": "Apdirbamoji gamyba",
        "evrk_chapter_code": "23",
        "evrk_chapter_title": "Kitų nemetalo mineralinių produktų gamyba",
        "evrk_group_code": "236",
        "evrk_group_title": "Betono, cemento ir gipso gaminių bei dirbinių gamyba",
        "evrk_class_code": "2360",
        "evrk_class_title": "Betono, cemento ir gipso gaminių bei dirbinių gamyba",
        "evrk_subclass_code": "236000",
        "evrk_subclass_title": "Betono, cemento ir gipso gaminių bei dirbinių gamyba",
        "object_id": 337
      }
    },
    {
      "type": "Feature",
      "id": 338,
      "geometry": null,
      "properties": {
        "evrk_section_code": "C",
        "evrk_section_title": "Apdirbamoji gamyba",
        "evrk_chapter_code": "23",
        "evrk_chapter_title": "Kitų nemetalo mineralinių produktų gamyba",
        "evrk_group_code": "236",
        "evrk_group_title": "Betono, cemento ir gipso gaminių bei dirbinių gamyba",
        "evrk_class_code": "2365",
        "evrk_class_title": "Fibrolito gamyba",
        "evrk_subclass_code": "236500",
        "evrk_subclass_title": "Fibrolito gamyba",
        "object_id": 338
      }
    },
    {
      "type": "Feature",
      "id": 339,
      "geometry": null,
      "properties": {
        "evrk_section_code": "C",
        "evrk_section_title": "Apdirbamoji gamyba",
        "evrk_chapter_code": "23",
        "evrk_chapter_title": "Kitų nemetalo mineralinių produktų gamyba",
        "evrk_group_code": "237",
        "evrk_group_title": "Akmens pjaustymas, tašymas ir apdailinimas",
        "evrk_class_code": "2370",
        "evrk_class_title": "Akmens pjaustymas, tašymas ir apdailinimas",
        "evrk_subclass_code": "237000",
        "evrk_subclass_title": "Akmens pjaustymas, tašymas ir apdailinimas",
        "object_id": 339
      }
    },
    {
      "type": "Feature",
      "id": 340,
      "geometry": null,
      "properties": {
        "evrk_section_code": "C",
        "evrk_section_title": "Apdirbamoji gamyba",
        "evrk_chapter_code": "23",
        "evrk_chapter_title": "Kitų nemetalo mineralinių produktų gamyba",
        "evrk_group_code": "239",
        "evrk_group_title": "Abrazyvinių gaminių ir niekur kitur nepriskirtų nemetalo mineralinių produktų gamyba",
        "evrk_class_code": "2399",
        "evrk_class_title": "Kitų, niekur kitur nepriskirtų, nemetalo mineralinių produktų gamyba",
        "evrk_subclass_code": "239920",
        "evrk_subclass_title": "Frikcinių medžiagų ir jų gaminių gamyba",
        "object_id": 340
      }
    },
    {
      "type": "Feature",
      "id": 341,
      "geometry": null,
      "properties": {
        "evrk_section_code": "C",
        "evrk_section_title": "Apdirbamoji gamyba",
        "evrk_chapter_code": "24",
        "evrk_chapter_title": "Pagrindinių metalų gamyba",
        "evrk_group_code": "244",
        "evrk_group_title": "Pagrindinių tauriųjų ir kitų spalvotųjų metalų gamyba",
        "evrk_class_code": "2441",
        "evrk_class_title": "Tauriųjų metalų gamyba",
        "evrk_subclass_code": "244100",
        "evrk_subclass_title": "Tauriųjų metalų gamyba",
        "object_id": 341
      }
    },
    {
      "type": "Feature",
      "id": 342,
      "geometry": null,
      "properties": {
        "evrk_section_code": "C",
        "evrk_section_title": "Apdirbamoji gamyba",
        "evrk_chapter_code": "24",
        "evrk_chapter_title": "Pagrindinių metalų gamyba",
        "evrk_group_code": "245",
        "evrk_group_title": "Metalų liejinių gamyba",
        "evrk_class_code": "2452",
        "evrk_class_title": "Plieno liejinių gamyba",
        "evrk_subclass_code": "245200",
        "evrk_subclass_title": "Plieno liejinių gamyba",
        "object_id": 342
      }
    },
    {
      "type": "Feature",
      "id": 343,
      "geometry": null,
      "properties": {
        "evrk_section_code": "C",
        "evrk_section_title": "Apdirbamoji gamyba",
        "evrk_chapter_code": "25",
        "evrk_chapter_title": "Metalo gaminių, išskyrus mašinas ir įrenginius, gamyba",
        "evrk_group_code": "251",
        "evrk_group_title": "Konstrukcinių metalo gaminių gamyba",
        "evrk_class_code": "2510",
        "evrk_class_title": "Konstrukcinių metalo gaminių gamyba",
        "evrk_subclass_code": "251000",
        "evrk_subclass_title": "Konstrukcinių metalo gaminių gamyba",
        "object_id": 343
      }
    },
    {
      "type": "Feature",
      "id": 344,
      "geometry": null,
      "properties": {
        "evrk_section_code": "C",
        "evrk_section_title": "Apdirbamoji gamyba",
        "evrk_chapter_code": "25",
        "evrk_chapter_title": "Metalo gaminių, išskyrus mašinas ir įrenginius, gamyba",
        "evrk_group_code": "257",
        "evrk_group_title": "Valgomųjų įrankių, kitų įrankių ir bendrųjų metalo dirbinių gamyba",
        "evrk_class_code": "2573",
        "evrk_class_title": "Kitų įrankių gamyba",
        "evrk_subclass_code": "257300",
        "evrk_subclass_title": "Kitų įrankių gamyba",
        "object_id": 344
      }
    },
    {
      "type": "Feature",
      "id": 345,
      "geometry": null,
      "properties": {
        "evrk_section_code": "C",
        "evrk_section_title": "Apdirbamoji gamyba",
        "evrk_chapter_code": "25",
        "evrk_chapter_title": "Metalo gaminių, išskyrus mašinas ir įrenginius, gamyba",
        "evrk_group_code": "259",
        "evrk_group_title": "Kitų metalo gaminių gamyba",
        "evrk_class_code": "2590",
        "evrk_class_title": "Kitų metalo gaminių gamyba",
        "evrk_subclass_code": "259000",
        "evrk_subclass_title": "Kitų metalo gaminių gamyba",
        "object_id": 345
      }
    },
    {
      "type": "Feature",
      "id": 346,
      "geometry": null,
      "properties": {
        "evrk_section_code": "C",
        "evrk_section_title": "Apdirbamoji gamyba",
        "evrk_chapter_code": "25",
        "evrk_chapter_title": "Metalo gaminių, išskyrus mašinas ir įrenginius, gamyba",
        "evrk_group_code": "259",
        "evrk_group_title": "Kitų metalo gaminių gamyba",
        "evrk_class_code": "2591",
        "evrk_class_title": "Plieninių statinių ir panašių talpyklų gamyba",
        "evrk_subclass_code": "259100",
        "evrk_subclass_title": "Plieninių statinių ir panašių talpyklų gamyba",
        "object_id": 346
      }
    },
    {
      "type": "Feature",
      "id": 347,
      "geometry": null,
      "properties": {
        "evrk_section_code": "C",
        "evrk_section_title": "Apdirbamoji gamyba",
        "evrk_chapter_code": "26",
        "evrk_chapter_title": "Kompiuterinių, elektroninių ir optinių gaminių gamyba",
        "evrk_group_code": "262",
        "evrk_group_title": "Kompiuterių ir išorinės įrangos gamyba",
        "evrk_class_code": "2620",
        "evrk_class_title": "Kompiuterių ir išorinės įrangos gamyba",
        "evrk_subclass_code": "262000",
        "evrk_subclass_title": "Kompiuterių ir išorinės įrangos gamyba",
        "object_id": 347
      }
    },
    {
      "type": "Feature",
      "id": 348,
      "geometry": null,
      "properties": {
        "evrk_section_code": "C",
        "evrk_section_title": "Apdirbamoji gamyba",
        "evrk_chapter_code": "26",
        "evrk_chapter_title": "Kompiuterinių, elektroninių ir optinių gaminių gamyba",
        "evrk_group_code": "265",
        "evrk_group_title": "Matavimo, bandymo, navigacinės ir kontrolės įrangos gamyba; įvairių tipų laikrodžių gamyba",
        "evrk_class_code": "2651",
        "evrk_class_title": "Matavimo, bandymo, navigacinės ir kontrolės įrangos prietaisų ir aparatų gamyba",
        "evrk_subclass_code": "265100",
        "evrk_subclass_title": "Matavimo, bandymo, navigacinės ir kontrolės įrangos prietaisų ir aparatų gamyba",
        "object_id": 348
      }
    },
    {
      "type": "Feature",
      "id": 349,
      "geometry": null,
      "properties": {
        "evrk_section_code": "C",
        "evrk_section_title": "Apdirbamoji gamyba",
        "evrk_chapter_code": "26",
        "evrk_chapter_title": "Kompiuterinių, elektroninių ir optinių gaminių gamyba",
        "evrk_group_code": "266",
        "evrk_group_title": "Švitinimo, elektromedicininės ir elektroterapinės įrangos gamyba",
        "evrk_class_code": "2660",
        "evrk_class_title": "Švitinimo, elektromedicininės ir elektroterapinės įrangos gamyba",
        "evrk_subclass_code": "266000",
        "evrk_subclass_title": "Švitinimo, elektromedicininės ir elektroterapinės įrangos gamyba",
        "object_id": 349
      }
    },
    {
      "type": "Feature",
      "id": 350,
      "geometry": null,
      "properties": {
        "evrk_section_code": "C",
        "evrk_section_title": "Apdirbamoji gamyba",
        "evrk_chapter_code": "27",
        "evrk_chapter_title": "Elektros įrangos gamyba",
        "evrk_group_code": "271",
        "evrk_group_title": "Elektros variklių, generatorių, transformatorių bei elektros skirstomosios ir valdymo įrangos gamyba",
        "evrk_class_code": "2710",
        "evrk_class_title": "Elektros variklių, generatorių, transformatorių bei elektros skirstomosios ir valdymo įrangos gamyba",
        "evrk_subclass_code": "271000",
        "evrk_subclass_title": "Elektros variklių, generatorių, transformatorių bei elektros skirstomosios ir valdymo įrangos gamyba",
        "object_id": 350
      }
    },
    {
      "type": "Feature",
      "id": 351,
      "geometry": null,
      "properties": {
        "evrk_section_code": "F",
        "evrk_section_title": "Statyba",
        "evrk_chapter_code": "43",
        "evrk_chapter_title": "Specializuota statybos veikla",
        "evrk_group_code": "431",
        "evrk_group_title": "Statinių nugriovimas ir statybvietės paruošimas",
        "evrk_class_code": "4311",
        "evrk_class_title": "Statinių nugriovimas",
        "evrk_subclass_code": "431100",
        "evrk_subclass_title": "Statinių nugriovimas",
        "object_id": 351
      }
    },
    {
      "type": "Feature",
      "id": 352,
      "geometry": null,
      "properties": {
        "evrk_section_code": "C",
        "evrk_section_title": "Apdirbamoji gamyba",
        "evrk_chapter_code": "27",
        "evrk_chapter_title": "Elektros įrangos gamyba",
        "evrk_group_code": "271",
        "evrk_group_title": "Elektros variklių, generatorių, transformatorių bei elektros skirstomosios ir valdymo įrangos gamyba",
        "evrk_class_code": "2712",
        "evrk_class_title": "Elektros skirstomosios ir valdymo įrangos gamyba",
        "evrk_subclass_code": "271200",
        "evrk_subclass_title": "Elektros skirstomosios ir valdymo įrangos gamyba",
        "object_id": 352
      }
    },
    {
      "type": "Feature",
      "id": 353,
      "geometry": null,
      "properties": {
        "evrk_section_code": "C",
        "evrk_section_title": "Apdirbamoji gamyba",
        "evrk_chapter_code": "27",
        "evrk_chapter_title": "Elektros įrangos gamyba",
        "evrk_group_code": "273",
        "evrk_group_title": "Laidų ir instaliacijos įtaisų gamyba",
        "evrk_class_code": "2731",
        "evrk_class_title": "Skaidulinės optikos kabelių gamyba",
        "evrk_subclass_code": "273100",
        "evrk_subclass_title": "Skaidulinės optikos kabelių gamyba",
        "object_id": 353
      }
    },
    {
      "type": "Feature",
      "id": 354,
      "geometry": null,
      "properties": {
        "evrk_section_code": "C",
        "evrk_section_title": "Apdirbamoji gamyba",
        "evrk_chapter_code": "27",
        "evrk_chapter_title": "Elektros įrangos gamyba",
        "evrk_group_code": "273",
        "evrk_group_title": "Laidų ir instaliacijos įtaisų gamyba",
        "evrk_class_code": "2732",
        "evrk_class_title": "Kitų elektronikos bei elektros laidų ir kabelių gamyba",
        "evrk_subclass_code": "273200",
        "evrk_subclass_title": "Kitų elektronikos bei elektros laidų ir kabelių gamyba",
        "object_id": 354
      }
    },
    {
      "type": "Feature",
      "id": 355,
      "geometry": null,
      "properties": {
        "evrk_section_code": "C",
        "evrk_section_title": "Apdirbamoji gamyba",
        "evrk_chapter_code": "27",
        "evrk_chapter_title": "Elektros įrangos gamyba",
        "evrk_group_code": "273",
        "evrk_group_title": "Laidų ir instaliacijos įtaisų gamyba",
        "evrk_class_code": "2733",
        "evrk_class_title": "Instaliacijos įtaisų gamyba",
        "evrk_subclass_code": "273300",
        "evrk_subclass_title": "Instaliacijos įtaisų gamyba",
        "object_id": 355
      }
    },
    {
      "type": "Feature",
      "id": 356,
      "geometry": null,
      "properties": {
        "evrk_section_code": "C",
        "evrk_section_title": "Apdirbamoji gamyba",
        "evrk_chapter_code": "28",
        "evrk_chapter_title": "Niekur kitur nepriskirtų mašinų ir įrangos gamyba",
        "evrk_group_code": "281",
        "evrk_group_title": "Bendrosios paskirties mašinų gamyba",
        "evrk_class_code": "2814",
        "evrk_class_title": "Kitų čiaupų ir sklendžių gamyba",
        "evrk_subclass_code": "281400",
        "evrk_subclass_title": "Kitų čiaupų ir sklendžių gamyba",
        "object_id": 356
      }
    },
    {
      "type": "Feature",
      "id": 357,
      "geometry": null,
      "properties": {
        "evrk_section_code": "C",
        "evrk_section_title": "Apdirbamoji gamyba",
        "evrk_chapter_code": "28",
        "evrk_chapter_title": "Niekur kitur nepriskirtų mašinų ir įrangos gamyba",
        "evrk_group_code": "281",
        "evrk_group_title": "Bendrosios paskirties mašinų gamyba",
        "evrk_class_code": "2815",
        "evrk_class_title": "Guolių, krumpliaračių, krumplinių pavarų ir varomųjų elementų gamyba",
        "evrk_subclass_code": "281500",
        "evrk_subclass_title": "Guolių, krumpliaračių, krumplinių pavarų ir varomųjų elementų gamyba",
        "object_id": 357
      }
    },
    {
      "type": "Feature",
      "id": 358,
      "geometry": null,
      "properties": {
        "evrk_section_code": "C",
        "evrk_section_title": "Apdirbamoji gamyba",
        "evrk_chapter_code": "28",
        "evrk_chapter_title": "Niekur kitur nepriskirtų mašinų ir įrangos gamyba",
        "evrk_group_code": "282",
        "evrk_group_title": "Kitų bendrosios paskirties mašinų ir įrangos gamyba",
        "evrk_class_code": "2820",
        "evrk_class_title": "Kitų bendrosios paskirties mašinų ir įrangos gamyba",
        "evrk_subclass_code": "282000",
        "evrk_subclass_title": "Kitų bendrosios paskirties mašinų ir įrangos gamyba",
        "object_id": 358
      }
    },
    {
      "type": "Feature",
      "id": 359,
      "geometry": null,
      "properties": {
        "evrk_section_code": "C",
        "evrk_section_title": "Apdirbamoji gamyba",
        "evrk_chapter_code": "28",
        "evrk_chapter_title": "Niekur kitur nepriskirtų mašinų ir įrangos gamyba",
        "evrk_group_code": "282",
        "evrk_group_title": "Kitų bendrosios paskirties mašinų ir įrangos gamyba",
        "evrk_class_code": "2821",
        "evrk_class_title": "Orkaičių, krosnių ir krosnių degiklių gamyba",
        "evrk_subclass_code": "282100",
        "evrk_subclass_title": "Orkaičių, krosnių ir krosnių degiklių gamyba",
        "object_id": 359
      }
    },
    {
      "type": "Feature",
      "id": 360,
      "geometry": null,
      "properties": {
        "evrk_section_code": "C",
        "evrk_section_title": "Apdirbamoji gamyba",
        "evrk_chapter_code": "28",
        "evrk_chapter_title": "Niekur kitur nepriskirtų mašinų ir įrangos gamyba",
        "evrk_group_code": "282",
        "evrk_group_title": "Kitų bendrosios paskirties mašinų ir įrangos gamyba",
        "evrk_class_code": "2829",
        "evrk_class_title": "Kitų, niekur kitur nepriskirtų, bendrosios paskirties mašinų ir įrangos gamyba",
        "evrk_subclass_code": "282900",
        "evrk_subclass_title": "Kitų, niekur kitur nepriskirtų, bendrosios paskirties mašinų ir įrangos gamyba",
        "object_id": 360
      }
    },
    {
      "type": "Feature",
      "id": 361,
      "geometry": null,
      "properties": {
        "evrk_section_code": "C",
        "evrk_section_title": "Apdirbamoji gamyba",
        "evrk_chapter_code": "28",
        "evrk_chapter_title": "Niekur kitur nepriskirtų mašinų ir įrangos gamyba",
        "evrk_group_code": "289",
        "evrk_group_title": "Kitų specialiosios paskirties mašinų gamyba",
        "evrk_class_code": "2891",
        "evrk_class_title": "Metalurgijos mašinų gamyba",
        "evrk_subclass_code": "289100",
        "evrk_subclass_title": "Metalurgijos mašinų gamyba",
        "object_id": 361
      }
    },
    {
      "type": "Feature",
      "id": 362,
      "geometry": null,
      "properties": {
        "evrk_section_code": "C",
        "evrk_section_title": "Apdirbamoji gamyba",
        "evrk_chapter_code": "28",
        "evrk_chapter_title": "Niekur kitur nepriskirtų mašinų ir įrangos gamyba",
        "evrk_group_code": "289",
        "evrk_group_title": "Kitų specialiosios paskirties mašinų gamyba",
        "evrk_class_code": "2893",
        "evrk_class_title": "Maisto, gėrimų ir tabako apdorojimo mašinų gamyba",
        "evrk_subclass_code": "289300",
        "evrk_subclass_title": "Maisto, gėrimų ir tabako apdorojimo mašinų gamyba",
        "object_id": 362
      }
    },
    {
      "type": "Feature",
      "id": 363,
      "geometry": null,
      "properties": {
        "evrk_section_code": "C",
        "evrk_section_title": "Apdirbamoji gamyba",
        "evrk_chapter_code": "29",
        "evrk_chapter_title": "Variklinių transporto priemonių, priekabų ir puspriekabių gamyba",
        "evrk_group_code": "290",
        "evrk_group_title": "Variklinių transporto priemonių, priekabų ir puspriekabių gamyba",
        "evrk_class_code": "2900",
        "evrk_class_title": "Variklinių transporto priemonių, priekabų ir puspriekabių gamyba",
        "evrk_subclass_code": "290000",
        "evrk_subclass_title": "Variklinių transporto priemonių, priekabų ir puspriekabių gamyba",
        "object_id": 363
      }
    },
    {
      "type": "Feature",
      "id": 364,
      "geometry": null,
      "properties": {
        "evrk_section_code": "C",
        "evrk_section_title": "Apdirbamoji gamyba",
        "evrk_chapter_code": "29",
        "evrk_chapter_title": "Variklinių transporto priemonių, priekabų ir puspriekabių gamyba",
        "evrk_group_code": "293",
        "evrk_group_title": "Variklinių transporto priemonių dalių ir pagalbinių reikmenų gamyba",
        "evrk_class_code": "2932",
        "evrk_class_title": "Variklinių transporto priemonių kitų dalių ir reikmenų gamyba",
        "evrk_subclass_code": "293200",
        "evrk_subclass_title": "Variklinių transporto priemonių kitų dalių ir reikmenų gamyba",
        "object_id": 364
      }
    },
    {
      "type": "Feature",
      "id": 365,
      "geometry": null,
      "properties": {
        "evrk_section_code": "C",
        "evrk_section_title": "Apdirbamoji gamyba",
        "evrk_chapter_code": "30",
        "evrk_chapter_title": "Kitų transporto priemonių ir įrangos gamyba",
        "evrk_group_code": "309",
        "evrk_group_title": "Niekur kitur nepriskirtų transporto priemonių gamyba",
        "evrk_class_code": "3092",
        "evrk_class_title": "Dviračių ir invalidų vežimėlių gamyba",
        "evrk_subclass_code": "309200",
        "evrk_subclass_title": "Dviračių ir invalidų vežimėlių gamyba",
        "object_id": 365
      }
    },
    {
      "type": "Feature",
      "id": 366,
      "geometry": null,
      "properties": {
        "evrk_section_code": "C",
        "evrk_section_title": "Apdirbamoji gamyba",
        "evrk_chapter_code": "31",
        "evrk_chapter_title": "Baldų gamyba",
        "evrk_group_code": "310",
        "evrk_group_title": "Baldų gamyba",
        "evrk_class_code": "3100",
        "evrk_class_title": "Baldų gamyba",
        "evrk_subclass_code": "310000",
        "evrk_subclass_title": "Baldų gamyba",
        "object_id": 366
      }
    },
    {
      "type": "Feature",
      "id": 367,
      "geometry": null,
      "properties": {
        "evrk_section_code": "C",
        "evrk_section_title": "Apdirbamoji gamyba",
        "evrk_chapter_code": "32",
        "evrk_chapter_title": "Kita gamyba",
        "evrk_group_code": "323",
        "evrk_group_title": "Sporto reikmenų gamyba",
        "evrk_class_code": "3230",
        "evrk_class_title": "Sporto reikmenų gamyba",
        "evrk_subclass_code": "323000",
        "evrk_subclass_title": "Sporto reikmenų gamyba",
        "object_id": 367
      }
    },
    {
      "type": "Feature",
      "id": 368,
      "geometry": null,
      "properties": {
        "evrk_section_code": "C",
        "evrk_section_title": "Apdirbamoji gamyba",
        "evrk_chapter_code": "32",
        "evrk_chapter_title": "Kita gamyba",
        "evrk_group_code": "324",
        "evrk_group_title": "Žaidimų ir žaislų gamyba",
        "evrk_class_code": "3240",
        "evrk_class_title": "Žaidimų ir žaislų gamyba",
        "evrk_subclass_code": "324020",
        "evrk_subclass_title": "Plastikinių žaislų gamyba",
        "object_id": 368
      }
    },
    {
      "type": "Feature",
      "id": 369,
      "geometry": null,
      "properties": {
        "evrk_section_code": "C",
        "evrk_section_title": "Apdirbamoji gamyba",
        "evrk_chapter_code": "32",
        "evrk_chapter_title": "Kita gamyba",
        "evrk_group_code": "324",
        "evrk_group_title": "Žaidimų ir žaislų gamyba",
        "evrk_class_code": "3240",
        "evrk_class_title": "Žaidimų ir žaislų gamyba",
        "evrk_subclass_code": "324070",
        "evrk_subclass_title": "Elektrinių žaislų ir žaidimų gamyba",
        "object_id": 369
      }
    },
    {
      "type": "Feature",
      "id": 370,
      "geometry": null,
      "properties": {
        "evrk_section_code": "C",
        "evrk_section_title": "Apdirbamoji gamyba",
        "evrk_chapter_code": "32",
        "evrk_chapter_title": "Kita gamyba",
        "evrk_group_code": "329",
        "evrk_group_title": "Niekur kitur nepriskirta gamyba",
        "evrk_class_code": "3291",
        "evrk_class_title": "Šluotų ir šepečių gamyba",
        "evrk_subclass_code": "329100",
        "evrk_subclass_title": "Šluotų ir šepečių gamyba",
        "object_id": 370
      }
    },
    {
      "type": "Feature",
      "id": 371,
      "geometry": null,
      "properties": {
        "evrk_section_code": "C",
        "evrk_section_title": "Apdirbamoji gamyba",
        "evrk_chapter_code": "32",
        "evrk_chapter_title": "Kita gamyba",
        "evrk_group_code": "329",
        "evrk_group_title": "Niekur kitur nepriskirta gamyba",
        "evrk_class_code": "3299",
        "evrk_class_title": "Kita, niekur kitur nepriskirta, gamyba",
        "evrk_subclass_code": "329900",
        "evrk_subclass_title": "Kita, niekur kitur nepriskirta, gamyba",
        "object_id": 371
      }
    },
    {
      "type": "Feature",
      "id": 372,
      "geometry": null,
      "properties": {
        "evrk_section_code": "C",
        "evrk_section_title": "Apdirbamoji gamyba",
        "evrk_chapter_code": "32",
        "evrk_chapter_title": "Kita gamyba",
        "evrk_group_code": "329",
        "evrk_group_title": "Niekur kitur nepriskirta gamyba",
        "evrk_class_code": "3299",
        "evrk_class_title": "Kita, niekur kitur nepriskirta, gamyba",
        "evrk_subclass_code": "329910",
        "evrk_subclass_title": "Medinių karstų ir kitų laidojimo reikmenų gamyba",
        "object_id": 372
      }
    },
    {
      "type": "Feature",
      "id": 373,
      "geometry": null,
      "properties": {
        "evrk_section_code": "C",
        "evrk_section_title": "Apdirbamoji gamyba",
        "evrk_chapter_code": "33",
        "evrk_chapter_title": "Mašinų ir įrangos remontas ir įrengimas",
        "evrk_group_code": "331",
        "evrk_group_title": "Metalo gaminių, mašinų ir įrangos remontas",
        "evrk_class_code": "3316",
        "evrk_class_title": "Orlaivių ir erdvėlaivių remontas ir techninė priežiūra",
        "evrk_subclass_code": "331600",
        "evrk_subclass_title": "Orlaivių ir erdvėlaivių remontas ir techninė priežiūra",
        "object_id": 373
      }
    },
    {
      "type": "Feature",
      "id": 374,
      "geometry": null,
      "properties": {
        "evrk_section_code": "D",
        "evrk_section_title": "Elektros, dujų, garo tiekimas ir oro kondicionavimas",
        "evrk_chapter_code": "35",
        "evrk_chapter_title": "Elektros, dujų, garo tiekimas ir oro kondicionavimas",
        "evrk_group_code": "350",
        "evrk_group_title": "Elektros, dujų, garo tiekimas ir oro kondicionavimas",
        "evrk_class_code": "3500",
        "evrk_class_title": "Elektros, dujų, garo tiekimas ir oro kondicionavimas",
        "evrk_subclass_code": "350000",
        "evrk_subclass_title": "Elektros, dujų, garo tiekimas ir oro kondicionavimas",
        "object_id": 374
      }
    },
    {
      "type": "Feature",
      "id": 375,
      "geometry": null,
      "properties": {
        "evrk_section_code": "D",
        "evrk_section_title": "Elektros, dujų, garo tiekimas ir oro kondicionavimas",
        "evrk_chapter_code": "35",
        "evrk_chapter_title": "Elektros, dujų, garo tiekimas ir oro kondicionavimas",
        "evrk_group_code": "351",
        "evrk_group_title": "Elektros energijos gamyba, perdavimas ir paskirstymas",
        "evrk_class_code": "3513",
        "evrk_class_title": "Elektros paskirstymas",
        "evrk_subclass_code": "351300",
        "evrk_subclass_title": "Elektros paskirstymas",
        "object_id": 375
      }
    },
    {
      "type": "Feature",
      "id": 376,
      "geometry": null,
      "properties": {
        "evrk_section_code": "D",
        "evrk_section_title": "Elektros, dujų, garo tiekimas ir oro kondicionavimas",
        "evrk_chapter_code": "35",
        "evrk_chapter_title": "Elektros, dujų, garo tiekimas ir oro kondicionavimas",
        "evrk_group_code": "352",
        "evrk_group_title": "Dujų gamyba; dujinio kuro paskirstymas dujotiekiais",
        "evrk_class_code": "3523",
        "evrk_class_title": "Dujų pardavimas dujotiekiais",
        "evrk_subclass_code": "352300",
        "evrk_subclass_title": "Dujų pardavimas dujotiekiais",
        "object_id": 376
      }
    },
    {
      "type": "Feature",
      "id": 377,
      "geometry": null,
      "properties": {
        "evrk_section_code": "D",
        "evrk_section_title": "Elektros, dujų, garo tiekimas ir oro kondicionavimas",
        "evrk_chapter_code": "35",
        "evrk_chapter_title": "Elektros, dujų, garo tiekimas ir oro kondicionavimas",
        "evrk_group_code": "353",
        "evrk_group_title": "Garo tiekimas ir oro kondicionavimas",
        "evrk_class_code": "3530",
        "evrk_class_title": "Garo tiekimas ir oro kondicionavimas",
        "evrk_subclass_code": "353000",
        "evrk_subclass_title": "Garo tiekimas ir oro kondicionavimas",
        "object_id": 377
      }
    },
    {
      "type": "Feature",
      "id": 378,
      "geometry": null,
      "properties": {
        "evrk_section_code": "D",
        "evrk_section_title": "Elektros, dujų, garo tiekimas ir oro kondicionavimas",
        "evrk_chapter_code": "35",
        "evrk_chapter_title": "Elektros, dujų, garo tiekimas ir oro kondicionavimas",
        "evrk_group_code": "353",
        "evrk_group_title": "Garo tiekimas ir oro kondicionavimas",
        "evrk_class_code": "3530",
        "evrk_class_title": "Garo tiekimas ir oro kondicionavimas",
        "evrk_subclass_code": "353010",
        "evrk_subclass_title": "Garo tiekimas",
        "object_id": 378
      }
    },
    {
      "type": "Feature",
      "id": 379,
      "geometry": null,
      "properties": {
        "evrk_section_code": "E",
        "evrk_section_title": "Vandens tiekimas nuotekų valymas, atliekų tvarkymas ir regeneravimas",
        "evrk_chapter_code": "37",
        "evrk_chapter_title": "Nuotekų valymas",
        "evrk_group_code": "370",
        "evrk_group_title": "Nuotekų valymas",
        "evrk_class_code": "3700",
        "evrk_class_title": "Nuotekų valymas",
        "evrk_subclass_code": "370000",
        "evrk_subclass_title": "Nuotekų valymas",
        "object_id": 379
      }
    },
    {
      "type": "Feature",
      "id": 380,
      "geometry": null,
      "properties": {
        "evrk_section_code": "E",
        "evrk_section_title": "Vandens tiekimas nuotekų valymas, atliekų tvarkymas ir regeneravimas",
        "evrk_chapter_code": "38",
        "evrk_chapter_title": "Atliekų surinkimas, tvarkymas ir šalinimas; medžiagų atgavimas",
        "evrk_group_code": "381",
        "evrk_group_title": "Atliekų surinkimas",
        "evrk_class_code": "3810",
        "evrk_class_title": "Atliekų surinkimas",
        "evrk_subclass_code": "381000",
        "evrk_subclass_title": "Atliekų surinkimas",
        "object_id": 380
      }
    },
    {
      "type": "Feature",
      "id": 381,
      "geometry": null,
      "properties": {
        "evrk_section_code": "E",
        "evrk_section_title": "Vandens tiekimas nuotekų valymas, atliekų tvarkymas ir regeneravimas",
        "evrk_chapter_code": "38",
        "evrk_chapter_title": "Atliekų surinkimas, tvarkymas ir šalinimas; medžiagų atgavimas",
        "evrk_group_code": "383",
        "evrk_group_title": "Medžiagų atgavimas",
        "evrk_class_code": "3831",
        "evrk_class_title": "Mašinų duženų išmontavimas",
        "evrk_subclass_code": "383100",
        "evrk_subclass_title": "Mašinų duženų išmontavimas",
        "object_id": 381
      }
    },
    {
      "type": "Feature",
      "id": 382,
      "geometry": null,
      "properties": {
        "evrk_section_code": "E",
        "evrk_section_title": "Vandens tiekimas nuotekų valymas, atliekų tvarkymas ir regeneravimas",
        "evrk_chapter_code": "38",
        "evrk_chapter_title": "Atliekų surinkimas, tvarkymas ir šalinimas; medžiagų atgavimas",
        "evrk_group_code": "383",
        "evrk_group_title": "Medžiagų atgavimas",
        "evrk_class_code": "3832",
        "evrk_class_title": "Išrūšiuotų medžiagų atgavimas",
        "evrk_subclass_code": "383200",
        "evrk_subclass_title": "Išrūšiuotų medžiagų atgavimas",
        "object_id": 382
      }
    },
    {
      "type": "Feature",
      "id": 383,
      "geometry": null,
      "properties": {
        "evrk_section_code": "F",
        "evrk_section_title": "Statyba",
        "evrk_chapter_code": "42",
        "evrk_chapter_title": "Inžinerinių statinių statyba",
        "evrk_group_code": "421",
        "evrk_group_title": "Kelių ir geležinkelių tiesimas",
        "evrk_class_code": "4211",
        "evrk_class_title": "Kelių ir automagistralių tiesimas",
        "evrk_subclass_code": "421100",
        "evrk_subclass_title": "Kelių ir automagistralių tiesimas",
        "object_id": 383
      }
    },
    {
      "type": "Feature",
      "id": 384,
      "geometry": null,
      "properties": {
        "evrk_section_code": "F",
        "evrk_section_title": "Statyba",
        "evrk_chapter_code": "42",
        "evrk_chapter_title": "Inžinerinių statinių statyba",
        "evrk_group_code": "421",
        "evrk_group_title": "Kelių ir geležinkelių tiesimas",
        "evrk_class_code": "4213",
        "evrk_class_title": "Tiltų ir tunelių statyba",
        "evrk_subclass_code": "421300",
        "evrk_subclass_title": "Tiltų ir tunelių statyba",
        "object_id": 384
      }
    },
    {
      "type": "Feature",
      "id": 385,
      "geometry": null,
      "properties": {
        "evrk_section_code": "F",
        "evrk_section_title": "Statyba",
        "evrk_chapter_code": "43",
        "evrk_chapter_title": "Specializuota statybos veikla",
        "evrk_group_code": "431",
        "evrk_group_title": "Statinių nugriovimas ir statybvietės paruošimas",
        "evrk_class_code": "4312",
        "evrk_class_title": "Statybvietės paruošimas",
        "evrk_subclass_code": "431220",
        "evrk_subclass_title": "Žemės darbai statybos aikštelėse",
        "object_id": 385
      }
    },
    {
      "type": "Feature",
      "id": 386,
      "geometry": null,
      "properties": {
        "evrk_section_code": "F",
        "evrk_section_title": "Statyba",
        "evrk_chapter_code": "43",
        "evrk_chapter_title": "Specializuota statybos veikla",
        "evrk_group_code": "431",
        "evrk_group_title": "Statinių nugriovimas ir statybvietės paruošimas",
        "evrk_class_code": "4312",
        "evrk_class_title": "Statybvietės paruošimas",
        "evrk_subclass_code": "431230",
        "evrk_subclass_title": "Sausinimo ir drėkinimo sistemų tiesimas",
        "object_id": 386
      }
    },
    {
      "type": "Feature",
      "id": 387,
      "geometry": null,
      "properties": {
        "evrk_section_code": "F",
        "evrk_section_title": "Statyba",
        "evrk_chapter_code": "43",
        "evrk_chapter_title": "Specializuota statybos veikla",
        "evrk_group_code": "431",
        "evrk_group_title": "Statinių nugriovimas ir statybvietės paruošimas",
        "evrk_class_code": "4313",
        "evrk_class_title": "Žvalgomasis gręžimas",
        "evrk_subclass_code": "431300",
        "evrk_subclass_title": "Žvalgomasis gręžimas",
        "object_id": 387
      }
    },
    {
      "type": "Feature",
      "id": 388,
      "geometry": null,
      "properties": {
        "evrk_section_code": "F",
        "evrk_section_title": "Statyba",
        "evrk_chapter_code": "43",
        "evrk_chapter_title": "Specializuota statybos veikla",
        "evrk_group_code": "432",
        "evrk_group_title": "Elektros, vandentiekio ir kitos įrangos įrengimas",
        "evrk_class_code": "4321",
        "evrk_class_title": "Elektros sistemų įrengimas",
        "evrk_subclass_code": "432110",
        "evrk_subclass_title": "Pastatų ir statinių elektros tinklų įrengimas",
        "object_id": 388
      }
    },
    {
      "type": "Feature",
      "id": 389,
      "geometry": null,
      "properties": {
        "evrk_section_code": "F",
        "evrk_section_title": "Statyba",
        "evrk_chapter_code": "43",
        "evrk_chapter_title": "Specializuota statybos veikla",
        "evrk_group_code": "432",
        "evrk_group_title": "Elektros, vandentiekio ir kitos įrangos įrengimas",
        "evrk_class_code": "4322",
        "evrk_class_title": "Vandentiekio, šildymo ir oro kondicionavimo sistemų įrengimas",
        "evrk_subclass_code": "432200",
        "evrk_subclass_title": "Vandentiekio, šildymo ir oro kondicionavimo sistemų įrengimas",
        "object_id": 389
      }
    },
    {
      "type": "Feature",
      "id": 390,
      "geometry": null,
      "properties": {
        "evrk_section_code": "F",
        "evrk_section_title": "Statyba",
        "evrk_chapter_code": "43",
        "evrk_chapter_title": "Specializuota statybos veikla",
        "evrk_group_code": "433",
        "evrk_group_title": "Statybos baigimas ir apdaila",
        "evrk_class_code": "4332",
        "evrk_class_title": "Staliaus dirbinių įrengimas",
        "evrk_subclass_code": "433200",
        "evrk_subclass_title": "Staliaus dirbinių įrengimas",
        "object_id": 390
      }
    },
    {
      "type": "Feature",
      "id": 391,
      "geometry": null,
      "properties": {
        "evrk_section_code": "F",
        "evrk_section_title": "Statyba",
        "evrk_chapter_code": "43",
        "evrk_chapter_title": "Specializuota statybos veikla",
        "evrk_group_code": "433",
        "evrk_group_title": "Statybos baigimas ir apdaila",
        "evrk_class_code": "4334",
        "evrk_class_title": "Dažymas ir stiklinimas",
        "evrk_subclass_code": "433400",
        "evrk_subclass_title": "Dažymas ir stiklinimas",
        "object_id": 391
      }
    },
    {
      "type": "Feature",
      "id": 392,
      "geometry": null,
      "properties": {
        "evrk_section_code": "F",
        "evrk_section_title": "Statyba",
        "evrk_chapter_code": "43",
        "evrk_chapter_title": "Specializuota statybos veikla",
        "evrk_group_code": "433",
        "evrk_group_title": "Statybos baigimas ir apdaila",
        "evrk_class_code": "4339",
        "evrk_class_title": "Kiti statybos baigiamieji ir apdailos darbai",
        "evrk_subclass_code": "433900",
        "evrk_subclass_title": "Kiti statybos baigiamieji ir apdailos darbai",
        "object_id": 392
      }
    },
    {
      "type": "Feature",
      "id": 393,
      "geometry": null,
      "properties": {
        "evrk_section_code": "G",
        "evrk_section_title": "Didmeninė ir mažmeninė prekyba; variklinių transporto priemonių ir motociklų remontas",
        "evrk_chapter_code": "45",
        "evrk_chapter_title": "Variklinių transporto priemonių ir motociklų didmeninė ir mažmeninė prekyba bei remontas",
        "evrk_group_code": "452",
        "evrk_group_title": "Variklinių transporto priemonių techninė priežiūra ir remontas",
        "evrk_class_code": "4520",
        "evrk_class_title": "Variklinių transporto priemonių techninė priežiūra ir remontas",
        "evrk_subclass_code": "452000",
        "evrk_subclass_title": "Variklinių transporto priemonių techninė priežiūra ir remontas",
        "object_id": 393
      }
    },
    {
      "type": "Feature",
      "id": 394,
      "geometry": null,
      "properties": {
        "evrk_section_code": "G",
        "evrk_section_title": "Didmeninė ir mažmeninė prekyba; variklinių transporto priemonių ir motociklų remontas",
        "evrk_chapter_code": "45",
        "evrk_chapter_title": "Variklinių transporto priemonių ir motociklų didmeninė ir mažmeninė prekyba bei remontas",
        "evrk_group_code": "453",
        "evrk_group_title": "Variklinių transporto priemonių atsarginių dalių ir pagalbinių reikmenų pardavimas",
        "evrk_class_code": "4530",
        "evrk_class_title": "Variklinių transporto priemonių atsarginių dalių ir pagalbinių reikmenų pardavimas",
        "evrk_subclass_code": "453000",
        "evrk_subclass_title": "Variklinių transporto priemonių atsarginių dalių ir pagalbinių reikmenų pardavimas",
        "object_id": 394
      }
    },
    {
      "type": "Feature",
      "id": 395,
      "geometry": null,
      "properties": {
        "evrk_section_code": "G",
        "evrk_section_title": "Didmeninė ir mažmeninė prekyba; variklinių transporto priemonių ir motociklų remontas",
        "evrk_chapter_code": "46",
        "evrk_chapter_title": "Didmeninė prekyba, išskyrus prekybą variklinėmis transporto priemonėmis ir motociklais",
        "evrk_group_code": "461",
        "evrk_group_title": "Didmeninė prekyba už atlygį ar pagal sutartį",
        "evrk_class_code": "4615",
        "evrk_class_title": "Baldų, namų ūkio reikmenų, metalo ir geležies dirbinių pardavimo agentų veikla",
        "evrk_subclass_code": "461500",
        "evrk_subclass_title": "Baldų, namų ūkio reikmenų, metalo ir geležies dirbinių pardavimo agentų veikla",
        "object_id": 395
      }
    },
    {
      "type": "Feature",
      "id": 396,
      "geometry": null,
      "properties": {
        "evrk_section_code": "G",
        "evrk_section_title": "Didmeninė ir mažmeninė prekyba; variklinių transporto priemonių ir motociklų remontas",
        "evrk_chapter_code": "46",
        "evrk_chapter_title": "Didmeninė prekyba, išskyrus prekybą variklinėmis transporto priemonėmis ir motociklais",
        "evrk_group_code": "461",
        "evrk_group_title": "Didmeninė prekyba už atlygį ar pagal sutartį",
        "evrk_class_code": "4617",
        "evrk_class_title": "Maisto produktų, gėrimų ir tabako pardavimo agentų veikla",
        "evrk_subclass_code": "461700",
        "evrk_subclass_title": "Maisto produktų, gėrimų ir tabako pardavimo agentų veikla",
        "object_id": 396
      }
    },
    {
      "type": "Feature",
      "id": 397,
      "geometry": null,
      "properties": {
        "evrk_section_code": "G",
        "evrk_section_title": "Didmeninė ir mažmeninė prekyba; variklinių transporto priemonių ir motociklų remontas",
        "evrk_chapter_code": "46",
        "evrk_chapter_title": "Didmeninė prekyba, išskyrus prekybą variklinėmis transporto priemonėmis ir motociklais",
        "evrk_group_code": "461",
        "evrk_group_title": "Didmeninė prekyba už atlygį ar pagal sutartį",
        "evrk_class_code": "4618",
        "evrk_class_title": "Kitų specifinių produktų pardavimo agentų specializuota veikla",
        "evrk_subclass_code": "461800",
        "evrk_subclass_title": "Kitų specifinių produktų pardavimo agentų specializuota veikla",
        "object_id": 397
      }
    },
    {
      "type": "Feature",
      "id": 398,
      "geometry": null,
      "properties": {
        "evrk_section_code": "G",
        "evrk_section_title": "Didmeninė ir mažmeninė prekyba; variklinių transporto priemonių ir motociklų remontas",
        "evrk_chapter_code": "46",
        "evrk_chapter_title": "Didmeninė prekyba, išskyrus prekybą variklinėmis transporto priemonėmis ir motociklais",
        "evrk_group_code": "462",
        "evrk_group_title": "Žemės ūkio žaliavų ir gyvų gyvulių didmeninė prekyba",
        "evrk_class_code": "4621",
        "evrk_class_title": "Grūdų, neperdirbto tabako, sėklų ir pašarų gyvuliams didmeninė prekyba",
        "evrk_subclass_code": "462100",
        "evrk_subclass_title": "Grūdų, neperdirbto tabako, sėklų ir pašarų gyvuliams didmeninė prekyba",
        "object_id": 398
      }
    },
    {
      "type": "Feature",
      "id": 399,
      "geometry": null,
      "properties": {
        "evrk_section_code": "G",
        "evrk_section_title": "Didmeninė ir mažmeninė prekyba; variklinių transporto priemonių ir motociklų remontas",
        "evrk_chapter_code": "46",
        "evrk_chapter_title": "Didmeninė prekyba, išskyrus prekybą variklinėmis transporto priemonėmis ir motociklais",
        "evrk_group_code": "463",
        "evrk_group_title": "Maisto produktų, gėrimų, tabako ir jo gaminių didmeninė prekyba",
        "evrk_class_code": "4630",
        "evrk_class_title": "Maisto produktų, gėrimų, tabako ir jo gaminių didmeninė prekyba",
        "evrk_subclass_code": "463000",
        "evrk_subclass_title": "Maisto produktų, gėrimų, tabako ir jo gaminių didmeninė prekyba",
        "object_id": 399
      }
    },
    {
      "type": "Feature",
      "id": 400,
      "geometry": null,
      "properties": {
        "evrk_section_code": "G",
        "evrk_section_title": "Didmeninė ir mažmeninė prekyba; variklinių transporto priemonių ir motociklų remontas",
        "evrk_chapter_code": "46",
        "evrk_chapter_title": "Didmeninė prekyba, išskyrus prekybą variklinėmis transporto priemonėmis ir motociklais",
        "evrk_group_code": "463",
        "evrk_group_title": "Maisto produktų, gėrimų, tabako ir jo gaminių didmeninė prekyba",
        "evrk_class_code": "4635",
        "evrk_class_title": "Tabako gaminių didmeninė prekyba",
        "evrk_subclass_code": "463500",
        "evrk_subclass_title": "Tabako gaminių didmeninė prekyba",
        "object_id": 400
      }
    },
    {
      "type": "Feature",
      "id": 401,
      "geometry": null,
      "properties": {
        "evrk_section_code": "G",
        "evrk_section_title": "Didmeninė ir mažmeninė prekyba; variklinių transporto priemonių ir motociklų remontas",
        "evrk_chapter_code": "46",
        "evrk_chapter_title": "Didmeninė prekyba, išskyrus prekybą variklinėmis transporto priemonėmis ir motociklais",
        "evrk_group_code": "463",
        "evrk_group_title": "Maisto produktų, gėrimų, tabako ir jo gaminių didmeninė prekyba",
        "evrk_class_code": "4636",
        "evrk_class_title": "Cukraus, šokolado ir cukraus saldumynų didmeninė prekyba",
        "evrk_subclass_code": "463600",
        "evrk_subclass_title": "Cukraus, šokolado ir cukraus saldumynų didmeninė prekyba",
        "object_id": 401
      }
    },
    {
      "type": "Feature",
      "id": 402,
      "geometry": null,
      "properties": {
        "evrk_section_code": "G",
        "evrk_section_title": "Didmeninė ir mažmeninė prekyba; variklinių transporto priemonių ir motociklų remontas",
        "evrk_chapter_code": "46",
        "evrk_chapter_title": "Didmeninė prekyba, išskyrus prekybą variklinėmis transporto priemonėmis ir motociklais",
        "evrk_group_code": "463",
        "evrk_group_title": "Maisto produktų, gėrimų, tabako ir jo gaminių didmeninė prekyba",
        "evrk_class_code": "4639",
        "evrk_class_title": "Maisto produktų, gėrimų ir tabako nespecializuota didmeninė prekyba",
        "evrk_subclass_code": "463900",
        "evrk_subclass_title": "Maisto produktų, gėrimų ir tabako nespecializuota didmeninė prekyba",
        "object_id": 402
      }
    },
    {
      "type": "Feature",
      "id": 403,
      "geometry": null,
      "properties": {
        "evrk_section_code": "G",
        "evrk_section_title": "Didmeninė ir mažmeninė prekyba; variklinių transporto priemonių ir motociklų remontas",
        "evrk_chapter_code": "46",
        "evrk_chapter_title": "Didmeninė prekyba, išskyrus prekybą variklinėmis transporto priemonėmis ir motociklais",
        "evrk_group_code": "464",
        "evrk_group_title": "Namų ūkio reikmenų didmeninė prekyba",
        "evrk_class_code": "4642",
        "evrk_class_title": "Drabužių ir avalynės didmeninė prekyba",
        "evrk_subclass_code": "464200",
        "evrk_subclass_title": "Drabužių ir avalynės didmeninė prekyba",
        "object_id": 403
      }
    },
    {
      "type": "Feature",
      "id": 404,
      "geometry": null,
      "properties": {
        "evrk_section_code": "G",
        "evrk_section_title": "Didmeninė ir mažmeninė prekyba; variklinių transporto priemonių ir motociklų remontas",
        "evrk_chapter_code": "46",
        "evrk_chapter_title": "Didmeninė prekyba, išskyrus prekybą variklinėmis transporto priemonėmis ir motociklais",
        "evrk_group_code": "464",
        "evrk_group_title": "Namų ūkio reikmenų didmeninė prekyba",
        "evrk_class_code": "4642",
        "evrk_class_title": "Drabužių ir avalynės didmeninė prekyba",
        "evrk_subclass_code": "464220",
        "evrk_subclass_title": "Odinės avalynės didmeninė prekyba",
        "object_id": 404
      }
    },
    {
      "type": "Feature",
      "id": 405,
      "geometry": null,
      "properties": {
        "evrk_section_code": "G",
        "evrk_section_title": "Didmeninė ir mažmeninė prekyba; variklinių transporto priemonių ir motociklų remontas",
        "evrk_chapter_code": "46",
        "evrk_chapter_title": "Didmeninė prekyba, išskyrus prekybą variklinėmis transporto priemonėmis ir motociklais",
        "evrk_group_code": "464",
        "evrk_group_title": "Namų ūkio reikmenų didmeninė prekyba",
        "evrk_class_code": "4642",
        "evrk_class_title": "Drabužių ir avalynės didmeninė prekyba",
        "evrk_subclass_code": "464230",
        "evrk_subclass_title": "Kailinių gaminių didmeninė prekyba",
        "object_id": 405
      }
    },
    {
      "type": "Feature",
      "id": 406,
      "geometry": null,
      "properties": {
        "evrk_section_code": "G",
        "evrk_section_title": "Didmeninė ir mažmeninė prekyba; variklinių transporto priemonių ir motociklų remontas",
        "evrk_chapter_code": "46",
        "evrk_chapter_title": "Didmeninė prekyba, išskyrus prekybą variklinėmis transporto priemonėmis ir motociklais",
        "evrk_group_code": "464",
        "evrk_group_title": "Namų ūkio reikmenų didmeninė prekyba",
        "evrk_class_code": "4642",
        "evrk_class_title": "Drabužių ir avalynės didmeninė prekyba",
        "evrk_subclass_code": "464240",
        "evrk_subclass_title": "Drabužių ir drabužių priedų didmeninė prekyba",
        "object_id": 406
      }
    },
    {
      "type": "Feature",
      "id": 407,
      "geometry": null,
      "properties": {
        "evrk_section_code": "G",
        "evrk_section_title": "Didmeninė ir mažmeninė prekyba; variklinių transporto priemonių ir motociklų remontas",
        "evrk_chapter_code": "46",
        "evrk_chapter_title": "Didmeninė prekyba, išskyrus prekybą variklinėmis transporto priemonėmis ir motociklais",
        "evrk_group_code": "464",
        "evrk_group_title": "Namų ūkio reikmenų didmeninė prekyba",
        "evrk_class_code": "4646",
        "evrk_class_title": "Farmacijos prekių didmeninė prekyba",
        "evrk_subclass_code": "464620",
        "evrk_subclass_title": "Vaistų ir vaistinių medžiagų didmeninė prekyba",
        "object_id": 407
      }
    },
    {
      "type": "Feature",
      "id": 408,
      "geometry": null,
      "properties": {
        "evrk_section_code": "J",
        "evrk_section_title": "Informacija ir ryšiai",
        "evrk_chapter_code": "58",
        "evrk_chapter_title": "Leidybinė veikla",
        "evrk_group_code": "582",
        "evrk_group_title": "Programinės įrangos leidyba",
        "evrk_class_code": "5821",
        "evrk_class_title": "Kompiuterinių žaidimų leidyba",
        "evrk_subclass_code": "582100",
        "evrk_subclass_title": "Kompiuterinių žaidimų leidyba",
        "object_id": 408
      }
    },
    {
      "type": "Feature",
      "id": 409,
      "geometry": null,
      "properties": {
        "evrk_section_code": "G",
        "evrk_section_title": "Didmeninė ir mažmeninė prekyba; variklinių transporto priemonių ir motociklų remontas",
        "evrk_chapter_code": "46",
        "evrk_chapter_title": "Didmeninė prekyba, išskyrus prekybą variklinėmis transporto priemonėmis ir motociklais",
        "evrk_group_code": "464",
        "evrk_group_title": "Namų ūkio reikmenų didmeninė prekyba",
        "evrk_class_code": "4649",
        "evrk_class_title": "Kitų namų ūkio reikmenų didmeninė prekyba",
        "evrk_subclass_code": "464900",
        "evrk_subclass_title": "Kitų namų ūkio reikmenų didmeninė prekyba",
        "object_id": 409
      }
    },
    {
      "type": "Feature",
      "id": 410,
      "geometry": null,
      "properties": {
        "evrk_section_code": "G",
        "evrk_section_title": "Didmeninė ir mažmeninė prekyba; variklinių transporto priemonių ir motociklų remontas",
        "evrk_chapter_code": "46",
        "evrk_chapter_title": "Didmeninė prekyba, išskyrus prekybą variklinėmis transporto priemonėmis ir motociklais",
        "evrk_group_code": "465",
        "evrk_group_title": "Informacijos ir ryšių technologijų (IRT) įrangos didmeninė prekyba",
        "evrk_class_code": "4650",
        "evrk_class_title": "Informacijos ir ryšių technologijų (IRT) įrangos didmeninė prekyba",
        "evrk_subclass_code": "465000",
        "evrk_subclass_title": "Informacijos ir ryšių technologijų (IRT) įrangos didmeninė prekyba",
        "object_id": 410
      }
    },
    {
      "type": "Feature",
      "id": 411,
      "geometry": null,
      "properties": {
        "evrk_section_code": "G",
        "evrk_section_title": "Didmeninė ir mažmeninė prekyba; variklinių transporto priemonių ir motociklų remontas",
        "evrk_chapter_code": "46",
        "evrk_chapter_title": "Didmeninė prekyba, išskyrus prekybą variklinėmis transporto priemonėmis ir motociklais",
        "evrk_group_code": "465",
        "evrk_group_title": "Informacijos ir ryšių technologijų (IRT) įrangos didmeninė prekyba",
        "evrk_class_code": "4652",
        "evrk_class_title": "Elektroninės ir telekomunikacinės įrangos ir jos dalių didmeninė prekyba",
        "evrk_subclass_code": "465200",
        "evrk_subclass_title": "Elektroninės ir telekomunikacinės įrangos ir jos dalių didmeninė prekyba",
        "object_id": 411
      }
    },
    {
      "type": "Feature",
      "id": 412,
      "geometry": null,
      "properties": {
        "evrk_section_code": "G",
        "evrk_section_title": "Didmeninė ir mažmeninė prekyba; variklinių transporto priemonių ir motociklų remontas",
        "evrk_chapter_code": "46",
        "evrk_chapter_title": "Didmeninė prekyba, išskyrus prekybą variklinėmis transporto priemonėmis ir motociklais",
        "evrk_group_code": "466",
        "evrk_group_title": "Kitų mašinų, įrangos ir reikmenų didmeninė prekyba",
        "evrk_class_code": "4660",
        "evrk_class_title": "Kitų mašinų, įrangos ir reikmenų didmeninė prekyba",
        "evrk_subclass_code": "466000",
        "evrk_subclass_title": "Kitų mašinų, įrangos ir reikmenų didmeninė prekyba",
        "object_id": 412
      }
    },
    {
      "type": "Feature",
      "id": 413,
      "geometry": null,
      "properties": {
        "evrk_section_code": "G",
        "evrk_section_title": "Didmeninė ir mažmeninė prekyba; variklinių transporto priemonių ir motociklų remontas",
        "evrk_chapter_code": "46",
        "evrk_chapter_title": "Didmeninė prekyba, išskyrus prekybą variklinėmis transporto priemonėmis ir motociklais",
        "evrk_group_code": "466",
        "evrk_group_title": "Kitų mašinų, įrangos ir reikmenų didmeninė prekyba",
        "evrk_class_code": "4661",
        "evrk_class_title": "Žemės ūkio mašinų, įrangos ir reikmenų didmeninė prekyba",
        "evrk_subclass_code": "466100",
        "evrk_subclass_title": "Žemės ūkio mašinų, įrangos ir reikmenų didmeninė prekyba",
        "object_id": 413
      }
    },
    {
      "type": "Feature",
      "id": 414,
      "geometry": null,
      "properties": {
        "evrk_section_code": "G",
        "evrk_section_title": "Didmeninė ir mažmeninė prekyba; variklinių transporto priemonių ir motociklų remontas",
        "evrk_chapter_code": "46",
        "evrk_chapter_title": "Didmeninė prekyba, išskyrus prekybą variklinėmis transporto priemonėmis ir motociklais",
        "evrk_group_code": "466",
        "evrk_group_title": "Kitų mašinų, įrangos ir reikmenų didmeninė prekyba",
        "evrk_class_code": "4665",
        "evrk_class_title": "Įstaigos baldų didmeninė prekyba",
        "evrk_subclass_code": "466500",
        "evrk_subclass_title": "Įstaigos baldų didmeninė prekyba",
        "object_id": 414
      }
    },
    {
      "type": "Feature",
      "id": 415,
      "geometry": null,
      "properties": {
        "evrk_section_code": "G",
        "evrk_section_title": "Didmeninė ir mažmeninė prekyba; variklinių transporto priemonių ir motociklų remontas",
        "evrk_chapter_code": "46",
        "evrk_chapter_title": "Didmeninė prekyba, išskyrus prekybą variklinėmis transporto priemonėmis ir motociklais",
        "evrk_group_code": "467",
        "evrk_group_title": "Kita specializuota didmeninė prekyba",
        "evrk_class_code": "4670",
        "evrk_class_title": "Kita specializuota didmeninė prekyba",
        "evrk_subclass_code": "467000",
        "evrk_subclass_title": "Kita specializuota didmeninė prekyba",
        "object_id": 415
      }
    },
    {
      "type": "Feature",
      "id": 416,
      "geometry": null,
      "properties": {
        "evrk_section_code": "G",
        "evrk_section_title": "Didmeninė ir mažmeninė prekyba; variklinių transporto priemonių ir motociklų remontas",
        "evrk_chapter_code": "46",
        "evrk_chapter_title": "Didmeninė prekyba, išskyrus prekybą variklinėmis transporto priemonėmis ir motociklais",
        "evrk_group_code": "467",
        "evrk_group_title": "Kita specializuota didmeninė prekyba",
        "evrk_class_code": "4671",
        "evrk_class_title": "Kietojo, skystojo ir dujinio kuro bei priedų didmeninė prekyba",
        "evrk_subclass_code": "467100",
        "evrk_subclass_title": "Kietojo, skystojo ir dujinio kuro bei priedų didmeninė prekyba",
        "object_id": 416
      }
    },
    {
      "type": "Feature",
      "id": 417,
      "geometry": null,
      "properties": {
        "evrk_section_code": "G",
        "evrk_section_title": "Didmeninė ir mažmeninė prekyba; variklinių transporto priemonių ir motociklų remontas",
        "evrk_chapter_code": "46",
        "evrk_chapter_title": "Didmeninė prekyba, išskyrus prekybą variklinėmis transporto priemonėmis ir motociklais",
        "evrk_group_code": "467",
        "evrk_group_title": "Kita specializuota didmeninė prekyba",
        "evrk_class_code": "4671",
        "evrk_class_title": "Kietojo, skystojo ir dujinio kuro bei priedų didmeninė prekyba",
        "evrk_subclass_code": "467130",
        "evrk_subclass_title": "Dujinio kuro didmeninė prekyba",
        "object_id": 417
      }
    },
    {
      "type": "Feature",
      "id": 418,
      "geometry": null,
      "properties": {
        "evrk_section_code": "G",
        "evrk_section_title": "Didmeninė ir mažmeninė prekyba; variklinių transporto priemonių ir motociklų remontas",
        "evrk_chapter_code": "46",
        "evrk_chapter_title": "Didmeninė prekyba, išskyrus prekybą variklinėmis transporto priemonėmis ir motociklais",
        "evrk_group_code": "467",
        "evrk_group_title": "Kita specializuota didmeninė prekyba",
        "evrk_class_code": "4673",
        "evrk_class_title": "Medienos, statybinių medžiagų ir sanitarinių įrenginių didmeninė prekyba",
        "evrk_subclass_code": "467310",
        "evrk_subclass_title": "Popierinių sienų apmušalų didmeninė prekyba",
        "object_id": 418
      }
    },
    {
      "type": "Feature",
      "id": 419,
      "geometry": null,
      "properties": {
        "evrk_section_code": "G",
        "evrk_section_title": "Didmeninė ir mažmeninė prekyba; variklinių transporto priemonių ir motociklų remontas",
        "evrk_chapter_code": "46",
        "evrk_chapter_title": "Didmeninė prekyba, išskyrus prekybą variklinėmis transporto priemonėmis ir motociklais",
        "evrk_group_code": "467",
        "evrk_group_title": "Kita specializuota didmeninė prekyba",
        "evrk_class_code": "4674",
        "evrk_class_title": "Metalinių dirbinių, vandentiekio ir šildymo įrangos bei reikmenų didmeninė prekyba",
        "evrk_subclass_code": "467400",
        "evrk_subclass_title": "Metalinių dirbinių, vandentiekio ir šildymo įrangos bei reikmenų didmeninė prekyba",
        "object_id": 419
      }
    },
    {
      "type": "Feature",
      "id": 420,
      "geometry": null,
      "properties": {
        "evrk_section_code": "G",
        "evrk_section_title": "Didmeninė ir mažmeninė prekyba; variklinių transporto priemonių ir motociklų remontas",
        "evrk_chapter_code": "46",
        "evrk_chapter_title": "Didmeninė prekyba, išskyrus prekybą variklinėmis transporto priemonėmis ir motociklais",
        "evrk_group_code": "467",
        "evrk_group_title": "Kita specializuota didmeninė prekyba",
        "evrk_class_code": "4674",
        "evrk_class_title": "Metalinių dirbinių, vandentiekio ir šildymo įrangos bei reikmenų didmeninė prekyba",
        "evrk_subclass_code": "467410",
        "evrk_subclass_title": "Geležies dirbinių didmeninė prekyba",
        "object_id": 420
      }
    },
    {
      "type": "Feature",
      "id": 421,
      "geometry": null,
      "properties": {
        "evrk_section_code": "G",
        "evrk_section_title": "Didmeninė ir mažmeninė prekyba; variklinių transporto priemonių ir motociklų remontas",
        "evrk_chapter_code": "46",
        "evrk_chapter_title": "Didmeninė prekyba, išskyrus prekybą variklinėmis transporto priemonėmis ir motociklais",
        "evrk_group_code": "467",
        "evrk_group_title": "Kita specializuota didmeninė prekyba",
        "evrk_class_code": "4674",
        "evrk_class_title": "Metalinių dirbinių, vandentiekio ir šildymo įrangos bei reikmenų didmeninė prekyba",
        "evrk_subclass_code": "467420",
        "evrk_subclass_title": "Vandentiekio įrangos didmeninė prekyba",
        "object_id": 421
      }
    },
    {
      "type": "Feature",
      "id": 422,
      "geometry": null,
      "properties": {
        "evrk_section_code": "G",
        "evrk_section_title": "Didmeninė ir mažmeninė prekyba; variklinių transporto priemonių ir motociklų remontas",
        "evrk_chapter_code": "46",
        "evrk_chapter_title": "Didmeninė prekyba, išskyrus prekybą variklinėmis transporto priemonėmis ir motociklais",
        "evrk_group_code": "467",
        "evrk_group_title": "Kita specializuota didmeninė prekyba",
        "evrk_class_code": "4675",
        "evrk_class_title": "Chemijos produktų didmeninė prekyba",
        "evrk_subclass_code": "467510",
        "evrk_subclass_title": "Agrocheminių produktų ir trąšų didmeninė prekyba",
        "object_id": 422
      }
    },
    {
      "type": "Feature",
      "id": 423,
      "geometry": null,
      "properties": {
        "evrk_section_code": "G",
        "evrk_section_title": "Didmeninė ir mažmeninė prekyba; variklinių transporto priemonių ir motociklų remontas",
        "evrk_chapter_code": "46",
        "evrk_chapter_title": "Didmeninė prekyba, išskyrus prekybą variklinėmis transporto priemonėmis ir motociklais",
        "evrk_group_code": "467",
        "evrk_group_title": "Kita specializuota didmeninė prekyba",
        "evrk_class_code": "4676",
        "evrk_class_title": "Kitų tarpinių produktų didmeninė prekyba",
        "evrk_subclass_code": "467620",
        "evrk_subclass_title": "Linų pluošto didmeninė prekyba",
        "object_id": 423
      }
    },
    {
      "type": "Feature",
      "id": 424,
      "geometry": null,
      "properties": {
        "evrk_section_code": "G",
        "evrk_section_title": "Didmeninė ir mažmeninė prekyba; variklinių transporto priemonių ir motociklų remontas",
        "evrk_chapter_code": "47",
        "evrk_chapter_title": "Mažmeninė prekyba, išskyrus variklinių transporto priemonių ir motociklų prekybą",
        "evrk_group_code": "472",
        "evrk_group_title": "Maisto, gėrimų ir tabako mažmeninė prekyba specializuotose parduotuvėse",
        "evrk_class_code": "4721",
        "evrk_class_title": "Vaisių, uogų ir daržovių mažmeninė prekyba specializuotose parduotuvėse",
        "evrk_subclass_code": "472100",
        "evrk_subclass_title": "Vaisių, uogų ir daržovių mažmeninė prekyba specializuotose parduotuvėse",
        "object_id": 424
      }
    },
    {
      "type": "Feature",
      "id": 425,
      "geometry": null,
      "properties": {
        "evrk_section_code": "G",
        "evrk_section_title": "Didmeninė ir mažmeninė prekyba; variklinių transporto priemonių ir motociklų remontas",
        "evrk_chapter_code": "47",
        "evrk_chapter_title": "Mažmeninė prekyba, išskyrus variklinių transporto priemonių ir motociklų prekybą",
        "evrk_group_code": "472",
        "evrk_group_title": "Maisto, gėrimų ir tabako mažmeninė prekyba specializuotose parduotuvėse",
        "evrk_class_code": "4724",
        "evrk_class_title": "Duonos, bandelių, konditerijos gaminių ir cukraus saldumynų mažmeninė prekyba specializuotose parduotuvėse",
        "evrk_subclass_code": "472420",
        "evrk_subclass_title": "Konditerijos gaminių ir saldumynų mažmeninė prekyba",
        "object_id": 425
      }
    },
    {
      "type": "Feature",
      "id": 426,
      "geometry": null,
      "properties": {
        "evrk_section_code": "G",
        "evrk_section_title": "Didmeninė ir mažmeninė prekyba; variklinių transporto priemonių ir motociklų remontas",
        "evrk_chapter_code": "47",
        "evrk_chapter_title": "Mažmeninė prekyba, išskyrus variklinių transporto priemonių ir motociklų prekybą",
        "evrk_group_code": "474",
        "evrk_group_title": "Informacijos ir ryšių technologijų (IRT) įrangos mažmeninė prekyba specializuotose parduotuvėse",
        "evrk_class_code": "4741",
        "evrk_class_title": "Kompiuterių, jų išorinės ir programinės įrangos mažmeninė prekyba specializuotose parduotuvėse",
        "evrk_subclass_code": "474100",
        "evrk_subclass_title": "Kompiuterių, jų išorinės ir programinės įrangos mažmeninė prekyba specializuotose parduotuvėse",
        "object_id": 426
      }
    },
    {
      "type": "Feature",
      "id": 427,
      "geometry": null,
      "properties": {
        "evrk_section_code": "G",
        "evrk_section_title": "Didmeninė ir mažmeninė prekyba; variklinių transporto priemonių ir motociklų remontas",
        "evrk_chapter_code": "47",
        "evrk_chapter_title": "Mažmeninė prekyba, išskyrus variklinių transporto priemonių ir motociklų prekybą",
        "evrk_group_code": "474",
        "evrk_group_title": "Informacijos ir ryšių technologijų (IRT) įrangos mažmeninė prekyba specializuotose parduotuvėse",
        "evrk_class_code": "4743",
        "evrk_class_title": "Garso ir vaizdo įrangos mažmeninė prekyba specializuotose parduotuvėse",
        "evrk_subclass_code": "474300",
        "evrk_subclass_title": "Garso ir vaizdo įrangos mažmeninė prekyba specializuotose parduotuvėse",
        "object_id": 427
      }
    },
    {
      "type": "Feature",
      "id": 428,
      "geometry": null,
      "properties": {
        "evrk_section_code": "F",
        "evrk_section_title": "Statyba",
        "evrk_chapter_code": "43",
        "evrk_chapter_title": "Specializuota statybos veikla",
        "evrk_group_code": "439",
        "evrk_group_title": "Kita specializuota statybos veikla",
        "evrk_class_code": "4390",
        "evrk_class_title": "Kita specializuota statybos veikla",
        "evrk_subclass_code": "439000",
        "evrk_subclass_title": "Kita specializuota statybos veikla",
        "object_id": 428
      }
    },
    {
      "type": "Feature",
      "id": 429,
      "geometry": null,
      "properties": {
        "evrk_section_code": "G",
        "evrk_section_title": "Didmeninė ir mažmeninė prekyba; variklinių transporto priemonių ir motociklų remontas",
        "evrk_chapter_code": "47",
        "evrk_chapter_title": "Mažmeninė prekyba, išskyrus variklinių transporto priemonių ir motociklų prekybą",
        "evrk_group_code": "475",
        "evrk_group_title": "Kitos namų ūkio įrangos mažmeninė prekyba specializuotose parduotuvėse",
        "evrk_class_code": "4752",
        "evrk_class_title": "Metalo dirbinių, dažų ir stiklo mažmeninė prekyba specializuotose parduotuvėse",
        "evrk_subclass_code": "475220",
        "evrk_subclass_title": "Plokščiojo stiklo mažmeninė prekyba",
        "object_id": 429
      }
    },
    {
      "type": "Feature",
      "id": 430,
      "geometry": null,
      "properties": {
        "evrk_section_code": "G",
        "evrk_section_title": "Didmeninė ir mažmeninė prekyba; variklinių transporto priemonių ir motociklų remontas",
        "evrk_chapter_code": "47",
        "evrk_chapter_title": "Mažmeninė prekyba, išskyrus variklinių transporto priemonių ir motociklų prekybą",
        "evrk_group_code": "475",
        "evrk_group_title": "Kitos namų ūkio įrangos mažmeninė prekyba specializuotose parduotuvėse",
        "evrk_class_code": "4752",
        "evrk_class_title": "Metalo dirbinių, dažų ir stiklo mažmeninė prekyba specializuotose parduotuvėse",
        "evrk_subclass_code": "475240",
        "evrk_subclass_title": "Medžiagų ir smulkiojo remonto darbams įrangos mažmeninė prekyba",
        "object_id": 430
      }
    },
    {
      "type": "Feature",
      "id": 431,
      "geometry": null,
      "properties": {
        "evrk_section_code": "G",
        "evrk_section_title": "Didmeninė ir mažmeninė prekyba; variklinių transporto priemonių ir motociklų remontas",
        "evrk_chapter_code": "47",
        "evrk_chapter_title": "Mažmeninė prekyba, išskyrus variklinių transporto priemonių ir motociklų prekybą",
        "evrk_group_code": "475",
        "evrk_group_title": "Kitos namų ūkio įrangos mažmeninė prekyba specializuotose parduotuvėse",
        "evrk_class_code": "4759",
        "evrk_class_title": "Baldų, apšvietimo įrangos ir kitų namų ūkio prekių mažmeninė prekyba specializuotose parduotuvėse",
        "evrk_subclass_code": "475900",
        "evrk_subclass_title": "Baldų, apšvietimo įrangos ir kitų namų ūkio prekių mažmeninė prekyba specializuotose parduotuvėse",
        "object_id": 431
      }
    },
    {
      "type": "Feature",
      "id": 432,
      "geometry": null,
      "properties": {
        "evrk_section_code": "G",
        "evrk_section_title": "Didmeninė ir mažmeninė prekyba; variklinių transporto priemonių ir motociklų remontas",
        "evrk_chapter_code": "47",
        "evrk_chapter_title": "Mažmeninė prekyba, išskyrus variklinių transporto priemonių ir motociklų prekybą",
        "evrk_group_code": "476",
        "evrk_group_title": "Kultūros ir poilsio prekių mažmeninė prekyba specializuotose parduotuvėse",
        "evrk_class_code": "4762",
        "evrk_class_title": "Laikraščių ir raštinės reikmenų mažmeninė prekyba specializuotose parduotuvėse",
        "evrk_subclass_code": "476200",
        "evrk_subclass_title": "Laikraščių ir raštinės reikmenų mažmeninė prekyba specializuotose parduotuvėse",
        "object_id": 432
      }
    },
    {
      "type": "Feature",
      "id": 433,
      "geometry": null,
      "properties": {
        "evrk_section_code": "G",
        "evrk_section_title": "Didmeninė ir mažmeninė prekyba; variklinių transporto priemonių ir motociklų remontas",
        "evrk_chapter_code": "47",
        "evrk_chapter_title": "Mažmeninė prekyba, išskyrus variklinių transporto priemonių ir motociklų prekybą",
        "evrk_group_code": "476",
        "evrk_group_title": "Kultūros ir poilsio prekių mažmeninė prekyba specializuotose parduotuvėse",
        "evrk_class_code": "4764",
        "evrk_class_title": "Sporto įrangos mažmeninė prekyba specializuotose parduotuvėse",
        "evrk_subclass_code": "476400",
        "evrk_subclass_title": "Sporto įrangos mažmeninė prekyba specializuotose parduotuvėse",
        "object_id": 433
      }
    },
    {
      "type": "Feature",
      "id": 434,
      "geometry": null,
      "properties": {
        "evrk_section_code": "G",
        "evrk_section_title": "Didmeninė ir mažmeninė prekyba; variklinių transporto priemonių ir motociklų remontas",
        "evrk_chapter_code": "47",
        "evrk_chapter_title": "Mažmeninė prekyba, išskyrus variklinių transporto priemonių ir motociklų prekybą",
        "evrk_group_code": "476",
        "evrk_group_title": "Kultūros ir poilsio prekių mažmeninė prekyba specializuotose parduotuvėse",
        "evrk_class_code": "4765",
        "evrk_class_title": "Žaidimų ir žaislų mažmeninė prekyba specializuotose parduotuvėse",
        "evrk_subclass_code": "476500",
        "evrk_subclass_title": "Žaidimų ir žaislų mažmeninė prekyba specializuotose parduotuvėse",
        "object_id": 434
      }
    },
    {
      "type": "Feature",
      "id": 435,
      "geometry": null,
      "properties": {
        "evrk_section_code": "G",
        "evrk_section_title": "Didmeninė ir mažmeninė prekyba; variklinių transporto priemonių ir motociklų remontas",
        "evrk_chapter_code": "47",
        "evrk_chapter_title": "Mažmeninė prekyba, išskyrus variklinių transporto priemonių ir motociklų prekybą",
        "evrk_group_code": "477",
        "evrk_group_title": "Kitų prekių mažmeninė prekyba specializuotose parduotuvėse",
        "evrk_class_code": "4770",
        "evrk_class_title": "Kitų prekių mažmeninė prekyba specializuotose parduotuvėse",
        "evrk_subclass_code": "477000",
        "evrk_subclass_title": "Kitų prekių mažmeninė prekyba specializuotose parduotuvėse",
        "object_id": 435
      }
    },
    {
      "type": "Feature",
      "id": 436,
      "geometry": null,
      "properties": {
        "evrk_section_code": "G",
        "evrk_section_title": "Didmeninė ir mažmeninė prekyba; variklinių transporto priemonių ir motociklų remontas",
        "evrk_chapter_code": "47",
        "evrk_chapter_title": "Mažmeninė prekyba, išskyrus variklinių transporto priemonių ir motociklų prekybą",
        "evrk_group_code": "477",
        "evrk_group_title": "Kitų prekių mažmeninė prekyba specializuotose parduotuvėse",
        "evrk_class_code": "4773",
        "evrk_class_title": "Vaistinių, ruošiančių ir parduodančių vaistus, veikla",
        "evrk_subclass_code": "477300",
        "evrk_subclass_title": "Vaistinių, ruošiančių ir parduodančių vaistus, veikla",
        "object_id": 436
      }
    },
    {
      "type": "Feature",
      "id": 437,
      "geometry": null,
      "properties": {
        "evrk_section_code": "G",
        "evrk_section_title": "Didmeninė ir mažmeninė prekyba; variklinių transporto priemonių ir motociklų remontas",
        "evrk_chapter_code": "47",
        "evrk_chapter_title": "Mažmeninė prekyba, išskyrus variklinių transporto priemonių ir motociklų prekybą",
        "evrk_group_code": "477",
        "evrk_group_title": "Kitų prekių mažmeninė prekyba specializuotose parduotuvėse",
        "evrk_class_code": "4778",
        "evrk_class_title": "Kita naujų prekių mažmeninė prekyba specializuotose parduotuvėse",
        "evrk_subclass_code": "477840",
        "evrk_subclass_title": "Optikos prekių mažmeninė prekyba",
        "object_id": 437
      }
    },
    {
      "type": "Feature",
      "id": 438,
      "geometry": null,
      "properties": {
        "evrk_section_code": "G",
        "evrk_section_title": "Didmeninė ir mažmeninė prekyba; variklinių transporto priemonių ir motociklų remontas",
        "evrk_chapter_code": "47",
        "evrk_chapter_title": "Mažmeninė prekyba, išskyrus variklinių transporto priemonių ir motociklų prekybą",
        "evrk_group_code": "479",
        "evrk_group_title": "Mažmeninė prekyba ne parduotuvėse, kioskuose ar prekyvietėse",
        "evrk_class_code": "4799",
        "evrk_class_title": "Kita mažmeninė prekyba ne parduotuvėse, kioskuose ar prekyvietėse",
        "evrk_subclass_code": "479920",
        "evrk_subclass_title": "Mažmeninė prekyba iš automatų smulkioms prekėms pardavinėti",
        "object_id": 438
      }
    },
    {
      "type": "Feature",
      "id": 439,
      "geometry": null,
      "properties": {
        "evrk_section_code": "H",
        "evrk_section_title": "Transportas ir saugojimas",
        "evrk_chapter_code": "49",
        "evrk_chapter_title": "Sausumos transportas ir transportavimas vamzdynais",
        "evrk_group_code": "490",
        "evrk_group_title": "Sausumos transportas ir transportavimas vamzdynais",
        "evrk_class_code": "4900",
        "evrk_class_title": "Sausumos transportas ir transportavimas vamzdynais",
        "evrk_subclass_code": "490000",
        "evrk_subclass_title": "Sausumos transportas ir transportavimas vamzdynais",
        "object_id": 439
      }
    },
    {
      "type": "Feature",
      "id": 440,
      "geometry": null,
      "properties": {
        "evrk_section_code": "H",
        "evrk_section_title": "Transportas ir saugojimas",
        "evrk_chapter_code": "49",
        "evrk_chapter_title": "Sausumos transportas ir transportavimas vamzdynais",
        "evrk_group_code": "493",
        "evrk_group_title": "Kitas keleivinis sausumos transportas",
        "evrk_class_code": "4932",
        "evrk_class_title": "Taksi veikla",
        "evrk_subclass_code": "493200",
        "evrk_subclass_title": "Taksi veikla",
        "object_id": 440
      }
    },
    {
      "type": "Feature",
      "id": 441,
      "geometry": null,
      "properties": {
        "evrk_section_code": "H",
        "evrk_section_title": "Transportas ir saugojimas",
        "evrk_chapter_code": "50",
        "evrk_chapter_title": "Vandens transportas",
        "evrk_group_code": "501",
        "evrk_group_title": "Jūrų ir pakrančių keleivinis vandens transportas",
        "evrk_class_code": "5010",
        "evrk_class_title": "Jūrų ir pakrančių keleivinis vandens transportas",
        "evrk_subclass_code": "501000",
        "evrk_subclass_title": "Jūrų ir pakrančių keleivinis vandens transportas",
        "object_id": 441
      }
    },
    {
      "type": "Feature",
      "id": 442,
      "geometry": null,
      "properties": {
        "evrk_section_code": "H",
        "evrk_section_title": "Transportas ir saugojimas",
        "evrk_chapter_code": "51",
        "evrk_chapter_title": "Oro transportas",
        "evrk_group_code": "510",
        "evrk_group_title": "Oro transportas",
        "evrk_class_code": "5100",
        "evrk_class_title": "Oro transportas",
        "evrk_subclass_code": "510000",
        "evrk_subclass_title": "Oro transportas",
        "object_id": 442
      }
    },
    {
      "type": "Feature",
      "id": 443,
      "geometry": null,
      "properties": {
        "evrk_section_code": "H",
        "evrk_section_title": "Transportas ir saugojimas",
        "evrk_chapter_code": "51",
        "evrk_chapter_title": "Oro transportas",
        "evrk_group_code": "511",
        "evrk_group_title": "Keleivinis oro transportas",
        "evrk_class_code": "5110",
        "evrk_class_title": "Keleivinis oro transportas",
        "evrk_subclass_code": "511000",
        "evrk_subclass_title": "Keleivinis oro transportas",
        "object_id": 443
      }
    },
    {
      "type": "Feature",
      "id": 444,
      "geometry": null,
      "properties": {
        "evrk_section_code": "H",
        "evrk_section_title": "Transportas ir saugojimas",
        "evrk_chapter_code": "51",
        "evrk_chapter_title": "Oro transportas",
        "evrk_group_code": "512",
        "evrk_group_title": "Krovininis oro transportas ir kosminis transportas",
        "evrk_class_code": "5122",
        "evrk_class_title": "Kosminis transportas",
        "evrk_subclass_code": "512200",
        "evrk_subclass_title": "Kosminis transportas",
        "object_id": 444
      }
    },
    {
      "type": "Feature",
      "id": 445,
      "geometry": null,
      "properties": {
        "evrk_section_code": "H",
        "evrk_section_title": "Transportas ir saugojimas",
        "evrk_chapter_code": "52",
        "evrk_chapter_title": "Sandėliavimas ir transportui būdingų paslaugų veikla",
        "evrk_group_code": "520",
        "evrk_group_title": "Sandėliavimas ir transportui būdingų paslaugų veikla",
        "evrk_class_code": "5200",
        "evrk_class_title": "Sandėliavimas ir transportui būdingų paslaugų veikla",
        "evrk_subclass_code": "520000",
        "evrk_subclass_title": "Sandėliavimas ir transportui būdingų paslaugų veikla",
        "object_id": 445
      }
    },
    {
      "type": "Feature",
      "id": 446,
      "geometry": null,
      "properties": {
        "evrk_section_code": "H",
        "evrk_section_title": "Transportas ir saugojimas",
        "evrk_chapter_code": "52",
        "evrk_chapter_title": "Sandėliavimas ir transportui būdingų paslaugų veikla",
        "evrk_group_code": "522",
        "evrk_group_title": "Transportui būdingų paslaugų veikla",
        "evrk_class_code": "5220",
        "evrk_class_title": "Transportui būdingų paslaugų veikla",
        "evrk_subclass_code": "522000",
        "evrk_subclass_title": "Transportui būdingų paslaugų veikla",
        "object_id": 446
      }
    },
    {
      "type": "Feature",
      "id": 447,
      "geometry": null,
      "properties": {
        "evrk_section_code": "H",
        "evrk_section_title": "Transportas ir saugojimas",
        "evrk_chapter_code": "52",
        "evrk_chapter_title": "Sandėliavimas ir transportui būdingų paslaugų veikla",
        "evrk_group_code": "522",
        "evrk_group_title": "Transportui būdingų paslaugų veikla",
        "evrk_class_code": "5221",
        "evrk_class_title": "Sausumos transportui būdingų paslaugų veikla",
        "evrk_subclass_code": "522150",
        "evrk_subclass_title": "Sauskelių transporto stočių eksploatavimas",
        "object_id": 447
      }
    },
    {
      "type": "Feature",
      "id": 448,
      "geometry": null,
      "properties": {
        "evrk_section_code": "H",
        "evrk_section_title": "Transportas ir saugojimas",
        "evrk_chapter_code": "52",
        "evrk_chapter_title": "Sandėliavimas ir transportui būdingų paslaugų veikla",
        "evrk_group_code": "522",
        "evrk_group_title": "Transportui būdingų paslaugų veikla",
        "evrk_class_code": "5221",
        "evrk_class_title": "Sausumos transportui būdingų paslaugų veikla",
        "evrk_subclass_code": "522160",
        "evrk_subclass_title": "Riedmenų techninė priežiūra ir smulkus remontas",
        "object_id": 448
      }
    },
    {
      "type": "Feature",
      "id": 449,
      "geometry": null,
      "properties": {
        "evrk_section_code": "H",
        "evrk_section_title": "Transportas ir saugojimas",
        "evrk_chapter_code": "52",
        "evrk_chapter_title": "Sandėliavimas ir transportui būdingų paslaugų veikla",
        "evrk_group_code": "522",
        "evrk_group_title": "Transportui būdingų paslaugų veikla",
        "evrk_class_code": "5229",
        "evrk_class_title": "Kita transportui būdingų paslaugų veikla",
        "evrk_subclass_code": "522910",
        "evrk_subclass_title": "Muitinės tarpininkų veikla",
        "object_id": 449
      }
    },
    {
      "type": "Feature",
      "id": 450,
      "geometry": null,
      "properties": {
        "evrk_section_code": "I",
        "evrk_section_title": "Apgyvendinimo ir maitinimo paslaugų veikla",
        "evrk_chapter_code": "55",
        "evrk_chapter_title": "Apgyvendinimo veikla",
        "evrk_group_code": "551",
        "evrk_group_title": "Viešbučių ir panašių laikinų buveinių veikla",
        "evrk_class_code": "5510",
        "evrk_class_title": "Viešbučių ir panašių laikinų buveinių veikla",
        "evrk_subclass_code": "551000",
        "evrk_subclass_title": "Viešbučių ir panašių laikinų buveinių veikla",
        "object_id": 450
      }
    },
    {
      "type": "Feature",
      "id": 451,
      "geometry": null,
      "properties": {
        "evrk_section_code": "I",
        "evrk_section_title": "Apgyvendinimo ir maitinimo paslaugų veikla",
        "evrk_chapter_code": "55",
        "evrk_chapter_title": "Apgyvendinimo veikla",
        "evrk_group_code": "552",
        "evrk_group_title": "Poilsiautojų ir kita trumpalaikio apgyvendinimo veikla",
        "evrk_class_code": "5520",
        "evrk_class_title": "Poilsiautojų ir kita trumpalaikio apgyvendinimo veikla",
        "evrk_subclass_code": "552020",
        "evrk_subclass_title": "Vaikų poilsio stovyklų veikla",
        "object_id": 451
      }
    },
    {
      "type": "Feature",
      "id": 452,
      "geometry": null,
      "properties": {
        "evrk_section_code": "I",
        "evrk_section_title": "Apgyvendinimo ir maitinimo paslaugų veikla",
        "evrk_chapter_code": "56",
        "evrk_chapter_title": "Maitinimo ir gėrimų teikimo veikla",
        "evrk_group_code": "563",
        "evrk_group_title": "Gėrimų pardavimo vartoti vietoje veikla",
        "evrk_class_code": "5630",
        "evrk_class_title": "Gėrimų pardavimo vartoti vietoje veikla",
        "evrk_subclass_code": "563000",
        "evrk_subclass_title": "Gėrimų pardavimo vartoti vietoje veikla",
        "object_id": 452
      }
    },
    {
      "type": "Feature",
      "id": 453,
      "geometry": null,
      "properties": {
        "evrk_section_code": "J",
        "evrk_section_title": "Informacija ir ryšiai",
        "evrk_chapter_code": "58",
        "evrk_chapter_title": "Leidybinė veikla",
        "evrk_group_code": "581",
        "evrk_group_title": "Knygų, periodinių leidinių leidyba ir kita leidybinė veikla",
        "evrk_class_code": "5810",
        "evrk_class_title": "Knygų, periodinių leidinių leidyba ir kita leidybinė veikla",
        "evrk_subclass_code": "581000",
        "evrk_subclass_title": "Knygų, periodinių leidinių leidyba ir kita leidybinė veikla",
        "object_id": 453
      }
    },
    {
      "type": "Feature",
      "id": 454,
      "geometry": null,
      "properties": {
        "evrk_section_code": "J",
        "evrk_section_title": "Informacija ir ryšiai",
        "evrk_chapter_code": "59",
        "evrk_chapter_title": "Kino filmų, vaizdo filmų ir televizijos programų gamyba, garso įrašymo ir muzikos įrašų leidybos veikla",
        "evrk_group_code": "591",
        "evrk_group_title": "Kino filmų, vaizdo filmų ir televizijos programų rengėjų veikla",
        "evrk_class_code": "5912",
        "evrk_class_title": "Pagamintų kino filmų, vaizdo filmų ir televizijos programų meninis apipavidalinimas",
        "evrk_subclass_code": "591200",
        "evrk_subclass_title": "Pagamintų kino filmų, vaizdo filmų ir televizijos programų meninis apipavidalinimas",
        "object_id": 454
      }
    },
    {
      "type": "Feature",
      "id": 455,
      "geometry": null,
      "properties": {
        "evrk_section_code": "J",
        "evrk_section_title": "Informacija ir ryšiai",
        "evrk_chapter_code": "59",
        "evrk_chapter_title": "Kino filmų, vaizdo filmų ir televizijos programų gamyba, garso įrašymo ir muzikos įrašų leidybos veikla",
        "evrk_group_code": "591",
        "evrk_group_title": "Kino filmų, vaizdo filmų ir televizijos programų rengėjų veikla",
        "evrk_class_code": "5913",
        "evrk_class_title": "Kino filmų, vaizdo filmų ir televizijos programų platinimas",
        "evrk_subclass_code": "591300",
        "evrk_subclass_title": "Kino filmų, vaizdo filmų ir televizijos programų platinimas",
        "object_id": 455
      }
    },
    {
      "type": "Feature",
      "id": 456,
      "geometry": null,
      "properties": {
        "evrk_section_code": "J",
        "evrk_section_title": "Informacija ir ryšiai",
        "evrk_chapter_code": "60",
        "evrk_chapter_title": "Programų rengimas ir transliavimas",
        "evrk_group_code": "601",
        "evrk_group_title": "Radijo programų transliavimas",
        "evrk_class_code": "6010",
        "evrk_class_title": "Radijo programų transliavimas",
        "evrk_subclass_code": "601000",
        "evrk_subclass_title": "Radijo programų transliavimas",
        "object_id": 456
      }
    },
    {
      "type": "Feature",
      "id": 457,
      "geometry": null,
      "properties": {
        "evrk_section_code": "J",
        "evrk_section_title": "Informacija ir ryšiai",
        "evrk_chapter_code": "61",
        "evrk_chapter_title": "Telekomunikacijos",
        "evrk_group_code": "610",
        "evrk_group_title": "Telekomunikacijos",
        "evrk_class_code": "6100",
        "evrk_class_title": "Telekomunikacijos",
        "evrk_subclass_code": "610000",
        "evrk_subclass_title": "Telekomunikacijos",
        "object_id": 457
      }
    },
    {
      "type": "Feature",
      "id": 458,
      "geometry": null,
      "properties": {
        "evrk_section_code": "J",
        "evrk_section_title": "Informacija ir ryšiai",
        "evrk_chapter_code": "61",
        "evrk_chapter_title": "Telekomunikacijos",
        "evrk_group_code": "612",
        "evrk_group_title": "Belaidžio ryšio paslaugų veikla",
        "evrk_class_code": "6120",
        "evrk_class_title": "Belaidžio ryšio paslaugų veikla",
        "evrk_subclass_code": "612000",
        "evrk_subclass_title": "Belaidžio ryšio paslaugų veikla",
        "object_id": 458
      }
    },
    {
      "type": "Feature",
      "id": 459,
      "geometry": null,
      "properties": {
        "evrk_section_code": "J",
        "evrk_section_title": "Informacija ir ryšiai",
        "evrk_chapter_code": "62",
        "evrk_chapter_title": "Kompiuterių programavimo, konsultacinė ir susijusi veikla",
        "evrk_group_code": "620",
        "evrk_group_title": "Kompiuterių programavimo, konsultacinė ir susijusi veikla",
        "evrk_class_code": "6203",
        "evrk_class_title": "Kompiuterinės įrangos tvarkyba",
        "evrk_subclass_code": "620300",
        "evrk_subclass_title": "Kompiuterinės įrangos tvarkyba",
        "object_id": 459
      }
    },
    {
      "type": "Feature",
      "id": 460,
      "geometry": null,
      "properties": {
        "evrk_section_code": "J",
        "evrk_section_title": "Informacija ir ryšiai",
        "evrk_chapter_code": "63",
        "evrk_chapter_title": "Informacinių paslaugų veikla",
        "evrk_group_code": "631",
        "evrk_group_title": "Duomenų apdorojimo, interneto serverių paslaugų (prieglobos) ir susijusi veikla; interneto vartų paslaugų veikla",
        "evrk_class_code": "6310",
        "evrk_class_title": "Duomenų apdorojimo, interneto serverių paslaugų (prieglobos) ir susijusi veikla; interneto vartų paslaugų veikla",
        "evrk_subclass_code": "631000",
        "evrk_subclass_title": "Duomenų apdorojimo, interneto serverių paslaugų (prieglobos) ir susijusi veikla; interneto vartų paslaugų veikla",
        "object_id": 460
      }
    },
    {
      "type": "Feature",
      "id": 461,
      "geometry": null,
      "properties": {
        "evrk_section_code": "J",
        "evrk_section_title": "Informacija ir ryšiai",
        "evrk_chapter_code": "63",
        "evrk_chapter_title": "Informacinių paslaugų veikla",
        "evrk_group_code": "631",
        "evrk_group_title": "Duomenų apdorojimo, interneto serverių paslaugų (prieglobos) ir susijusi veikla; interneto vartų paslaugų veikla",
        "evrk_class_code": "6312",
        "evrk_class_title": "Interneto vartų paslaugų veikla",
        "evrk_subclass_code": "631200",
        "evrk_subclass_title": "Interneto vartų paslaugų veikla",
        "object_id": 461
      }
    },
    {
      "type": "Feature",
      "id": 462,
      "geometry": null,
      "properties": {
        "evrk_section_code": "K",
        "evrk_section_title": "Finansinė ir draudimo veikla",
        "evrk_chapter_code": "64",
        "evrk_chapter_title": "Finansinių paslaugų veikla, išskyrus draudimą ir pensijų lėšų kaupimą",
        "evrk_group_code": "641",
        "evrk_group_title": "Piniginis tarpininkavimas",
        "evrk_class_code": "6411",
        "evrk_class_title": "Centrinė bankininkystė",
        "evrk_subclass_code": "641100",
        "evrk_subclass_title": "Centrinė bankininkystė",
        "object_id": 462
      }
    },
    {
      "type": "Feature",
      "id": 463,
      "geometry": null,
      "properties": {
        "evrk_section_code": "K",
        "evrk_section_title": "Finansinė ir draudimo veikla",
        "evrk_chapter_code": "64",
        "evrk_chapter_title": "Finansinių paslaugų veikla, išskyrus draudimą ir pensijų lėšų kaupimą",
        "evrk_group_code": "649",
        "evrk_group_title": "Kita finansinių paslaugų veikla, išskyrus draudimą ir pensijų lėšų kaupimą",
        "evrk_class_code": "6491",
        "evrk_class_title": "Finansinė išperkamoji nuoma",
        "evrk_subclass_code": "649100",
        "evrk_subclass_title": "Finansinė išperkamoji nuoma",
        "object_id": 463
      }
    },
    {
      "type": "Feature",
      "id": 464,
      "geometry": null,
      "properties": {
        "evrk_section_code": "K",
        "evrk_section_title": "Finansinė ir draudimo veikla",
        "evrk_chapter_code": "64",
        "evrk_chapter_title": "Finansinių paslaugų veikla, išskyrus draudimą ir pensijų lėšų kaupimą",
        "evrk_group_code": "649",
        "evrk_group_title": "Kita finansinių paslaugų veikla, išskyrus draudimą ir pensijų lėšų kaupimą",
        "evrk_class_code": "6492",
        "evrk_class_title": "Kitas kredito teikimas",
        "evrk_subclass_code": "649200",
        "evrk_subclass_title": "Kitas kredito teikimas",
        "object_id": 464
      }
    },
    {
      "type": "Feature",
      "id": 465,
      "geometry": null,
      "properties": {
        "evrk_section_code": "K",
        "evrk_section_title": "Finansinė ir draudimo veikla",
        "evrk_chapter_code": "64",
        "evrk_chapter_title": "Finansinių paslaugų veikla, išskyrus draudimą ir pensijų lėšų kaupimą",
        "evrk_group_code": "649",
        "evrk_group_title": "Kita finansinių paslaugų veikla, išskyrus draudimą ir pensijų lėšų kaupimą",
        "evrk_class_code": "6499",
        "evrk_class_title": "Kita, niekur kitur nepriskirta, finansinių paslaugų veikla, išskyrus draudimą ir pensijų lėšų kaupimą",
        "evrk_subclass_code": "649900",
        "evrk_subclass_title": "Kita, niekur kitur nepriskirta, finansinių paslaugų veikla, išskyrus draudimą ir pensijų lėšų kaupimą",
        "object_id": 465
      }
    },
    {
      "type": "Feature",
      "id": 466,
      "geometry": null,
      "properties": {
        "evrk_section_code": "K",
        "evrk_section_title": "Finansinė ir draudimo veikla",
        "evrk_chapter_code": "65",
        "evrk_chapter_title": "Draudimo, perdraudimo ir pensijų lėšų kaupimo, išskyrus privalomąjį socialinį draudimą, veikla",
        "evrk_group_code": "653",
        "evrk_group_title": "Pensijų lėšų kaupimas",
        "evrk_class_code": "6530",
        "evrk_class_title": "Pensijų lėšų kaupimas",
        "evrk_subclass_code": "653000",
        "evrk_subclass_title": "Pensijų lėšų kaupimas",
        "object_id": 466
      }
    },
    {
      "type": "Feature",
      "id": 467,
      "geometry": null,
      "properties": {
        "evrk_section_code": "K",
        "evrk_section_title": "Finansinė ir draudimo veikla",
        "evrk_chapter_code": "66",
        "evrk_chapter_title": "Pagalbinė finansinių paslaugų ir draudimo veikla",
        "evrk_group_code": "661",
        "evrk_group_title": "Pagalbinė finansinių paslaugų, išskyrus draudimą ir pensijų lėšų kaupimą, veikla",
        "evrk_class_code": "6610",
        "evrk_class_title": "Pagalbinė finansinių paslaugų, išskyrus draudimą ir pensijų lėšų kaupimą, veikla",
        "evrk_subclass_code": "661000",
        "evrk_subclass_title": "Pagalbinė finansinių paslaugų, išskyrus draudimą ir pensijų lėšų kaupimą, veikla",
        "object_id": 467
      }
    },
    {
      "type": "Feature",
      "id": 468,
      "geometry": null,
      "properties": {
        "evrk_section_code": "K",
        "evrk_section_title": "Finansinė ir draudimo veikla",
        "evrk_chapter_code": "66",
        "evrk_chapter_title": "Pagalbinė finansinių paslaugų ir draudimo veikla",
        "evrk_group_code": "662",
        "evrk_group_title": "Pagalbinė draudimo ir pensijų lėšų kaupimo veikla",
        "evrk_class_code": "6622",
        "evrk_class_title": "Draudimo agentų ir brokerių veikla",
        "evrk_subclass_code": "662200",
        "evrk_subclass_title": "Draudimo agentų ir brokerių veikla",
        "object_id": 468
      }
    },
    {
      "type": "Feature",
      "id": 469,
      "geometry": null,
      "properties": {
        "evrk_section_code": "L",
        "evrk_section_title": "Nekilnojamojo turto operacijos",
        "evrk_chapter_code": "68",
        "evrk_chapter_title": "Nekilnojamojo turto operacijos",
        "evrk_group_code": "681",
        "evrk_group_title": "Nuosavo nekilnojamojo turto pirkimas ir pardavimas",
        "evrk_class_code": "6810",
        "evrk_class_title": "Nuosavo nekilnojamojo turto pirkimas ir pardavimas",
        "evrk_subclass_code": "681000",
        "evrk_subclass_title": "Nuosavo nekilnojamojo turto pirkimas ir pardavimas",
        "object_id": 469
      }
    },
    {
      "type": "Feature",
      "id": 470,
      "geometry": null,
      "properties": {
        "evrk_section_code": "L",
        "evrk_section_title": "Nekilnojamojo turto operacijos",
        "evrk_chapter_code": "68",
        "evrk_chapter_title": "Nekilnojamojo turto operacijos",
        "evrk_group_code": "683",
        "evrk_group_title": "Nekilnojamojo turto operacijos už atlygį arba pagal sutartį",
        "evrk_class_code": "6831",
        "evrk_class_title": "Nekilnojamojo turto agentūrų veikla",
        "evrk_subclass_code": "683110",
        "evrk_subclass_title": "Nekilnojamojo turto vertinimas",
        "object_id": 470
      }
    },
    {
      "type": "Feature",
      "id": 471,
      "geometry": null,
      "properties": {
        "evrk_section_code": "M",
        "evrk_section_title": "Profesinė, mokslinė ir techninė veikla",
        "evrk_chapter_code": "69",
        "evrk_chapter_title": "Teisinė ir apskaitos veikla",
        "evrk_group_code": "691",
        "evrk_group_title": "Teisinė veikla",
        "evrk_class_code": "6910",
        "evrk_class_title": "Teisinė veikla",
        "evrk_subclass_code": "691030",
        "evrk_subclass_title": "Bendrieji patarimai ir konsultacijos, teisinių dokumentų rengimas",
        "object_id": 471
      }
    },
    {
      "type": "Feature",
      "id": 472,
      "geometry": null,
      "properties": {
        "evrk_section_code": "M",
        "evrk_section_title": "Profesinė, mokslinė ir techninė veikla",
        "evrk_chapter_code": "70",
        "evrk_chapter_title": "Pagrindinių buveinių veikla; konsultacinė valdymo veikla",
        "evrk_group_code": "700",
        "evrk_group_title": "Pagrindinių buveinių veikla; konsultacinė valdymo veikla",
        "evrk_class_code": "7000",
        "evrk_class_title": "Pagrindinių buveinių veikla; konsultacinė valdymo veikla",
        "evrk_subclass_code": "700000",
        "evrk_subclass_title": "Pagrindinių buveinių veikla; konsultacinė valdymo veikla",
        "object_id": 472
      }
    },
    {
      "type": "Feature",
      "id": 473,
      "geometry": null,
      "properties": {
        "evrk_section_code": "M",
        "evrk_section_title": "Profesinė, mokslinė ir techninė veikla",
        "evrk_chapter_code": "71",
        "evrk_chapter_title": "Architektūros ir inžinerijos veikla; techninis tikrinimas ir analizė",
        "evrk_group_code": "711",
        "evrk_group_title": "Architektūros ir inžinerijos veikla bei su ja susijusios techninės konsultacijos",
        "evrk_class_code": "7112",
        "evrk_class_title": "Inžinerijos veikla ir su ja susijusios techninės konsultacijos",
        "evrk_subclass_code": "711220",
        "evrk_subclass_title": "Projektiniai - konstruktoriniai darbai",
        "object_id": 473
      }
    },
    {
      "type": "Feature",
      "id": 474,
      "geometry": null,
      "properties": {
        "evrk_section_code": "M",
        "evrk_section_title": "Profesinė, mokslinė ir techninė veikla",
        "evrk_chapter_code": "71",
        "evrk_chapter_title": "Architektūros ir inžinerijos veikla; techninis tikrinimas ir analizė",
        "evrk_group_code": "712",
        "evrk_group_title": "Techninis tikrinimas ir analizė",
        "evrk_class_code": "7120",
        "evrk_class_title": "Techninis tikrinimas ir analizė",
        "evrk_subclass_code": "712040",
        "evrk_subclass_title": "Maisto produktų tyrimas pagal higienos reikalavimus, įskaitant veterinarinį, susijusį su maisto produktų gamyba, tyrimą ir tikrinimą",
        "object_id": 474
      }
    },
    {
      "type": "Feature",
      "id": 475,
      "geometry": null,
      "properties": {
        "evrk_section_code": "M",
        "evrk_section_title": "Profesinė, mokslinė ir techninė veikla",
        "evrk_chapter_code": "72",
        "evrk_chapter_title": "Moksliniai tyrimai ir taikomoji veikla",
        "evrk_group_code": "721",
        "evrk_group_title": "Gamtos mokslų ir inžinerijos moksliniai tyrimai ir taikomoji veikla",
        "evrk_class_code": "7219",
        "evrk_class_title": "Kiti gamtos mokslų ir inžinerijos moksliniai tyrimai ir taikomoji veikla",
        "evrk_subclass_code": "721900",
        "evrk_subclass_title": "Kiti gamtos mokslų ir inžinerijos moksliniai tyrimai ir taikomoji veikla",
        "object_id": 475
      }
    },
    {
      "type": "Feature",
      "id": 476,
      "geometry": null,
      "properties": {
        "evrk_section_code": "M",
        "evrk_section_title": "Profesinė, mokslinė ir techninė veikla",
        "evrk_chapter_code": "72",
        "evrk_chapter_title": "Moksliniai tyrimai ir taikomoji veikla",
        "evrk_group_code": "721",
        "evrk_group_title": "Gamtos mokslų ir inžinerijos moksliniai tyrimai ir taikomoji veikla",
        "evrk_class_code": "7219",
        "evrk_class_title": "Kiti gamtos mokslų ir inžinerijos moksliniai tyrimai ir taikomoji veikla",
        "evrk_subclass_code": "721920",
        "evrk_subclass_title": "Gamtos mokslų tiriamieji ir taikomieji darbai",
        "object_id": 476
      }
    },
    {
      "type": "Feature",
      "id": 477,
      "geometry": null,
      "properties": {
        "evrk_section_code": "M",
        "evrk_section_title": "Profesinė, mokslinė ir techninė veikla",
        "evrk_chapter_code": "72",
        "evrk_chapter_title": "Moksliniai tyrimai ir taikomoji veikla",
        "evrk_group_code": "721",
        "evrk_group_title": "Gamtos mokslų ir inžinerijos moksliniai tyrimai ir taikomoji veikla",
        "evrk_class_code": "7219",
        "evrk_class_title": "Kiti gamtos mokslų ir inžinerijos moksliniai tyrimai ir taikomoji veikla",
        "evrk_subclass_code": "721930",
        "evrk_subclass_title": "Matematikos mokslų tiriamieji ir taikomieji darbai",
        "object_id": 477
      }
    },
    {
      "type": "Feature",
      "id": 478,
      "geometry": null,
      "properties": {
        "evrk_section_code": "M",
        "evrk_section_title": "Profesinė, mokslinė ir techninė veikla",
        "evrk_chapter_code": "72",
        "evrk_chapter_title": "Moksliniai tyrimai ir taikomoji veikla",
        "evrk_group_code": "722",
        "evrk_group_title": "Socialinių ir humanitarinių mokslų moksliniai tyrimai ir taikomoji veikla",
        "evrk_class_code": "7220",
        "evrk_class_title": "Socialinių ir humanitarinių mokslų moksliniai tyrimai ir taikomoji veikla",
        "evrk_subclass_code": "722010",
        "evrk_subclass_title": "Humanitarinių mokslų tiriamieji ir taikomieji darbai",
        "object_id": 478
      }
    },
    {
      "type": "Feature",
      "id": 479,
      "geometry": null,
      "properties": {
        "evrk_section_code": "M",
        "evrk_section_title": "Profesinė, mokslinė ir techninė veikla",
        "evrk_chapter_code": "73",
        "evrk_chapter_title": "Reklama ir rinkos tyrimas",
        "evrk_group_code": "731",
        "evrk_group_title": "Reklama",
        "evrk_class_code": "7310",
        "evrk_class_title": "Reklama",
        "evrk_subclass_code": "731000",
        "evrk_subclass_title": "Reklama",
        "object_id": 479
      }
    },
    {
      "type": "Feature",
      "id": 480,
      "geometry": null,
      "properties": {
        "evrk_section_code": "M",
        "evrk_section_title": "Profesinė, mokslinė ir techninė veikla",
        "evrk_chapter_code": "73",
        "evrk_chapter_title": "Reklama ir rinkos tyrimas",
        "evrk_group_code": "731",
        "evrk_group_title": "Reklama",
        "evrk_class_code": "7312",
        "evrk_class_title": "Atstovavimas žiniasklaidai",
        "evrk_subclass_code": "731200",
        "evrk_subclass_title": "Atstovavimas žiniasklaidai",
        "object_id": 480
      }
    },
    {
      "type": "Feature",
      "id": 481,
      "geometry": null,
      "properties": {
        "evrk_section_code": "M",
        "evrk_section_title": "Profesinė, mokslinė ir techninė veikla",
        "evrk_chapter_code": "74",
        "evrk_chapter_title": "Kita profesinė, mokslinė ir techninė veikla",
        "evrk_group_code": "741",
        "evrk_group_title": "Specializuota projektavimo veikla",
        "evrk_class_code": "7410",
        "evrk_class_title": "Specializuota projektavimo veikla",
        "evrk_subclass_code": "741000",
        "evrk_subclass_title": "Specializuota projektavimo veikla",
        "object_id": 481
      }
    },
    {
      "type": "Feature",
      "id": 482,
      "geometry": null,
      "properties": {
        "evrk_section_code": "M",
        "evrk_section_title": "Profesinė, mokslinė ir techninė veikla",
        "evrk_chapter_code": "74",
        "evrk_chapter_title": "Kita profesinė, mokslinė ir techninė veikla",
        "evrk_group_code": "743",
        "evrk_group_title": "Vertimo raštu ir žodžiu veikla",
        "evrk_class_code": "7430",
        "evrk_class_title": "Vertimo raštu ir žodžiu veikla",
        "evrk_subclass_code": "743000",
        "evrk_subclass_title": "Vertimo raštu ir žodžiu veikla",
        "object_id": 482
      }
    },
    {
      "type": "Feature",
      "id": 483,
      "geometry": null,
      "properties": {
        "evrk_section_code": "N",
        "evrk_section_title": "Administracinė ir aptarnavimo veikla",
        "evrk_chapter_code": "77",
        "evrk_chapter_title": "Nuoma ir išperkamoji nuoma",
        "evrk_group_code": "772",
        "evrk_group_title": "Asmeninių ir namų ūkio prekių nuoma ir išperkamoji nuoma",
        "evrk_class_code": "7721",
        "evrk_class_title": "Poilsio ir sporto reikmenų nuoma ir išperkamoji nuoma",
        "evrk_subclass_code": "772100",
        "evrk_subclass_title": "Poilsio ir sporto reikmenų nuoma ir išperkamoji nuoma",
        "object_id": 483
      }
    },
    {
      "type": "Feature",
      "id": 484,
      "geometry": null,
      "properties": {
        "evrk_section_code": "N",
        "evrk_section_title": "Administracinė ir aptarnavimo veikla",
        "evrk_chapter_code": "77",
        "evrk_chapter_title": "Nuoma ir išperkamoji nuoma",
        "evrk_group_code": "772",
        "evrk_group_title": "Asmeninių ir namų ūkio prekių nuoma ir išperkamoji nuoma",
        "evrk_class_code": "7721",
        "evrk_class_title": "Poilsio ir sporto reikmenų nuoma ir išperkamoji nuoma",
        "evrk_subclass_code": "772150",
        "evrk_subclass_title": "Kitų turizmo priemonių nuoma",
        "object_id": 484
      }
    },
    {
      "type": "Feature",
      "id": 485,
      "geometry": null,
      "properties": {
        "evrk_section_code": "N",
        "evrk_section_title": "Administracinė ir aptarnavimo veikla",
        "evrk_chapter_code": "77",
        "evrk_chapter_title": "Nuoma ir išperkamoji nuoma",
        "evrk_group_code": "772",
        "evrk_group_title": "Asmeninių ir namų ūkio prekių nuoma ir išperkamoji nuoma",
        "evrk_class_code": "7729",
        "evrk_class_title": "Kitų asmeninių ir namų ūkio prekių nuoma ir išperkamoji nuoma",
        "evrk_subclass_code": "772910",
        "evrk_subclass_title": "Tekstilės dirbinių, drabužių ir avalynės nuoma",
        "object_id": 485
      }
    },
    {
      "type": "Feature",
      "id": 486,
      "geometry": null,
      "properties": {
        "evrk_section_code": "N",
        "evrk_section_title": "Administracinė ir aptarnavimo veikla",
        "evrk_chapter_code": "77",
        "evrk_chapter_title": "Nuoma ir išperkamoji nuoma",
        "evrk_group_code": "773",
        "evrk_group_title": "Kitų mašinų, įrangos ir materialiųjų vertybių nuoma ir išperkamoji nuoma",
        "evrk_class_code": "7734",
        "evrk_class_title": "Vandens transporto priemonių ir įrangos nuoma ir išperkamoji nuoma",
        "evrk_subclass_code": "773400",
        "evrk_subclass_title": "Vandens transporto priemonių ir įrangos nuoma ir išperkamoji nuoma",
        "object_id": 486
      }
    },
    {
      "type": "Feature",
      "id": 487,
      "geometry": null,
      "properties": {
        "evrk_section_code": "N",
        "evrk_section_title": "Administracinė ir aptarnavimo veikla",
        "evrk_chapter_code": "77",
        "evrk_chapter_title": "Nuoma ir išperkamoji nuoma",
        "evrk_group_code": "773",
        "evrk_group_title": "Kitų mašinų, įrangos ir materialiųjų vertybių nuoma ir išperkamoji nuoma",
        "evrk_class_code": "7739",
        "evrk_class_title": "Kitų, niekur kitur nepriskirtų, mašinų, įrangos ir materialiųjų vertybių nuoma ir išperkamoji nuoma",
        "evrk_subclass_code": "773900",
        "evrk_subclass_title": "Kitų, niekur kitur nepriskirtų, mašinų, įrangos ir materialiųjų vertybių nuoma ir išperkamoji nuoma",
        "object_id": 487
      }
    },
    {
      "type": "Feature",
      "id": 488,
      "geometry": null,
      "properties": {
        "evrk_section_code": "N",
        "evrk_section_title": "Administracinė ir aptarnavimo veikla",
        "evrk_chapter_code": "77",
        "evrk_chapter_title": "Nuoma ir išperkamoji nuoma",
        "evrk_group_code": "773",
        "evrk_group_title": "Kitų mašinų, įrangos ir materialiųjų vertybių nuoma ir išperkamoji nuoma",
        "evrk_class_code": "7739",
        "evrk_class_title": "Kitų, niekur kitur nepriskirtų, mašinų, įrangos ir materialiųjų vertybių nuoma ir išperkamoji nuoma",
        "evrk_subclass_code": "773950",
        "evrk_subclass_title": "Pramoninių elektrinių ir neelektrinių mašinų nuoma",
        "object_id": 488
      }
    },
    {
      "type": "Feature",
      "id": 489,
      "geometry": null,
      "properties": {
        "evrk_section_code": "N",
        "evrk_section_title": "Administracinė ir aptarnavimo veikla",
        "evrk_chapter_code": "77",
        "evrk_chapter_title": "Nuoma ir išperkamoji nuoma",
        "evrk_group_code": "773",
        "evrk_group_title": "Kitų mašinų, įrangos ir materialiųjų vertybių nuoma ir išperkamoji nuoma",
        "evrk_class_code": "7739",
        "evrk_class_title": "Kitų, niekur kitur nepriskirtų, mašinų, įrangos ir materialiųjų vertybių nuoma ir išperkamoji nuoma",
        "evrk_subclass_code": "773980",
        "evrk_subclass_title": "Matavimo ir kontrolės įrenginių nuoma",
        "object_id": 489
      }
    },
    {
      "type": "Feature",
      "id": 490,
      "geometry": null,
      "properties": {
        "evrk_section_code": "N",
        "evrk_section_title": "Administracinė ir aptarnavimo veikla",
        "evrk_chapter_code": "78",
        "evrk_chapter_title": "Įdarbinimo veikla",
        "evrk_group_code": "781",
        "evrk_group_title": "Įdarbinimo agentūrų veikla",
        "evrk_class_code": "7810",
        "evrk_class_title": "Įdarbinimo agentūrų veikla",
        "evrk_subclass_code": "781000",
        "evrk_subclass_title": "Įdarbinimo agentūrų veikla",
        "object_id": 490
      }
    },
    {
      "type": "Feature",
      "id": 491,
      "geometry": null,
      "properties": {
        "evrk_section_code": "N",
        "evrk_section_title": "Administracinė ir aptarnavimo veikla",
        "evrk_chapter_code": "79",
        "evrk_chapter_title": "Kelionių agentūrų, ekskursijų organizatorių, išankstinio užsakymo paslaugų ir susijusi veikla",
        "evrk_group_code": "791",
        "evrk_group_title": "Kelionių agentūrų ir ekskursijų organizatorių veikla",
        "evrk_class_code": "7911",
        "evrk_class_title": "Kelionių agentūrų veikla",
        "evrk_subclass_code": "791100",
        "evrk_subclass_title": "Kelionių agentūrų veikla",
        "object_id": 491
      }
    },
    {
      "type": "Feature",
      "id": 492,
      "geometry": null,
      "properties": {
        "evrk_section_code": "N",
        "evrk_section_title": "Administracinė ir aptarnavimo veikla",
        "evrk_chapter_code": "79",
        "evrk_chapter_title": "Kelionių agentūrų, ekskursijų organizatorių, išankstinio užsakymo paslaugų ir susijusi veikla",
        "evrk_group_code": "791",
        "evrk_group_title": "Kelionių agentūrų ir ekskursijų organizatorių veikla",
        "evrk_class_code": "7912",
        "evrk_class_title": "Ekskursijų organizatorių veikla",
        "evrk_subclass_code": "791200",
        "evrk_subclass_title": "Ekskursijų organizatorių veikla",
        "object_id": 492
      }
    },
    {
      "type": "Feature",
      "id": 493,
      "geometry": null,
      "properties": {
        "evrk_section_code": "N",
        "evrk_section_title": "Administracinė ir aptarnavimo veikla",
        "evrk_chapter_code": "80",
        "evrk_chapter_title": "Apsaugos ir tyrimo veikla",
        "evrk_group_code": "803",
        "evrk_group_title": "Tyrimo veikla",
        "evrk_class_code": "8030",
        "evrk_class_title": "Tyrimo veikla",
        "evrk_subclass_code": "803000",
        "evrk_subclass_title": "Tyrimo veikla",
        "object_id": 493
      }
    },
    {
      "type": "Feature",
      "id": 494,
      "geometry": null,
      "properties": {
        "evrk_section_code": "N",
        "evrk_section_title": "Administracinė ir aptarnavimo veikla",
        "evrk_chapter_code": "81",
        "evrk_chapter_title": "Pastatų aptarnavimas ir kraštovaizdžio tvarkymas",
        "evrk_group_code": "810",
        "evrk_group_title": "Pastatų aptarnavimas ir kraštovaizdžio tvarkymas",
        "evrk_class_code": "8100",
        "evrk_class_title": "Pastatų aptarnavimas ir kraštovaizdžio tvarkymas",
        "evrk_subclass_code": "810000",
        "evrk_subclass_title": "Pastatų aptarnavimas ir kraštovaizdžio tvarkymas",
        "object_id": 494
      }
    },
    {
      "type": "Feature",
      "id": 495,
      "geometry": null,
      "properties": {
        "evrk_section_code": "N",
        "evrk_section_title": "Administracinė ir aptarnavimo veikla",
        "evrk_chapter_code": "81",
        "evrk_chapter_title": "Pastatų aptarnavimas ir kraštovaizdžio tvarkymas",
        "evrk_group_code": "812",
        "evrk_group_title": "Valymo veikla",
        "evrk_class_code": "8120",
        "evrk_class_title": "Valymo veikla",
        "evrk_subclass_code": "812000",
        "evrk_subclass_title": "Valymo veikla",
        "object_id": 495
      }
    },
    {
      "type": "Feature",
      "id": 496,
      "geometry": null,
      "properties": {
        "evrk_section_code": "N",
        "evrk_section_title": "Administracinė ir aptarnavimo veikla",
        "evrk_chapter_code": "81",
        "evrk_chapter_title": "Pastatų aptarnavimas ir kraštovaizdžio tvarkymas",
        "evrk_group_code": "812",
        "evrk_group_title": "Valymo veikla",
        "evrk_class_code": "8121",
        "evrk_class_title": "Paprastasis pastatų valymas",
        "evrk_subclass_code": "812100",
        "evrk_subclass_title": "Paprastasis pastatų valymas",
        "object_id": 496
      }
    },
    {
      "type": "Feature",
      "id": 497,
      "geometry": null,
      "properties": {
        "evrk_section_code": "N",
        "evrk_section_title": "Administracinė ir aptarnavimo veikla",
        "evrk_chapter_code": "82",
        "evrk_chapter_title": "Administracinė veikla, įstaigų ir kitų verslo įmonių aptarnavimo veikla",
        "evrk_group_code": "823",
        "evrk_group_title": "Posėdžių ir verslo renginių organizavimas",
        "evrk_class_code": "8230",
        "evrk_class_title": "Posėdžių ir verslo renginių organizavimas",
        "evrk_subclass_code": "823000",
        "evrk_subclass_title": "Posėdžių ir verslo renginių organizavimas",
        "object_id": 497
      }
    },
    {
      "type": "Feature",
      "id": 498,
      "geometry": null,
      "properties": {
        "evrk_section_code": "O",
        "evrk_section_title": "Viešasis valdymas ir gynyba; privalomasis socialinis draudimas",
        "evrk_chapter_code": "84",
        "evrk_chapter_title": "Viešasis valdymas ir gynyba; privalomasis socialinis draudimas",
        "evrk_group_code": "841",
        "evrk_group_title": "Valstybės valdymas ir bendroji ekonominė bei socialinė bendruomenės politika",
        "evrk_class_code": "8410",
        "evrk_class_title": "Valstybės valdymas ir bendroji ekonominė bei socialinė bendruomenės politika",
        "evrk_subclass_code": "841000",
        "evrk_subclass_title": "Valstybės valdymas ir bendroji ekonominė bei socialinė bendruomenės politika",
        "object_id": 498
      }
    },
    {
      "type": "Feature",
      "id": 499,
      "geometry": null,
      "properties": {
        "evrk_section_code": "O",
        "evrk_section_title": "Viešasis valdymas ir gynyba; privalomasis socialinis draudimas",
        "evrk_chapter_code": "84",
        "evrk_chapter_title": "Viešasis valdymas ir gynyba; privalomasis socialinis draudimas",
        "evrk_group_code": "841",
        "evrk_group_title": "Valstybės valdymas ir bendroji ekonominė bei socialinė bendruomenės politika",
        "evrk_class_code": "8411",
        "evrk_class_title": "Bendroji viešojo valdymo veikla",
        "evrk_subclass_code": "841170",
        "evrk_subclass_title": "Vadovavimas muitinės tarnyboms ir jų veikla",
        "object_id": 499
      }
    },
    {
      "type": "Feature",
      "id": 500,
      "geometry": null,
      "properties": {
        "evrk_section_code": "O",
        "evrk_section_title": "Viešasis valdymas ir gynyba; privalomasis socialinis draudimas",
        "evrk_chapter_code": "84",
        "evrk_chapter_title": "Viešasis valdymas ir gynyba; privalomasis socialinis draudimas",
        "evrk_group_code": "841",
        "evrk_group_title": "Valstybės valdymas ir bendroji ekonominė bei socialinė bendruomenės politika",
        "evrk_class_code": "8411",
        "evrk_class_title": "Bendroji viešojo valdymo veikla",
        "evrk_subclass_code": "841180",
        "evrk_subclass_title": "Vadovavimas statistikos ir sociologijos tarnyboms įvairiuose valstybės valdymo lygiuose bei jų veikla",
        "object_id": 500
      }
    },
    {
      "type": "Feature",
      "id": 501,
      "geometry": null,
      "properties": {
        "evrk_section_code": "O",
        "evrk_section_title": "Viešasis valdymas ir gynyba; privalomasis socialinis draudimas",
        "evrk_chapter_code": "84",
        "evrk_chapter_title": "Viešasis valdymas ir gynyba; privalomasis socialinis draudimas",
        "evrk_group_code": "842",
        "evrk_group_title": "Bendruomenei teikiamų paslaugų užtikrinimas",
        "evrk_class_code": "8420",
        "evrk_class_title": "Bendruomenei teikiamų paslaugų užtikrinimas",
        "evrk_subclass_code": "842000",
        "evrk_subclass_title": "Bendruomenei teikiamų paslaugų užtikrinimas",
        "object_id": 501
      }
    },
    {
      "type": "Feature",
      "id": 502,
      "geometry": null,
      "properties": {
        "evrk_section_code": "O",
        "evrk_section_title": "Viešasis valdymas ir gynyba; privalomasis socialinis draudimas",
        "evrk_chapter_code": "84",
        "evrk_chapter_title": "Viešasis valdymas ir gynyba; privalomasis socialinis draudimas",
        "evrk_group_code": "842",
        "evrk_group_title": "Bendruomenei teikiamų paslaugų užtikrinimas",
        "evrk_class_code": "8425",
        "evrk_class_title": "Priešgaisrinių tarnybų veikla",
        "evrk_subclass_code": "842500",
        "evrk_subclass_title": "Priešgaisrinių tarnybų veikla",
        "object_id": 502
      }
    },
    {
      "type": "Feature",
      "id": 503,
      "geometry": null,
      "properties": {
        "evrk_section_code": "O",
        "evrk_section_title": "Viešasis valdymas ir gynyba; privalomasis socialinis draudimas",
        "evrk_chapter_code": "84",
        "evrk_chapter_title": "Viešasis valdymas ir gynyba; privalomasis socialinis draudimas",
        "evrk_group_code": "843",
        "evrk_group_title": "Privalomojo (valstybinio) socialinio draudimo veikla",
        "evrk_class_code": "8430",
        "evrk_class_title": "Privalomojo (valstybinio) socialinio draudimo veikla",
        "evrk_subclass_code": "843000",
        "evrk_subclass_title": "Privalomojo (valstybinio) socialinio draudimo veikla",
        "object_id": 503
      }
    },
    {
      "type": "Feature",
      "id": 504,
      "geometry": null,
      "properties": {
        "evrk_section_code": "P",
        "evrk_section_title": "Švietimas",
        "evrk_chapter_code": "85",
        "evrk_chapter_title": "Švietimas",
        "evrk_group_code": "851",
        "evrk_group_title": "Ikimokyklinis ugdymas",
        "evrk_class_code": "8510",
        "evrk_class_title": "Ikimokyklinis ugdymas",
        "evrk_subclass_code": "851020",
        "evrk_subclass_title": "Priešmokyklinio amžiaus vaikų ugdymas",
        "object_id": 504
      }
    },
    {
      "type": "Feature",
      "id": 505,
      "geometry": null,
      "properties": {
        "evrk_section_code": "P",
        "evrk_section_title": "Švietimas",
        "evrk_chapter_code": "85",
        "evrk_chapter_title": "Švietimas",
        "evrk_group_code": "853",
        "evrk_group_title": "Vidurinis ugdymas",
        "evrk_class_code": "8531",
        "evrk_class_title": "Bendrasis vidurinis ugdymas",
        "evrk_subclass_code": "853120",
        "evrk_subclass_title": "Vidurinis ugdymas",
        "object_id": 505
      }
    },
    {
      "type": "Feature",
      "id": 506,
      "geometry": null,
      "properties": {
        "evrk_section_code": "P",
        "evrk_section_title": "Švietimas",
        "evrk_chapter_code": "85",
        "evrk_chapter_title": "Švietimas",
        "evrk_group_code": "854",
        "evrk_group_title": "Aukštasis mokslas",
        "evrk_class_code": "8542",
        "evrk_class_title": "Aukštasis (tretinis) mokslas",
        "evrk_subclass_code": "854210",
        "evrk_subclass_title": "Aukštasis neuniversitetinis mokslas",
        "object_id": 506
      }
    },
    {
      "type": "Feature",
      "id": 507,
      "geometry": null,
      "properties": {
        "evrk_section_code": "P",
        "evrk_section_title": "Švietimas",
        "evrk_chapter_code": "85",
        "evrk_chapter_title": "Švietimas",
        "evrk_group_code": "854",
        "evrk_group_title": "Aukštasis mokslas",
        "evrk_class_code": "8542",
        "evrk_class_title": "Aukštasis (tretinis) mokslas",
        "evrk_subclass_code": "854220",
        "evrk_subclass_title": "Aukštasis universitetinis mokslas",
        "object_id": 507
      }
    },
    {
      "type": "Feature",
      "id": 508,
      "geometry": null,
      "properties": {
        "evrk_section_code": "P",
        "evrk_section_title": "Švietimas",
        "evrk_chapter_code": "85",
        "evrk_chapter_title": "Švietimas",
        "evrk_group_code": "856",
        "evrk_group_title": "Švietimui būdingų paslaugų veikla",
        "evrk_class_code": "8560",
        "evrk_class_title": "Švietimui būdingų paslaugų veikla",
        "evrk_subclass_code": "856000",
        "evrk_subclass_title": "Švietimui būdingų paslaugų veikla",
        "object_id": 508
      }
    },
    {
      "type": "Feature",
      "id": 509,
      "geometry": null,
      "properties": {
        "evrk_section_code": "Q",
        "evrk_section_title": "Žmonių sveikatos priežiūra ir socialinis darbas",
        "evrk_chapter_code": "86",
        "evrk_chapter_title": "Žmonių sveikatos priežiūros veikla",
        "evrk_group_code": "861",
        "evrk_group_title": "Ligoninių veikla",
        "evrk_class_code": "8610",
        "evrk_class_title": "Ligoninių veikla",
        "evrk_subclass_code": "861010",
        "evrk_subclass_title": "Bendrosios paskirties ligoninių veikla",
        "object_id": 509
      }
    },
    {
      "type": "Feature",
      "id": 510,
      "geometry": null,
      "properties": {
        "evrk_section_code": "Q",
        "evrk_section_title": "Žmonių sveikatos priežiūra ir socialinis darbas",
        "evrk_chapter_code": "86",
        "evrk_chapter_title": "Žmonių sveikatos priežiūros veikla",
        "evrk_group_code": "861",
        "evrk_group_title": "Ligoninių veikla",
        "evrk_class_code": "8610",
        "evrk_class_title": "Ligoninių veikla",
        "evrk_subclass_code": "861020",
        "evrk_subclass_title": "Specializuotųjų ligoninių veikla",
        "object_id": 510
      }
    },
    {
      "type": "Feature",
      "id": 511,
      "geometry": null,
      "properties": {
        "evrk_section_code": "Q",
        "evrk_section_title": "Žmonių sveikatos priežiūra ir socialinis darbas",
        "evrk_chapter_code": "86",
        "evrk_chapter_title": "Žmonių sveikatos priežiūros veikla",
        "evrk_group_code": "862",
        "evrk_group_title": "Medicininės ir odontologinės praktikos veikla",
        "evrk_class_code": "8621",
        "evrk_class_title": "Bendrosios praktikos gydytojų veikla",
        "evrk_subclass_code": "862100",
        "evrk_subclass_title": "Bendrosios praktikos gydytojų veikla",
        "object_id": 511
      }
    },
    {
      "type": "Feature",
      "id": 512,
      "geometry": null,
      "properties": {
        "evrk_section_code": "Q",
        "evrk_section_title": "Žmonių sveikatos priežiūra ir socialinis darbas",
        "evrk_chapter_code": "86",
        "evrk_chapter_title": "Žmonių sveikatos priežiūros veikla",
        "evrk_group_code": "862",
        "evrk_group_title": "Medicininės ir odontologinės praktikos veikla",
        "evrk_class_code": "8622",
        "evrk_class_title": "Gydytojų specialistų veikla",
        "evrk_subclass_code": "862200",
        "evrk_subclass_title": "Gydytojų specialistų veikla",
        "object_id": 512
      }
    },
    {
      "type": "Feature",
      "id": 513,
      "geometry": null,
      "properties": {
        "evrk_section_code": "Q",
        "evrk_section_title": "Žmonių sveikatos priežiūra ir socialinis darbas",
        "evrk_chapter_code": "86",
        "evrk_chapter_title": "Žmonių sveikatos priežiūros veikla",
        "evrk_group_code": "869",
        "evrk_group_title": "Kita žmonių sveikatos priežiūros veikla",
        "evrk_class_code": "8690",
        "evrk_class_title": "Kita žmonių sveikatos priežiūros veikla",
        "evrk_subclass_code": "869000",
        "evrk_subclass_title": "Kita žmonių sveikatos priežiūros veikla",
        "object_id": 513
      }
    },
    {
      "type": "Feature",
      "id": 514,
      "geometry": null,
      "properties": {
        "evrk_section_code": "Q",
        "evrk_section_title": "Žmonių sveikatos priežiūra ir socialinis darbas",
        "evrk_chapter_code": "86",
        "evrk_chapter_title": "Žmonių sveikatos priežiūros veikla",
        "evrk_group_code": "869",
        "evrk_group_title": "Kita žmonių sveikatos priežiūros veikla",
        "evrk_class_code": "8690",
        "evrk_class_title": "Kita žmonių sveikatos priežiūros veikla",
        "evrk_subclass_code": "869020",
        "evrk_subclass_title": "Kraujo perpylimo įstaigų ir kraujo bankų veikla",
        "object_id": 514
      }
    },
    {
      "type": "Feature",
      "id": 515,
      "geometry": null,
      "properties": {
        "evrk_section_code": "Q",
        "evrk_section_title": "Žmonių sveikatos priežiūra ir socialinis darbas",
        "evrk_chapter_code": "86",
        "evrk_chapter_title": "Žmonių sveikatos priežiūros veikla",
        "evrk_group_code": "869",
        "evrk_group_title": "Kita žmonių sveikatos priežiūros veikla",
        "evrk_class_code": "8690",
        "evrk_class_title": "Kita žmonių sveikatos priežiūros veikla",
        "evrk_subclass_code": "869040",
        "evrk_subclass_title": "Greitosios pagalbos veikla",
        "object_id": 515
      }
    },
    {
      "type": "Feature",
      "id": 516,
      "geometry": null,
      "properties": {
        "evrk_section_code": "Q",
        "evrk_section_title": "Žmonių sveikatos priežiūra ir socialinis darbas",
        "evrk_chapter_code": "87",
        "evrk_chapter_title": "Kita stacionarinė globos veikla",
        "evrk_group_code": "873",
        "evrk_group_title": "Stacionarinė pagyvenusių ir neįgaliųjų asmenų globos veikla",
        "evrk_class_code": "8730",
        "evrk_class_title": "Stacionarinė pagyvenusių ir neįgaliųjų asmenų globos veikla",
        "evrk_subclass_code": "873000",
        "evrk_subclass_title": "Stacionarinė pagyvenusių ir neįgaliųjų asmenų globos veikla",
        "object_id": 516
      }
    },
    {
      "type": "Feature",
      "id": 517,
      "geometry": null,
      "properties": {
        "evrk_section_code": "R",
        "evrk_section_title": "Meninė, pramoginė ir poilsio organizavimo veikla",
        "evrk_chapter_code": "90",
        "evrk_chapter_title": "Kūrybinė, meninė ir pramogų organizavimo veikla",
        "evrk_group_code": "900",
        "evrk_group_title": "Kūrybinė, meninė ir pramogų organizavimo veikla",
        "evrk_class_code": "9001",
        "evrk_class_title": "Scenos pastatymų veikla",
        "evrk_subclass_code": "900100",
        "evrk_subclass_title": "Scenos pastatymų veikla",
        "object_id": 517
      }
    },
    {
      "type": "Feature",
      "id": 518,
      "geometry": null,
      "properties": {
        "evrk_section_code": "R",
        "evrk_section_title": "Meninė, pramoginė ir poilsio organizavimo veikla",
        "evrk_chapter_code": "90",
        "evrk_chapter_title": "Kūrybinė, meninė ir pramogų organizavimo veikla",
        "evrk_group_code": "900",
        "evrk_group_title": "Kūrybinė, meninė ir pramogų organizavimo veikla",
        "evrk_class_code": "9003",
        "evrk_class_title": "Meninė kūryba",
        "evrk_subclass_code": "900300",
        "evrk_subclass_title": "Meninė kūryba",
        "object_id": 518
      }
    },
    {
      "type": "Feature",
      "id": 519,
      "geometry": null,
      "properties": {
        "evrk_section_code": "R",
        "evrk_section_title": "Meninė, pramoginė ir poilsio organizavimo veikla",
        "evrk_chapter_code": "91",
        "evrk_chapter_title": "Bibliotekų, archyvų, muziejų ir kita kultūrinė veikla",
        "evrk_group_code": "910",
        "evrk_group_title": "Bibliotekų, archyvų, muziejų ir kita kultūrinė veikla",
        "evrk_class_code": "9104",
        "evrk_class_title": "Botanikos ir zoologijos sodų bei gamtos rezervatų veikla",
        "evrk_subclass_code": "910400",
        "evrk_subclass_title": "Botanikos ir zoologijos sodų bei gamtos rezervatų veikla",
        "object_id": 519
      }
    },
    {
      "type": "Feature",
      "id": 520,
      "geometry": null,
      "properties": {
        "evrk_section_code": "R",
        "evrk_section_title": "Meninė, pramoginė ir poilsio organizavimo veikla",
        "evrk_chapter_code": "92",
        "evrk_chapter_title": "Azartinių žaidimų ir lažybų organizavimo veikla",
        "evrk_group_code": "920",
        "evrk_group_title": "Azartinių žaidimų ir lažybų organizavimo veikla",
        "evrk_class_code": "9200",
        "evrk_class_title": "Azartinių žaidimų ir lažybų organizavimo veikla",
        "evrk_subclass_code": "920030",
        "evrk_subclass_title": "Kitų azartinių žaidimų organizavimo veikla",
        "object_id": 520
      }
    },
    {
      "type": "Feature",
      "id": 521,
      "geometry": null,
      "properties": {
        "evrk_section_code": "R",
        "evrk_section_title": "Meninė, pramoginė ir poilsio organizavimo veikla",
        "evrk_chapter_code": "93",
        "evrk_chapter_title": "Sportinė veikla, pramogų ir poilsio organizavimo veikla",
        "evrk_group_code": "931",
        "evrk_group_title": "Sportinė veikla",
        "evrk_class_code": "9310",
        "evrk_class_title": "Sportinė veikla",
        "evrk_subclass_code": "931000",
        "evrk_subclass_title": "Sportinė veikla",
        "object_id": 521
      }
    },
    {
      "type": "Feature",
      "id": 522,
      "geometry": null,
      "properties": {
        "evrk_section_code": "R",
        "evrk_section_title": "Meninė, pramoginė ir poilsio organizavimo veikla",
        "evrk_chapter_code": "93",
        "evrk_chapter_title": "Sportinė veikla, pramogų ir poilsio organizavimo veikla",
        "evrk_group_code": "931",
        "evrk_group_title": "Sportinė veikla",
        "evrk_class_code": "9313",
        "evrk_class_title": "Kūno rengybos centrų veikla",
        "evrk_subclass_code": "931300",
        "evrk_subclass_title": "Kūno rengybos centrų veikla",
        "object_id": 522
      }
    },
    {
      "type": "Feature",
      "id": 523,
      "geometry": null,
      "properties": {
        "evrk_section_code": "R",
        "evrk_section_title": "Meninė, pramoginė ir poilsio organizavimo veikla",
        "evrk_chapter_code": "93",
        "evrk_chapter_title": "Sportinė veikla, pramogų ir poilsio organizavimo veikla",
        "evrk_group_code": "932",
        "evrk_group_title": "Pramogų ir poilsio organizavimo veikla",
        "evrk_class_code": "9320",
        "evrk_class_title": "Pramogų ir poilsio organizavimo veikla",
        "evrk_subclass_code": "932000",
        "evrk_subclass_title": "Pramogų ir poilsio organizavimo veikla",
        "object_id": 523
      }
    },
    {
      "type": "Feature",
      "id": 524,
      "geometry": null,
      "properties": {
        "evrk_section_code": "S",
        "evrk_section_title": "Kita aptarnavimo veikla",
        "evrk_chapter_code": "94",
        "evrk_chapter_title": "Narystės organizacijų veikla",
        "evrk_group_code": "942",
        "evrk_group_title": "Profesinių sąjungų veikla",
        "evrk_class_code": "9420",
        "evrk_class_title": "Profesinių sąjungų veikla",
        "evrk_subclass_code": "942000",
        "evrk_subclass_title": "Profesinių sąjungų veikla",
        "object_id": 524
      }
    },
    {
      "type": "Feature",
      "id": 525,
      "geometry": null,
      "properties": {
        "evrk_section_code": "S",
        "evrk_section_title": "Kita aptarnavimo veikla",
        "evrk_chapter_code": "94",
        "evrk_chapter_title": "Narystės organizacijų veikla",
        "evrk_group_code": "949",
        "evrk_group_title": "Kitų narystės organizacijų veikla",
        "evrk_class_code": "9491",
        "evrk_class_title": "Religinių organizacijų veikla",
        "evrk_subclass_code": "949100",
        "evrk_subclass_title": "Religinių organizacijų veikla",
        "object_id": 525
      }
    },
    {
      "type": "Feature",
      "id": 526,
      "geometry": null,
      "properties": {
        "evrk_section_code": "S",
        "evrk_section_title": "Kita aptarnavimo veikla",
        "evrk_chapter_code": "94",
        "evrk_chapter_title": "Narystės organizacijų veikla",
        "evrk_group_code": "949",
        "evrk_group_title": "Kitų narystės organizacijų veikla",
        "evrk_class_code": "9491",
        "evrk_class_title": "Religinių organizacijų veikla",
        "evrk_subclass_code": "949120",
        "evrk_subclass_title": "Vienuolynų veikla",
        "object_id": 526
      }
    },
    {
      "type": "Feature",
      "id": 527,
      "geometry": null,
      "properties": {
        "evrk_section_code": "S",
        "evrk_section_title": "Kita aptarnavimo veikla",
        "evrk_chapter_code": "94",
        "evrk_chapter_title": "Narystės organizacijų veikla",
        "evrk_group_code": "949",
        "evrk_group_title": "Kitų narystės organizacijų veikla",
        "evrk_class_code": "9499",
        "evrk_class_title": "Kitų, niekur kitur nepriskirtų, narystės organizacijų veikla",
        "evrk_subclass_code": "949900",
        "evrk_subclass_title": "Kitų, niekur kitur nepriskirtų, narystės organizacijų veikla",
        "object_id": 527
      }
    },
    {
      "type": "Feature",
      "id": 528,
      "geometry": null,
      "properties": {
        "evrk_section_code": "S",
        "evrk_section_title": "Kita aptarnavimo veikla",
        "evrk_chapter_code": "95",
        "evrk_chapter_title": "Kompiuterių ir asmeninių bei namų ūkio reikmenų taisymas",
        "evrk_group_code": "951",
        "evrk_group_title": "Kompiuterių ir ryšių įrangos remontas",
        "evrk_class_code": "9512",
        "evrk_class_title": "Ryšių įrangos remontas",
        "evrk_subclass_code": "951200",
        "evrk_subclass_title": "Ryšių įrangos remontas",
        "object_id": 528
      }
    },
    {
      "type": "Feature",
      "id": 529,
      "geometry": null,
      "properties": {
        "evrk_section_code": "S",
        "evrk_section_title": "Kita aptarnavimo veikla",
        "evrk_chapter_code": "95",
        "evrk_chapter_title": "Kompiuterių ir asmeninių bei namų ūkio reikmenų taisymas",
        "evrk_group_code": "952",
        "evrk_group_title": "Asmeninių ir namų ūkio reikmenų taisymas",
        "evrk_class_code": "9523",
        "evrk_class_title": "Avalynės ir odos gaminių taisymas",
        "evrk_subclass_code": "952300",
        "evrk_subclass_title": "Avalynės ir odos gaminių taisymas",
        "object_id": 529
      }
    },
    {
      "type": "Feature",
      "id": 530,
      "geometry": null,
      "properties": {
        "evrk_section_code": "S",
        "evrk_section_title": "Kita aptarnavimo veikla",
        "evrk_chapter_code": "95",
        "evrk_chapter_title": "Kompiuterių ir asmeninių bei namų ūkio reikmenų taisymas",
        "evrk_group_code": "952",
        "evrk_group_title": "Asmeninių ir namų ūkio reikmenų taisymas",
        "evrk_class_code": "9524",
        "evrk_class_title": "Baldų ir interjero reikmenų taisymas",
        "evrk_subclass_code": "952400",
        "evrk_subclass_title": "Baldų ir interjero reikmenų taisymas",
        "object_id": 530
      }
    },
    {
      "type": "Feature",
      "id": 531,
      "geometry": null,
      "properties": {
        "evrk_section_code": "S",
        "evrk_section_title": "Kita aptarnavimo veikla",
        "evrk_chapter_code": "95",
        "evrk_chapter_title": "Kompiuterių ir asmeninių bei namų ūkio reikmenų taisymas",
        "evrk_group_code": "952",
        "evrk_group_title": "Asmeninių ir namų ūkio reikmenų taisymas",
        "evrk_class_code": "9525",
        "evrk_class_title": "Įvairių tipų laikrodžių ir juvelyrinių dirbinių taisymas",
        "evrk_subclass_code": "952500",
        "evrk_subclass_title": "Įvairių tipų laikrodžių ir juvelyrinių dirbinių taisymas",
        "object_id": 531
      }
    },
    {
      "type": "Feature",
      "id": 532,
      "geometry": null,
      "properties": {
        "evrk_section_code": "T",
        "evrk_section_title": "Namų ūkių, samdančių darbininkus, veikla; namų ūkių veikla, susijusi su savoms reikmėms tenkinti skirtų nediferencijuojamų gaminių gamyba ir paslaugų teikimu",
        "evrk_chapter_code": "98",
        "evrk_chapter_title": "Privačių namų ūkių veikla, susijusi su savoms reikmėms tenkinti skirtų nediferencijuojamų gaminių gamyba ir paslaugų teikimu",
        "evrk_group_code": "980",
        "evrk_group_title": "Privačių namų ūkių veikla, susijusi su savoms reikmėms tenkinti skirtų nediferencijuojamų gaminių gamyba ir paslaugų teikimu",
        "evrk_class_code": "9800",
        "evrk_class_title": "Privačių namų ūkių veikla, susijusi su savoms reikmėms tenkinti skirtų nediferencijuojamų gaminių gamyba ir paslaugų teikimu",
        "evrk_subclass_code": "980000",
        "evrk_subclass_title": "Privačių namų ūkių veikla, susijusi su savoms reikmėms tenkinti skirtų nediferencijuojamų gaminių gamyba ir paslaugų teikimu",
        "object_id": 532
      }
    },
    {
      "type": "Feature",
      "id": 533,
      "geometry": null,
      "properties": {
        "evrk_section_code": "U",
        "evrk_section_title": "Ekstrateritorinių organizacijų ir įstaigų veikla",
        "evrk_chapter_code": "99",
        "evrk_chapter_title": "Ekstrateritorinių organizacijų ir įstaigų veikla",
        "evrk_group_code": "990",
        "evrk_group_title": "Ekstrateritorinių organizacijų ir įstaigų veikla",
        "evrk_class_code": "9900",
        "evrk_class_title": "Ekstrateritorinių organizacijų ir įstaigų veikla",
        "evrk_subclass_code": "990000",
        "evrk_subclass_title": "Ekstrateritorinių organizacijų ir įstaigų veikla",
        "object_id": 533
      }
    },
    {
      "type": "Feature",
      "id": 534,
      "geometry": null,
      "properties": {
        "evrk_section_code": "A",
        "evrk_section_title": "Žemės ūkis, miškininkystė ir žuvininkystė",
        "evrk_chapter_code": "01",
        "evrk_chapter_title": "Augalininkystė ir gyvulininkystė, medžioklė ir susijusių paslaugų veikla",
        "evrk_group_code": "010",
        "evrk_group_title": "Augalininkystė ir gyvulininkystė, medžioklė ir susijusių paslaugų veikla",
        "evrk_class_code": "0100",
        "evrk_class_title": "Augalininkystė ir gyvulininkystė, medžioklė ir susijusių paslaugų veikla",
        "evrk_subclass_code": "010000",
        "evrk_subclass_title": "Augalininkystė ir gyvulininkystė, medžioklė ir susijusių paslaugų veikla",
        "object_id": 534
      }
    },
    {
      "type": "Feature",
      "id": 535,
      "geometry": null,
      "properties": {
        "evrk_section_code": "A",
        "evrk_section_title": "Žemės ūkis, miškininkystė ir žuvininkystė",
        "evrk_chapter_code": "01",
        "evrk_chapter_title": "Augalininkystė ir gyvulininkystė, medžioklė ir susijusių paslaugų veikla",
        "evrk_group_code": "011",
        "evrk_group_title": "Vienmečių augalų auginimas",
        "evrk_class_code": "0113",
        "evrk_class_title": "Daržovių ir melionų, šakniavaisių ir gumbavaisių auginimas",
        "evrk_subclass_code": "011310",
        "evrk_subclass_title": "Bulvių auginimas",
        "object_id": 535
      }
    },
    {
      "type": "Feature",
      "id": 536,
      "geometry": null,
      "properties": {
        "evrk_section_code": "A",
        "evrk_section_title": "Žemės ūkis, miškininkystė ir žuvininkystė",
        "evrk_chapter_code": "01",
        "evrk_chapter_title": "Augalininkystė ir gyvulininkystė, medžioklė ir susijusių paslaugų veikla",
        "evrk_group_code": "011",
        "evrk_group_title": "Vienmečių augalų auginimas",
        "evrk_class_code": "0116",
        "evrk_class_title": "Pluoštinių augalų auginimas",
        "evrk_subclass_code": "011600",
        "evrk_subclass_title": "Pluoštinių augalų auginimas",
        "object_id": 536
      }
    },
    {
      "type": "Feature",
      "id": 537,
      "geometry": null,
      "properties": {
        "evrk_section_code": "A",
        "evrk_section_title": "Žemės ūkis, miškininkystė ir žuvininkystė",
        "evrk_chapter_code": "01",
        "evrk_chapter_title": "Augalininkystė ir gyvulininkystė, medžioklė ir susijusių paslaugų veikla",
        "evrk_group_code": "011",
        "evrk_group_title": "Vienmečių augalų auginimas",
        "evrk_class_code": "0119",
        "evrk_class_title": "Kitų vienmečių augalų auginimas",
        "evrk_subclass_code": "011910",
        "evrk_subclass_title": "Gėlių auginimas",
        "object_id": 537
      }
    },
    {
      "type": "Feature",
      "id": 538,
      "geometry": null,
      "properties": {
        "evrk_section_code": "A",
        "evrk_section_title": "Žemės ūkis, miškininkystė ir žuvininkystė",
        "evrk_chapter_code": "01",
        "evrk_chapter_title": "Augalininkystė ir gyvulininkystė, medžioklė ir susijusių paslaugų veikla",
        "evrk_group_code": "012",
        "evrk_group_title": "Daugiamečių augalų auginimas",
        "evrk_class_code": "0127",
        "evrk_class_title": "Gėrimams gaminti vartojamų augalų auginimas",
        "evrk_subclass_code": "012700",
        "evrk_subclass_title": "Gėrimams gaminti vartojamų augalų auginimas",
        "object_id": 538
      }
    },
    {
      "type": "Feature",
      "id": 539,
      "geometry": null,
      "properties": {
        "evrk_section_code": "A",
        "evrk_section_title": "Žemės ūkis, miškininkystė ir žuvininkystė",
        "evrk_chapter_code": "01",
        "evrk_chapter_title": "Augalininkystė ir gyvulininkystė, medžioklė ir susijusių paslaugų veikla",
        "evrk_group_code": "014",
        "evrk_group_title": "Gyvulininkystė",
        "evrk_class_code": "0142",
        "evrk_class_title": "Kitų galvijų ir buivolų auginimas",
        "evrk_subclass_code": "014200",
        "evrk_subclass_title": "Kitų galvijų ir buivolų auginimas",
        "object_id": 539
      }
    },
    {
      "type": "Feature",
      "id": 540,
      "geometry": null,
      "properties": {
        "evrk_section_code": "A",
        "evrk_section_title": "Žemės ūkis, miškininkystė ir žuvininkystė",
        "evrk_chapter_code": "01",
        "evrk_chapter_title": "Augalininkystė ir gyvulininkystė, medžioklė ir susijusių paslaugų veikla",
        "evrk_group_code": "014",
        "evrk_group_title": "Gyvulininkystė",
        "evrk_class_code": "0142",
        "evrk_class_title": "Kitų galvijų ir buivolų auginimas",
        "evrk_subclass_code": "014220",
        "evrk_subclass_title": "Veislinių telyčių auginimas",
        "object_id": 540
      }
    },
    {
      "type": "Feature",
      "id": 541,
      "geometry": null,
      "properties": {
        "evrk_section_code": "A",
        "evrk_section_title": "Žemės ūkis, miškininkystė ir žuvininkystė",
        "evrk_chapter_code": "01",
        "evrk_chapter_title": "Augalininkystė ir gyvulininkystė, medžioklė ir susijusių paslaugų veikla",
        "evrk_group_code": "014",
        "evrk_group_title": "Gyvulininkystė",
        "evrk_class_code": "0147",
        "evrk_class_title": "Naminių paukščių auginimas",
        "evrk_subclass_code": "014700",
        "evrk_subclass_title": "Naminių paukščių auginimas",
        "object_id": 541
      }
    },
    {
      "type": "Feature",
      "id": 542,
      "geometry": null,
      "properties": {
        "evrk_section_code": "A",
        "evrk_section_title": "Žemės ūkis, miškininkystė ir žuvininkystė",
        "evrk_chapter_code": "01",
        "evrk_chapter_title": "Augalininkystė ir gyvulininkystė, medžioklė ir susijusių paslaugų veikla",
        "evrk_group_code": "014",
        "evrk_group_title": "Gyvulininkystė",
        "evrk_class_code": "0149",
        "evrk_class_title": "Kitų gyvūnų auginimas",
        "evrk_subclass_code": "014920",
        "evrk_subclass_title": "Bitininkystė",
        "object_id": 542
      }
    },
    {
      "type": "Feature",
      "id": 543,
      "geometry": null,
      "properties": {
        "evrk_section_code": "A",
        "evrk_section_title": "Žemės ūkis, miškininkystė ir žuvininkystė",
        "evrk_chapter_code": "01",
        "evrk_chapter_title": "Augalininkystė ir gyvulininkystė, medžioklė ir susijusių paslaugų veikla",
        "evrk_group_code": "016",
        "evrk_group_title": "Žemės ūkiui būdingų paslaugų ir derliaus apdorojimo veikla",
        "evrk_class_code": "0161",
        "evrk_class_title": "Augalininkystei būdingų paslaugų veikla",
        "evrk_subclass_code": "016120",
        "evrk_subclass_title": "Žemės ūkio augalų tręšimas mineralinėmis ir organinėmis trąšomis",
        "object_id": 543
      }
    },
    {
      "type": "Feature",
      "id": 544,
      "geometry": null,
      "properties": {
        "evrk_section_code": "A",
        "evrk_section_title": "Žemės ūkis, miškininkystė ir žuvininkystė",
        "evrk_chapter_code": "01",
        "evrk_chapter_title": "Augalininkystė ir gyvulininkystė, medžioklė ir susijusių paslaugų veikla",
        "evrk_group_code": "017",
        "evrk_group_title": "Medžioklė, gaudymas spąstais ir susijusių paslaugų veikla",
        "evrk_class_code": "0170",
        "evrk_class_title": "Medžioklė, gaudymas spąstais ir susijusių paslaugų veikla",
        "evrk_subclass_code": "017000",
        "evrk_subclass_title": "Medžioklė, gaudymas spąstais ir susijusių paslaugų veikla",
        "object_id": 544
      }
    },
    {
      "type": "Feature",
      "id": 545,
      "geometry": null,
      "properties": {
        "evrk_section_code": "A",
        "evrk_section_title": "Žemės ūkis, miškininkystė ir žuvininkystė",
        "evrk_chapter_code": "02",
        "evrk_chapter_title": "Miškininkystė ir medienos ruoša",
        "evrk_group_code": "021",
        "evrk_group_title": "Miško medžių auginimas ir kita miškininkystės veikla",
        "evrk_class_code": "0210",
        "evrk_class_title": "Miško medžių auginimas ir kita miškininkystės veikla",
        "evrk_subclass_code": "021000",
        "evrk_subclass_title": "Miško medžių auginimas ir kita miškininkystės veikla",
        "object_id": 545
      }
    },
    {
      "type": "Feature",
      "id": 546,
      "geometry": null,
      "properties": {
        "evrk_section_code": "A",
        "evrk_section_title": "Žemės ūkis, miškininkystė ir žuvininkystė",
        "evrk_chapter_code": "02",
        "evrk_chapter_title": "Miškininkystė ir medienos ruoša",
        "evrk_group_code": "023",
        "evrk_group_title": "Laukinių nemedieninių produktų rinkimas",
        "evrk_class_code": "0230",
        "evrk_class_title": "Laukinių nemedieninių medžių produktų rinkimas",
        "evrk_subclass_code": "023010",
        "evrk_subclass_title": "Miško grybų rinkimas",
        "object_id": 546
      }
    },
    {
      "type": "Feature",
      "id": 547,
      "geometry": null,
      "properties": {
        "evrk_section_code": "A",
        "evrk_section_title": "Žemės ūkis, miškininkystė ir žuvininkystė",
        "evrk_chapter_code": "03",
        "evrk_chapter_title": "Žvejyba ir akvakultūra",
        "evrk_group_code": "031",
        "evrk_group_title": "Žvejyba",
        "evrk_class_code": "0311",
        "evrk_class_title": "Jūrinė žvejyba",
        "evrk_subclass_code": "031110",
        "evrk_subclass_title": "Žuvų perdirbimas žvejybiniuose laivuose",
        "object_id": 547
      }
    },
    {
      "type": "Feature",
      "id": 548,
      "geometry": null,
      "properties": {
        "evrk_section_code": "A",
        "evrk_section_title": "Žemės ūkis, miškininkystė ir žuvininkystė",
        "evrk_chapter_code": "03",
        "evrk_chapter_title": "Žvejyba ir akvakultūra",
        "evrk_group_code": "032",
        "evrk_group_title": "Akvakultūra",
        "evrk_class_code": "0321",
        "evrk_class_title": "Jūrinė akvakultūra",
        "evrk_subclass_code": "032100",
        "evrk_subclass_title": "Jūrinė akvakultūra",
        "object_id": 548
      }
    },
    {
      "type": "Feature",
      "id": 549,
      "geometry": null,
      "properties": {
        "evrk_section_code": "B",
        "evrk_section_title": "Kasyba ir karjerų eksploatavimas",
        "evrk_chapter_code": "05",
        "evrk_chapter_title": "Akmens anglių ir rusvųjų anglių kasyba",
        "evrk_group_code": "051",
        "evrk_group_title": "Juodųjų akmens anglių (antracito) kasyba",
        "evrk_class_code": "0510",
        "evrk_class_title": "Juodųjų akmens anglių (antracito) kasyba",
        "evrk_subclass_code": "051000",
        "evrk_subclass_title": "Juodųjų akmens anglių (antracito) kasyba",
        "object_id": 549
      }
    },
    {
      "type": "Feature",
      "id": 550,
      "geometry": null,
      "properties": {
        "evrk_section_code": "B",
        "evrk_section_title": "Kasyba ir karjerų eksploatavimas",
        "evrk_chapter_code": "06",
        "evrk_chapter_title": "Žalios naftos ir gamtinių dujų gavyba",
        "evrk_group_code": "061",
        "evrk_group_title": "Žalios naftos gavyba",
        "evrk_class_code": "0610",
        "evrk_class_title": "Žalios naftos gavyba",
        "evrk_subclass_code": "061000",
        "evrk_subclass_title": "Žalios naftos gavyba",
        "object_id": 550
      }
    },
    {
      "type": "Feature",
      "id": 551,
      "geometry": null,
      "properties": {
        "evrk_section_code": "B",
        "evrk_section_title": "Kasyba ir karjerų eksploatavimas",
        "evrk_chapter_code": "08",
        "evrk_chapter_title": "Kita kasyba ir karjerų eksploatavimas",
        "evrk_group_code": "089",
        "evrk_group_title": "Niekur kitur nepriskirta kasyba ir karjerų eksploatavimas",
        "evrk_class_code": "0893",
        "evrk_class_title": "Druskos gavyba",
        "evrk_subclass_code": "089300",
        "evrk_subclass_title": "Druskos gavyba",
        "object_id": 551
      }
    },
    {
      "type": "Feature",
      "id": 552,
      "geometry": null,
      "properties": {
        "evrk_section_code": "B",
        "evrk_section_title": "Kasyba ir karjerų eksploatavimas",
        "evrk_chapter_code": "09",
        "evrk_chapter_title": "Kasybai būdingų paslaugų veikla",
        "evrk_group_code": "091",
        "evrk_group_title": "Naftos ir gamtinių dujų gavybai būdingų paslaugų veikla",
        "evrk_class_code": "0910",
        "evrk_class_title": "Naftos ir gamtinių dujų gavybai būdingų paslaugų veikla",
        "evrk_subclass_code": "091000",
        "evrk_subclass_title": "Naftos ir gamtinių dujų gavybai būdingų paslaugų veikla",
        "object_id": 552
      }
    },
    {
      "type": "Feature",
      "id": 553,
      "geometry": null,
      "properties": {
        "evrk_section_code": "B",
        "evrk_section_title": "Kasyba ir karjerų eksploatavimas",
        "evrk_chapter_code": "09",
        "evrk_chapter_title": "Kasybai būdingų paslaugų veikla",
        "evrk_group_code": "091",
        "evrk_group_title": "Naftos ir gamtinių dujų gavybai būdingų paslaugų veikla",
        "evrk_class_code": "0910",
        "evrk_class_title": "Naftos ir gamtinių dujų gavybai būdingų paslaugų veikla",
        "evrk_subclass_code": "091010",
        "evrk_subclass_title": "Gamtinių dujų parengimas transportuoti (gabenti)",
        "object_id": 553
      }
    },
    {
      "type": "Feature",
      "id": 554,
      "geometry": null,
      "properties": {
        "evrk_section_code": "B",
        "evrk_section_title": "Kasyba ir karjerų eksploatavimas",
        "evrk_chapter_code": "09",
        "evrk_chapter_title": "Kasybai būdingų paslaugų veikla",
        "evrk_group_code": "099",
        "evrk_group_title": "Kitai kasybai ir karjerų eksploatavimui būdingų paslaugų veikla",
        "evrk_class_code": "0990",
        "evrk_class_title": "Kitai kasybai ir karjerų eksploatavimui būdingų paslaugų veikla",
        "evrk_subclass_code": "099000",
        "evrk_subclass_title": "Kitai kasybai ir karjerų eksploatavimui būdingų paslaugų veikla",
        "object_id": 554
      }
    },
    {
      "type": "Feature",
      "id": 555,
      "geometry": null,
      "properties": {
        "evrk_section_code": "C",
        "evrk_section_title": "Apdirbamoji gamyba",
        "evrk_chapter_code": "10",
        "evrk_chapter_title": "Maisto produktų gamyba",
        "evrk_group_code": "103",
        "evrk_group_title": "Vaisių ir daržovių perdirbimas ir konservavimas",
        "evrk_class_code": "1030",
        "evrk_class_title": "Vaisių ir daržovių perdirbimas ir konservavimas",
        "evrk_subclass_code": "103000",
        "evrk_subclass_title": "Vaisių ir daržovių perdirbimas ir konservavimas",
        "object_id": 555
      }
    },
    {
      "type": "Feature",
      "id": 556,
      "geometry": null,
      "properties": {
        "evrk_section_code": "C",
        "evrk_section_title": "Apdirbamoji gamyba",
        "evrk_chapter_code": "10",
        "evrk_chapter_title": "Maisto produktų gamyba",
        "evrk_group_code": "103",
        "evrk_group_title": "Vaisių ir daržovių perdirbimas ir konservavimas",
        "evrk_class_code": "1039",
        "evrk_class_title": "Kitas vaisių ir daržovių perdirbimas ir konservavimas",
        "evrk_subclass_code": "103900",
        "evrk_subclass_title": "Kitas vaisių ir daržovių perdirbimas ir konservavimas",
        "object_id": 556
      }
    },
    {
      "type": "Feature",
      "id": 557,
      "geometry": null,
      "properties": {
        "evrk_section_code": "C",
        "evrk_section_title": "Apdirbamoji gamyba",
        "evrk_chapter_code": "10",
        "evrk_chapter_title": "Maisto produktų gamyba",
        "evrk_group_code": "104",
        "evrk_group_title": "Gyvūninių ir augalinių riebalų bei aliejaus gamyba",
        "evrk_class_code": "1042",
        "evrk_class_title": "Margarino ir panašių valgomųjų riebalų gamyba",
        "evrk_subclass_code": "104200",
        "evrk_subclass_title": "Margarino ir panašių valgomųjų riebalų gamyba",
        "object_id": 557
      }
    },
    {
      "type": "Feature",
      "id": 558,
      "geometry": null,
      "properties": {
        "evrk_section_code": "C",
        "evrk_section_title": "Apdirbamoji gamyba",
        "evrk_chapter_code": "10",
        "evrk_chapter_title": "Maisto produktų gamyba",
        "evrk_group_code": "106",
        "evrk_group_title": "Grūdų malimo produktų, krakmolo ir krakmolo produktų gamyba",
        "evrk_class_code": "1061",
        "evrk_class_title": "Grūdų malimo produktų gamyba",
        "evrk_subclass_code": "106120",
        "evrk_subclass_title": "Kruopų gamyba",
        "object_id": 558
      }
    },
    {
      "type": "Feature",
      "id": 559,
      "geometry": null,
      "properties": {
        "evrk_section_code": "C",
        "evrk_section_title": "Apdirbamoji gamyba",
        "evrk_chapter_code": "10",
        "evrk_chapter_title": "Maisto produktų gamyba",
        "evrk_group_code": "106",
        "evrk_group_title": "Grūdų malimo produktų, krakmolo ir krakmolo produktų gamyba",
        "evrk_class_code": "1062",
        "evrk_class_title": "Krakmolo ir krakmolo produktų gamyba",
        "evrk_subclass_code": "106210",
        "evrk_subclass_title": "Gliukozės sirupo ir maltozės gamyba",
        "object_id": 559
      }
    },
    {
      "type": "Feature",
      "id": 560,
      "geometry": null,
      "properties": {
        "evrk_section_code": "C",
        "evrk_section_title": "Apdirbamoji gamyba",
        "evrk_chapter_code": "10",
        "evrk_chapter_title": "Maisto produktų gamyba",
        "evrk_group_code": "106",
        "evrk_group_title": "Grūdų malimo produktų, krakmolo ir krakmolo produktų gamyba",
        "evrk_class_code": "1062",
        "evrk_class_title": "Krakmolo ir krakmolo produktų gamyba",
        "evrk_subclass_code": "106220",
        "evrk_subclass_title": "Krakmolo gamyba",
        "object_id": 560
      }
    },
    {
      "type": "Feature",
      "id": 561,
      "geometry": null,
      "properties": {
        "evrk_section_code": "C",
        "evrk_section_title": "Apdirbamoji gamyba",
        "evrk_chapter_code": "10",
        "evrk_chapter_title": "Maisto produktų gamyba",
        "evrk_group_code": "107",
        "evrk_group_title": "Kepyklos ir miltinių produktų gamyba",
        "evrk_class_code": "1070",
        "evrk_class_title": "Kepyklos ir miltinių produktų gamyba",
        "evrk_subclass_code": "107000",
        "evrk_subclass_title": "Kepyklos ir miltinių produktų gamyba",
        "object_id": 561
      }
    },
    {
      "type": "Feature",
      "id": 562,
      "geometry": null,
      "properties": {
        "evrk_section_code": "C",
        "evrk_section_title": "Apdirbamoji gamyba",
        "evrk_chapter_code": "10",
        "evrk_chapter_title": "Maisto produktų gamyba",
        "evrk_group_code": "107",
        "evrk_group_title": "Kepyklos ir miltinių produktų gamyba",
        "evrk_class_code": "1072",
        "evrk_class_title": "Džiūvėsių ir sausainių gamyba; ilgai išsilaikančių konditerijos kepinių ir pyragaičių gamyba",
        "evrk_subclass_code": "107200",
        "evrk_subclass_title": "Džiūvėsių ir sausainių gamyba; ilgai išsilaikančių konditerijos kepinių ir pyragaičių gamyba",
        "object_id": 562
      }
    },
    {
      "type": "Feature",
      "id": 563,
      "geometry": null,
      "properties": {
        "evrk_section_code": "C",
        "evrk_section_title": "Apdirbamoji gamyba",
        "evrk_chapter_code": "10",
        "evrk_chapter_title": "Maisto produktų gamyba",
        "evrk_group_code": "108",
        "evrk_group_title": "Kitų maisto produktų gamyba",
        "evrk_class_code": "1089",
        "evrk_class_title": "Kitų, niekur kitur nepriskirtų, maisto produktų gamyba",
        "evrk_subclass_code": "108900",
        "evrk_subclass_title": "Kitų, niekur kitur nepriskirtų, maisto produktų gamyba",
        "object_id": 563
      }
    },
    {
      "type": "Feature",
      "id": 564,
      "geometry": null,
      "properties": {
        "evrk_section_code": "C",
        "evrk_section_title": "Apdirbamoji gamyba",
        "evrk_chapter_code": "10",
        "evrk_chapter_title": "Maisto produktų gamyba",
        "evrk_group_code": "108",
        "evrk_group_title": "Kitų maisto produktų gamyba",
        "evrk_class_code": "1089",
        "evrk_class_title": "Kitų, niekur kitur nepriskirtų, maisto produktų gamyba",
        "evrk_subclass_code": "108910",
        "evrk_subclass_title": "Mielių gamyba",
        "object_id": 564
      }
    },
    {
      "type": "Feature",
      "id": 565,
      "geometry": null,
      "properties": {
        "evrk_section_code": "C",
        "evrk_section_title": "Apdirbamoji gamyba",
        "evrk_chapter_code": "11",
        "evrk_chapter_title": "Gėrimų gamyba",
        "evrk_group_code": "110",
        "evrk_group_title": "Gėrimų gamyba",
        "evrk_class_code": "1106",
        "evrk_class_title": "Salyklo gamyba",
        "evrk_subclass_code": "110600",
        "evrk_subclass_title": "Salyklo gamyba",
        "object_id": 565
      }
    },
    {
      "type": "Feature",
      "id": 566,
      "geometry": null,
      "properties": {
        "evrk_section_code": "C",
        "evrk_section_title": "Apdirbamoji gamyba",
        "evrk_chapter_code": "13",
        "evrk_chapter_title": "Tekstilės gaminių gamyba",
        "evrk_group_code": "130",
        "evrk_group_title": "Tekstilės gaminių gamyba",
        "evrk_class_code": "1300",
        "evrk_class_title": "Tekstilės gaminių gamyba",
        "evrk_subclass_code": "130000",
        "evrk_subclass_title": "Tekstilės gaminių gamyba",
        "object_id": 566
      }
    },
    {
      "type": "Feature",
      "id": 567,
      "geometry": null,
      "properties": {
        "evrk_section_code": "C",
        "evrk_section_title": "Apdirbamoji gamyba",
        "evrk_chapter_code": "13",
        "evrk_chapter_title": "Tekstilės gaminių gamyba",
        "evrk_group_code": "139",
        "evrk_group_title": "Kitų tekstilės gaminių ir dirbinių gamyba",
        "evrk_class_code": "1399",
        "evrk_class_title": "Kitų, niekur kitur nepriskirtų, tekstilės gaminių ir dirbinių gamyba",
        "evrk_subclass_code": "139900",
        "evrk_subclass_title": "Kitų, niekur kitur nepriskirtų, tekstilės gaminių ir dirbinių gamyba",
        "object_id": 567
      }
    },
    {
      "type": "Feature",
      "id": 568,
      "geometry": null,
      "properties": {
        "evrk_section_code": "C",
        "evrk_section_title": "Apdirbamoji gamyba",
        "evrk_chapter_code": "14",
        "evrk_chapter_title": "Drabužių siuvimas (gamyba)",
        "evrk_group_code": "141",
        "evrk_group_title": "Drabužių, išskyrus kailinius drabužius, siuvimas (gamyba)",
        "evrk_class_code": "1413",
        "evrk_class_title": "Kitų viršutinių drabužių siuvimas",
        "evrk_subclass_code": "141300",
        "evrk_subclass_title": "Kitų viršutinių drabužių siuvimas",
        "object_id": 568
      }
    },
    {
      "type": "Feature",
      "id": 569,
      "geometry": null,
      "properties": {
        "evrk_section_code": "C",
        "evrk_section_title": "Apdirbamoji gamyba",
        "evrk_chapter_code": "14",
        "evrk_chapter_title": "Drabužių siuvimas (gamyba)",
        "evrk_group_code": "141",
        "evrk_group_title": "Drabužių, išskyrus kailinius drabužius, siuvimas (gamyba)",
        "evrk_class_code": "1413",
        "evrk_class_title": "Kitų viršutinių drabužių siuvimas",
        "evrk_subclass_code": "141310",
        "evrk_subclass_title": "Vyriškų viršutinių drabužių siuvimas",
        "object_id": 569
      }
    },
    {
      "type": "Feature",
      "id": 570,
      "geometry": null,
      "properties": {
        "evrk_section_code": "C",
        "evrk_section_title": "Apdirbamoji gamyba",
        "evrk_chapter_code": "14",
        "evrk_chapter_title": "Drabužių siuvimas (gamyba)",
        "evrk_group_code": "141",
        "evrk_group_title": "Drabužių, išskyrus kailinius drabužius, siuvimas (gamyba)",
        "evrk_class_code": "1414",
        "evrk_class_title": "Apatinių drabužių siuvimas",
        "evrk_subclass_code": "141400",
        "evrk_subclass_title": "Apatinių drabužių siuvimas",
        "object_id": 570
      }
    },
    {
      "type": "Feature",
      "id": 571,
      "geometry": null,
      "properties": {
        "evrk_section_code": "C",
        "evrk_section_title": "Apdirbamoji gamyba",
        "evrk_chapter_code": "14",
        "evrk_chapter_title": "Drabužių siuvimas (gamyba)",
        "evrk_group_code": "141",
        "evrk_group_title": "Drabužių, išskyrus kailinius drabužius, siuvimas (gamyba)",
        "evrk_class_code": "1419",
        "evrk_class_title": "Kitų drabužių siuvimas ir drabužių priedų gamyba",
        "evrk_subclass_code": "141900",
        "evrk_subclass_title": "Kitų drabužių siuvimas ir drabužių priedų gamyba",
        "object_id": 571
      }
    },
    {
      "type": "Feature",
      "id": 572,
      "geometry": null,
      "properties": {
        "evrk_section_code": "C",
        "evrk_section_title": "Apdirbamoji gamyba",
        "evrk_chapter_code": "14",
        "evrk_chapter_title": "Drabužių siuvimas (gamyba)",
        "evrk_group_code": "141",
        "evrk_group_title": "Drabužių, išskyrus kailinius drabužius, siuvimas (gamyba)",
        "evrk_class_code": "1419",
        "evrk_class_title": "Kitų drabužių siuvimas ir drabužių priedų gamyba",
        "evrk_subclass_code": "141910",
        "evrk_subclass_title": "Vaiko drabužėlių siuvimas",
        "object_id": 572
      }
    },
    {
      "type": "Feature",
      "id": 573,
      "geometry": null,
      "properties": {
        "evrk_section_code": "C",
        "evrk_section_title": "Apdirbamoji gamyba",
        "evrk_chapter_code": "15",
        "evrk_chapter_title": "Odos ir odos dirbinių gamyba",
        "evrk_group_code": "151",
        "evrk_group_title": "Odų rauginimas ir išdirbimas; lagaminų, rankinių, balno reikmenų ir pakinktų gamyba; kailių išdirbimas ir dažymas",
        "evrk_class_code": "1510",
        "evrk_class_title": "Odų rauginimas ir išdirbimas; lagaminų, rankinių, balno reikmenų ir pakinktų gamyba; kailių išdirbimas ir dažymas",
        "evrk_subclass_code": "151000",
        "evrk_subclass_title": "Odų rauginimas ir išdirbimas; lagaminų, rankinių, balno reikmenų ir pakinktų gamyba; kailių išdirbimas ir dažymas",
        "object_id": 573
      }
    },
    {
      "type": "Feature",
      "id": 574,
      "geometry": null,
      "properties": {
        "evrk_section_code": "C",
        "evrk_section_title": "Apdirbamoji gamyba",
        "evrk_chapter_code": "15",
        "evrk_chapter_title": "Odos ir odos dirbinių gamyba",
        "evrk_group_code": "151",
        "evrk_group_title": "Odų rauginimas ir išdirbimas; lagaminų, rankinių, balno reikmenų ir pakinktų gamyba; kailių išdirbimas ir dažymas",
        "evrk_class_code": "1511",
        "evrk_class_title": "Odų rauginimas ir išdirbimas; kailių išdirbimas ir dažymas",
        "evrk_subclass_code": "151120",
        "evrk_subclass_title": "Odų rauginimas, naudojant mineralines ir chemines medžiagas",
        "object_id": 574
      }
    },
    {
      "type": "Feature",
      "id": 575,
      "geometry": null,
      "properties": {
        "evrk_section_code": "C",
        "evrk_section_title": "Apdirbamoji gamyba",
        "evrk_chapter_code": "15",
        "evrk_chapter_title": "Odos ir odos dirbinių gamyba",
        "evrk_group_code": "151",
        "evrk_group_title": "Odų rauginimas ir išdirbimas; lagaminų, rankinių, balno reikmenų ir pakinktų gamyba; kailių išdirbimas ir dažymas",
        "evrk_class_code": "1511",
        "evrk_class_title": "Odų rauginimas ir išdirbimas; kailių išdirbimas ir dažymas",
        "evrk_subclass_code": "151130",
        "evrk_subclass_title": "Odų išdirbimas",
        "object_id": 575
      }
    },
    {
      "type": "Feature",
      "id": 576,
      "geometry": null,
      "properties": {
        "evrk_section_code": "C",
        "evrk_section_title": "Apdirbamoji gamyba",
        "evrk_chapter_code": "16",
        "evrk_chapter_title": "Medienos bei medienos ir kamštienos gaminių, išskyrus baldus, gamyba; gaminių iš šiaudų ir pynimo medžiagų gamyba",
        "evrk_group_code": "162",
        "evrk_group_title": "Gaminių ir dirbinių iš medienos, kamštienos, šiaudų ir pynimo medžiagų gamyba",
        "evrk_class_code": "1622",
        "evrk_class_title": "Sumontuotų parketo grindų gamyba",
        "evrk_subclass_code": "162200",
        "evrk_subclass_title": "Sumontuotų parketo grindų gamyba",
        "object_id": 576
      }
    },
    {
      "type": "Feature",
      "id": 577,
      "geometry": null,
      "properties": {
        "evrk_section_code": "C",
        "evrk_section_title": "Apdirbamoji gamyba",
        "evrk_chapter_code": "16",
        "evrk_chapter_title": "Medienos bei medienos ir kamštienos gaminių, išskyrus baldus, gamyba; gaminių iš šiaudų ir pynimo medžiagų gamyba",
        "evrk_group_code": "162",
        "evrk_group_title": "Gaminių ir dirbinių iš medienos, kamštienos, šiaudų ir pynimo medžiagų gamyba",
        "evrk_class_code": "1623",
        "evrk_class_title": "Kitų statybinių dailidžių ir stalių dirbinių gamyba",
        "evrk_subclass_code": "162310",
        "evrk_subclass_title": "Fasoninių detalių ir malksnų (gontų) stogų dengimui gamyba",
        "object_id": 577
      }
    },
    {
      "type": "Feature",
      "id": 578,
      "geometry": null,
      "properties": {
        "evrk_section_code": "C",
        "evrk_section_title": "Apdirbamoji gamyba",
        "evrk_chapter_code": "16",
        "evrk_chapter_title": "Medienos bei medienos ir kamštienos gaminių, išskyrus baldus, gamyba; gaminių iš šiaudų ir pynimo medžiagų gamyba",
        "evrk_group_code": "162",
        "evrk_group_title": "Gaminių ir dirbinių iš medienos, kamštienos, šiaudų ir pynimo medžiagų gamyba",
        "evrk_class_code": "1624",
        "evrk_class_title": "Medinės taros gamyba",
        "evrk_subclass_code": "162410",
        "evrk_subclass_title": "Padėklų, stovų ir kitų medinių pakrovimo reikmenų gamyba",
        "object_id": 578
      }
    },
    {
      "type": "Feature",
      "id": 579,
      "geometry": null,
      "properties": {
        "evrk_section_code": "C",
        "evrk_section_title": "Apdirbamoji gamyba",
        "evrk_chapter_code": "17",
        "evrk_chapter_title": "Popieriaus ir popieriaus gaminių gamyba",
        "evrk_group_code": "171",
        "evrk_group_title": "Plaušienos, popieriaus ir kartono gamyba",
        "evrk_class_code": "1711",
        "evrk_class_title": "Plaušienos gamyba",
        "evrk_subclass_code": "171100",
        "evrk_subclass_title": "Plaušienos gamyba",
        "object_id": 579
      }
    },
    {
      "type": "Feature",
      "id": 580,
      "geometry": null,
      "properties": {
        "evrk_section_code": "C",
        "evrk_section_title": "Apdirbamoji gamyba",
        "evrk_chapter_code": "17",
        "evrk_chapter_title": "Popieriaus ir popieriaus gaminių gamyba",
        "evrk_group_code": "171",
        "evrk_group_title": "Plaušienos, popieriaus ir kartono gamyba",
        "evrk_class_code": "1712",
        "evrk_class_title": "Popieriaus ir kartono gamyba",
        "evrk_subclass_code": "171200",
        "evrk_subclass_title": "Popieriaus ir kartono gamyba",
        "object_id": 580
      }
    },
    {
      "type": "Feature",
      "id": 581,
      "geometry": null,
      "properties": {
        "evrk_section_code": "C",
        "evrk_section_title": "Apdirbamoji gamyba",
        "evrk_chapter_code": "19",
        "evrk_chapter_title": "Kokso ir rafinuotų naftos produktų gamyba",
        "evrk_group_code": "192",
        "evrk_group_title": "Rafinuotų naftos produktų gamyba",
        "evrk_class_code": "1920",
        "evrk_class_title": "Rafinuotų naftos produktų gamyba",
        "evrk_subclass_code": "192000",
        "evrk_subclass_title": "Rafinuotų naftos produktų gamyba",
        "object_id": 581
      }
    },
    {
      "type": "Feature",
      "id": 582,
      "geometry": null,
      "properties": {
        "evrk_section_code": "C",
        "evrk_section_title": "Apdirbamoji gamyba",
        "evrk_chapter_code": "20",
        "evrk_chapter_title": "Chemikalų ir chemijos produktų gamyba",
        "evrk_group_code": "201",
        "evrk_group_title": "Pagrindinių chemikalų, trąšų ir azoto junginių, pirminių plastikų ir pirminio sintetinio kaučiuko gamyba",
        "evrk_class_code": "2016",
        "evrk_class_title": "Pirminių plastikų gamyba",
        "evrk_subclass_code": "201600",
        "evrk_subclass_title": "Pirminių plastikų gamyba",
        "object_id": 582
      }
    },
    {
      "type": "Feature",
      "id": 583,
      "geometry": null,
      "properties": {
        "evrk_section_code": "C",
        "evrk_section_title": "Apdirbamoji gamyba",
        "evrk_chapter_code": "20",
        "evrk_chapter_title": "Chemikalų ir chemijos produktų gamyba",
        "evrk_group_code": "202",
        "evrk_group_title": "Pesticidų ir kitų agrocheminių medžiagų gamyba",
        "evrk_class_code": "2020",
        "evrk_class_title": "Pesticidų ir kitų agrocheminių medžiagų gamyba",
        "evrk_subclass_code": "202010",
        "evrk_subclass_title": "Dezinfekantų gamyba",
        "object_id": 583
      }
    },
    {
      "type": "Feature",
      "id": 584,
      "geometry": null,
      "properties": {
        "evrk_section_code": "C",
        "evrk_section_title": "Apdirbamoji gamyba",
        "evrk_chapter_code": "20",
        "evrk_chapter_title": "Chemikalų ir chemijos produktų gamyba",
        "evrk_group_code": "204",
        "evrk_group_title": "Muilo ir ploviklių, valiklių ir blizgiklių, kvepalų ir tualeto priemonių gamyba",
        "evrk_class_code": "2040",
        "evrk_class_title": "Muilo ir ploviklių, valiklių ir blizgiklių, kvepalų ir tualeto priemonių gamyba",
        "evrk_subclass_code": "204000",
        "evrk_subclass_title": "Muilo ir ploviklių, valiklių ir blizgiklių, kvepalų ir tualeto priemonių gamyba",
        "object_id": 584
      }
    },
    {
      "type": "Feature",
      "id": 585,
      "geometry": null,
      "properties": {
        "evrk_section_code": "C",
        "evrk_section_title": "Apdirbamoji gamyba",
        "evrk_chapter_code": "20",
        "evrk_chapter_title": "Chemikalų ir chemijos produktų gamyba",
        "evrk_group_code": "205",
        "evrk_group_title": "Kitų cheminių medžiagų gamyba",
        "evrk_class_code": "2051",
        "evrk_class_title": "Sprogiųjų medžiagų gamyba",
        "evrk_subclass_code": "205100",
        "evrk_subclass_title": "Sprogiųjų medžiagų gamyba",
        "object_id": 585
      }
    },
    {
      "type": "Feature",
      "id": 586,
      "geometry": null,
      "properties": {
        "evrk_section_code": "C",
        "evrk_section_title": "Apdirbamoji gamyba",
        "evrk_chapter_code": "20",
        "evrk_chapter_title": "Chemikalų ir chemijos produktų gamyba",
        "evrk_group_code": "205",
        "evrk_group_title": "Kitų cheminių medžiagų gamyba",
        "evrk_class_code": "2059",
        "evrk_class_title": "Kitų, niekur kitur nepriskirtų, cheminių medžiagų gamyba",
        "evrk_subclass_code": "205930",
        "evrk_subclass_title": "Antidetonatorių, antifrizų, skysčių hidraulinėms sistemoms gamyba",
        "object_id": 586
      }
    },
    {
      "type": "Feature",
      "id": 587,
      "geometry": null,
      "properties": {
        "evrk_section_code": "C",
        "evrk_section_title": "Apdirbamoji gamyba",
        "evrk_chapter_code": "20",
        "evrk_chapter_title": "Chemikalų ir chemijos produktų gamyba",
        "evrk_group_code": "206",
        "evrk_group_title": "Cheminių pluoštų gamyba",
        "evrk_class_code": "2060",
        "evrk_class_title": "Cheminių pluoštų gamyba",
        "evrk_subclass_code": "206000",
        "evrk_subclass_title": "Cheminių pluoštų gamyba",
        "object_id": 587
      }
    },
    {
      "type": "Feature",
      "id": 588,
      "geometry": null,
      "properties": {
        "evrk_section_code": "C",
        "evrk_section_title": "Apdirbamoji gamyba",
        "evrk_chapter_code": "21",
        "evrk_chapter_title": "Pagrindinių vaistų pramonės gaminių ir farmacinių preparatų gamyba",
        "evrk_group_code": "211",
        "evrk_group_title": "Pagrindinių vaistų pramonės gaminių gamyba",
        "evrk_class_code": "2110",
        "evrk_class_title": "Pagrindinių vaistų pramonės gaminių gamyba",
        "evrk_subclass_code": "211010",
        "evrk_subclass_title": "Narkotinių medžiagų gamyba",
        "object_id": 588
      }
    },
    {
      "type": "Feature",
      "id": 589,
      "geometry": null,
      "properties": {
        "evrk_section_code": "C",
        "evrk_section_title": "Apdirbamoji gamyba",
        "evrk_chapter_code": "22",
        "evrk_chapter_title": "Guminių ir plastikinių gaminių gamyba",
        "evrk_group_code": "222",
        "evrk_group_title": "Plastikinių gaminių gamyba",
        "evrk_class_code": "2222",
        "evrk_class_title": "Plastikinių pakuočių gamyba",
        "evrk_subclass_code": "222200",
        "evrk_subclass_title": "Plastikinių pakuočių gamyba",
        "object_id": 589
      }
    },
    {
      "type": "Feature",
      "id": 590,
      "geometry": null,
      "properties": {
        "evrk_section_code": "C",
        "evrk_section_title": "Apdirbamoji gamyba",
        "evrk_chapter_code": "22",
        "evrk_chapter_title": "Guminių ir plastikinių gaminių gamyba",
        "evrk_group_code": "222",
        "evrk_group_title": "Plastikinių gaminių gamyba",
        "evrk_class_code": "2229",
        "evrk_class_title": "Kitų plastikinių gaminių gamyba",
        "evrk_subclass_code": "222900",
        "evrk_subclass_title": "Kitų plastikinių gaminių gamyba",
        "object_id": 590
      }
    },
    {
      "type": "Feature",
      "id": 591,
      "geometry": null,
      "properties": {
        "evrk_section_code": "C",
        "evrk_section_title": "Apdirbamoji gamyba",
        "evrk_chapter_code": "23",
        "evrk_chapter_title": "Kitų nemetalo mineralinių produktų gamyba",
        "evrk_group_code": "230",
        "evrk_group_title": "Kitų nemetalo mineralinių produktų gamyba",
        "evrk_class_code": "2300",
        "evrk_class_title": "Kitų nemetalo mineralinių produktų gamyba",
        "evrk_subclass_code": "230000",
        "evrk_subclass_title": "Kitų nemetalo mineralinių produktų gamyba",
        "object_id": 591
      }
    },
    {
      "type": "Feature",
      "id": 592,
      "geometry": null,
      "properties": {
        "evrk_section_code": "C",
        "evrk_section_title": "Apdirbamoji gamyba",
        "evrk_chapter_code": "23",
        "evrk_chapter_title": "Kitų nemetalo mineralinių produktų gamyba",
        "evrk_group_code": "231",
        "evrk_group_title": "Stiklo ir stiklo gaminių bei dirbinių gamyba",
        "evrk_class_code": "2319",
        "evrk_class_title": "Kito stiklo, įskaitant skirto techninėms reikmėms, gamyba ir apdorojimas",
        "evrk_subclass_code": "231900",
        "evrk_subclass_title": "Kito stiklo, įskaitant skirto techninėms reikmėms, gamyba ir apdorojimas",
        "object_id": 592
      }
    },
    {
      "type": "Feature",
      "id": 593,
      "geometry": null,
      "properties": {
        "evrk_section_code": "C",
        "evrk_section_title": "Apdirbamoji gamyba",
        "evrk_chapter_code": "23",
        "evrk_chapter_title": "Kitų nemetalo mineralinių produktų gamyba",
        "evrk_group_code": "234",
        "evrk_group_title": "Kitų porcelianinių ir keraminių gaminių bei dirbinių gamyba",
        "evrk_class_code": "2349",
        "evrk_class_title": "Kitų keraminių gaminių ir dirbinių gamyba",
        "evrk_subclass_code": "234900",
        "evrk_subclass_title": "Kitų keraminių gaminių ir dirbinių gamyba",
        "object_id": 593
      }
    },
    {
      "type": "Feature",
      "id": 594,
      "geometry": null,
      "properties": {
        "evrk_section_code": "C",
        "evrk_section_title": "Apdirbamoji gamyba",
        "evrk_chapter_code": "23",
        "evrk_chapter_title": "Kitų nemetalo mineralinių produktų gamyba",
        "evrk_group_code": "235",
        "evrk_group_title": "Cemento, kalkių ir gipso gamyba",
        "evrk_class_code": "2350",
        "evrk_class_title": "Cemento, kalkių ir gipso gamyba",
        "evrk_subclass_code": "235000",
        "evrk_subclass_title": "Cemento, kalkių ir gipso gamyba",
        "object_id": 594
      }
    },
    {
      "type": "Feature",
      "id": 595,
      "geometry": null,
      "properties": {
        "evrk_section_code": "C",
        "evrk_section_title": "Apdirbamoji gamyba",
        "evrk_chapter_code": "23",
        "evrk_chapter_title": "Kitų nemetalo mineralinių produktų gamyba",
        "evrk_group_code": "235",
        "evrk_group_title": "Cemento, kalkių ir gipso gamyba",
        "evrk_class_code": "2351",
        "evrk_class_title": "Cemento gamyba",
        "evrk_subclass_code": "235100",
        "evrk_subclass_title": "Cemento gamyba",
        "object_id": 595
      }
    },
    {
      "type": "Feature",
      "id": 596,
      "geometry": null,
      "properties": {
        "evrk_section_code": "C",
        "evrk_section_title": "Apdirbamoji gamyba",
        "evrk_chapter_code": "23",
        "evrk_chapter_title": "Kitų nemetalo mineralinių produktų gamyba",
        "evrk_group_code": "236",
        "evrk_group_title": "Betono, cemento ir gipso gaminių bei dirbinių gamyba",
        "evrk_class_code": "2361",
        "evrk_class_title": "Betono gaminių, skirtų statybinėms reikmėms, gamyba",
        "evrk_subclass_code": "236100",
        "evrk_subclass_title": "Betono gaminių, skirtų statybinėms reikmėms, gamyba",
        "object_id": 596
      }
    },
    {
      "type": "Feature",
      "id": 597,
      "geometry": null,
      "properties": {
        "evrk_section_code": "C",
        "evrk_section_title": "Apdirbamoji gamyba",
        "evrk_chapter_code": "23",
        "evrk_chapter_title": "Kitų nemetalo mineralinių produktų gamyba",
        "evrk_group_code": "236",
        "evrk_group_title": "Betono, cemento ir gipso gaminių bei dirbinių gamyba",
        "evrk_class_code": "2364",
        "evrk_class_title": "Statybinių skiedinių gamyba",
        "evrk_subclass_code": "236400",
        "evrk_subclass_title": "Statybinių skiedinių gamyba",
        "object_id": 597
      }
    },
    {
      "type": "Feature",
      "id": 598,
      "geometry": null,
      "properties": {
        "evrk_section_code": "C",
        "evrk_section_title": "Apdirbamoji gamyba",
        "evrk_chapter_code": "23",
        "evrk_chapter_title": "Kitų nemetalo mineralinių produktų gamyba",
        "evrk_group_code": "239",
        "evrk_group_title": "Abrazyvinių gaminių ir niekur kitur nepriskirtų nemetalo mineralinių produktų gamyba",
        "evrk_class_code": "2399",
        "evrk_class_title": "Kitų, niekur kitur nepriskirtų, nemetalo mineralinių produktų gamyba",
        "evrk_subclass_code": "239910",
        "evrk_subclass_title": "Asbestinio pluošto, verpalų ir audinių bei gaminių iš jų gamyba",
        "object_id": 598
      }
    },
    {
      "type": "Feature",
      "id": 599,
      "geometry": null,
      "properties": {
        "evrk_section_code": "C",
        "evrk_section_title": "Apdirbamoji gamyba",
        "evrk_chapter_code": "23",
        "evrk_chapter_title": "Kitų nemetalo mineralinių produktų gamyba",
        "evrk_group_code": "239",
        "evrk_group_title": "Abrazyvinių gaminių ir niekur kitur nepriskirtų nemetalo mineralinių produktų gamyba",
        "evrk_class_code": "2399",
        "evrk_class_title": "Kitų, niekur kitur nepriskirtų, nemetalo mineralinių produktų gamyba",
        "evrk_subclass_code": "239930",
        "evrk_subclass_title": "Mineralinių izoliacinių medžiagų gamyba",
        "object_id": 599
      }
    },
    {
      "type": "Feature",
      "id": 600,
      "geometry": null,
      "properties": {
        "evrk_section_code": "C",
        "evrk_section_title": "Apdirbamoji gamyba",
        "evrk_chapter_code": "24",
        "evrk_chapter_title": "Pagrindinių metalų gamyba",
        "evrk_group_code": "242",
        "evrk_group_title": "Plieninių vamzdžių, vamzdelių, tuščiavidurių profilių ir susijusių jungiamųjų detalių gamyba",
        "evrk_class_code": "2420",
        "evrk_class_title": "Plieninių vamzdžių, vamzdelių, tuščiavidurių profilių ir susijusių jungiamųjų detalių gamyba",
        "evrk_subclass_code": "242000",
        "evrk_subclass_title": "Plieninių vamzdžių, vamzdelių, tuščiavidurių profilių ir susijusių jungiamųjų detalių gamyba",
        "object_id": 600
      }
    },
    {
      "type": "Feature",
      "id": 601,
      "geometry": null,
      "properties": {
        "evrk_section_code": "C",
        "evrk_section_title": "Apdirbamoji gamyba",
        "evrk_chapter_code": "24",
        "evrk_chapter_title": "Pagrindinių metalų gamyba",
        "evrk_group_code": "243",
        "evrk_group_title": "Kitų plieno pirminio apdirbimo gaminių gamyba",
        "evrk_class_code": "2430",
        "evrk_class_title": "Kitų plieno pirminio apdirbimo gaminių gamyba",
        "evrk_subclass_code": "243000",
        "evrk_subclass_title": "Kitų plieno pirminio apdirbimo gaminių gamyba",
        "object_id": 601
      }
    },
    {
      "type": "Feature",
      "id": 602,
      "geometry": null,
      "properties": {
        "evrk_section_code": "C",
        "evrk_section_title": "Apdirbamoji gamyba",
        "evrk_chapter_code": "24",
        "evrk_chapter_title": "Pagrindinių metalų gamyba",
        "evrk_group_code": "243",
        "evrk_group_title": "Kitų plieno pirminio apdirbimo gaminių gamyba",
        "evrk_class_code": "2433",
        "evrk_class_title": "Šaltasis formavimas ar lankstymas",
        "evrk_subclass_code": "243300",
        "evrk_subclass_title": "Šaltasis formavimas ar lankstymas",
        "object_id": 602
      }
    },
    {
      "type": "Feature",
      "id": 603,
      "geometry": null,
      "properties": {
        "evrk_section_code": "C",
        "evrk_section_title": "Apdirbamoji gamyba",
        "evrk_chapter_code": "24",
        "evrk_chapter_title": "Pagrindinių metalų gamyba",
        "evrk_group_code": "243",
        "evrk_group_title": "Kitų plieno pirminio apdirbimo gaminių gamyba",
        "evrk_class_code": "2434",
        "evrk_class_title": "Šaltasis vielos tempimas",
        "evrk_subclass_code": "243400",
        "evrk_subclass_title": "Šaltasis vielos tempimas",
        "object_id": 603
      }
    },
    {
      "type": "Feature",
      "id": 604,
      "geometry": null,
      "properties": {
        "evrk_section_code": "C",
        "evrk_section_title": "Apdirbamoji gamyba",
        "evrk_chapter_code": "24",
        "evrk_chapter_title": "Pagrindinių metalų gamyba",
        "evrk_group_code": "244",
        "evrk_group_title": "Pagrindinių tauriųjų ir kitų spalvotųjų metalų gamyba",
        "evrk_class_code": "2445",
        "evrk_class_title": "Kitų spalvotųjų metalų gamyba",
        "evrk_subclass_code": "244500",
        "evrk_subclass_title": "Kitų spalvotųjų metalų gamyba",
        "object_id": 604
      }
    },
    {
      "type": "Feature",
      "id": 605,
      "geometry": null,
      "properties": {
        "evrk_section_code": "C",
        "evrk_section_title": "Apdirbamoji gamyba",
        "evrk_chapter_code": "24",
        "evrk_chapter_title": "Pagrindinių metalų gamyba",
        "evrk_group_code": "244",
        "evrk_group_title": "Pagrindinių tauriųjų ir kitų spalvotųjų metalų gamyba",
        "evrk_class_code": "2446",
        "evrk_class_title": "Branduolinio kuro perdirbimas",
        "evrk_subclass_code": "244600",
        "evrk_subclass_title": "Branduolinio kuro perdirbimas",
        "object_id": 605
      }
    },
    {
      "type": "Feature",
      "id": 606,
      "geometry": null,
      "properties": {
        "evrk_section_code": "C",
        "evrk_section_title": "Apdirbamoji gamyba",
        "evrk_chapter_code": "24",
        "evrk_chapter_title": "Pagrindinių metalų gamyba",
        "evrk_group_code": "245",
        "evrk_group_title": "Metalų liejinių gamyba",
        "evrk_class_code": "2451",
        "evrk_class_title": "Geležies liejinių gamyba",
        "evrk_subclass_code": "245100",
        "evrk_subclass_title": "Geležies liejinių gamyba",
        "object_id": 606
      }
    },
    {
      "type": "Feature",
      "id": 607,
      "geometry": null,
      "properties": {
        "evrk_section_code": "C",
        "evrk_section_title": "Apdirbamoji gamyba",
        "evrk_chapter_code": "25",
        "evrk_chapter_title": "Metalo gaminių, išskyrus mašinas ir įrenginius, gamyba",
        "evrk_group_code": "250",
        "evrk_group_title": "Metalo gaminių, išskyrus mašinas ir įrenginius, gamyba",
        "evrk_class_code": "2500",
        "evrk_class_title": "Metalo gaminių, išskyrus mašinas ir įrenginius, gamyba",
        "evrk_subclass_code": "250000",
        "evrk_subclass_title": "Metalo gaminių, išskyrus mašinas ir įrenginius, gamyba",
        "object_id": 607
      }
    },
    {
      "type": "Feature",
      "id": 608,
      "geometry": null,
      "properties": {
        "evrk_section_code": "C",
        "evrk_section_title": "Apdirbamoji gamyba",
        "evrk_chapter_code": "25",
        "evrk_chapter_title": "Metalo gaminių, išskyrus mašinas ir įrenginius, gamyba",
        "evrk_group_code": "251",
        "evrk_group_title": "Konstrukcinių metalo gaminių gamyba",
        "evrk_class_code": "2511",
        "evrk_class_title": "Metalo konstrukcijų ir jų dalių gamyba",
        "evrk_subclass_code": "251100",
        "evrk_subclass_title": "Metalo konstrukcijų ir jų dalių gamyba",
        "object_id": 608
      }
    },
    {
      "type": "Feature",
      "id": 609,
      "geometry": null,
      "properties": {
        "evrk_section_code": "C",
        "evrk_section_title": "Apdirbamoji gamyba",
        "evrk_chapter_code": "25",
        "evrk_chapter_title": "Metalo gaminių, išskyrus mašinas ir įrenginius, gamyba",
        "evrk_group_code": "252",
        "evrk_group_title": "Metalinių cisternų, rezervuarų ir talpyklų gamyba",
        "evrk_class_code": "2529",
        "evrk_class_title": "Kitų metalinių cisternų, rezervuarų ir talpyklų gamyba",
        "evrk_subclass_code": "252910",
        "evrk_subclass_title": "Metalinių talpyklų suslėgtosioms ar suskystintosioms dujoms gamyba",
        "object_id": 609
      }
    },
    {
      "type": "Feature",
      "id": 610,
      "geometry": null,
      "properties": {
        "evrk_section_code": "C",
        "evrk_section_title": "Apdirbamoji gamyba",
        "evrk_chapter_code": "25",
        "evrk_chapter_title": "Metalo gaminių, išskyrus mašinas ir įrenginius, gamyba",
        "evrk_group_code": "253",
        "evrk_group_title": "Garo generatorių, išskyrus centrinio šildymo karšto vandens katilus, gamyba",
        "evrk_class_code": "2530",
        "evrk_class_title": "Garo generatorių, išskyrus centrinio šildymo karšto vandens katilus, gamyba",
        "evrk_subclass_code": "253000",
        "evrk_subclass_title": "Garo generatorių, išskyrus centrinio šildymo karšto vandens katilus, gamyba",
        "object_id": 610
      }
    },
    {
      "type": "Feature",
      "id": 611,
      "geometry": null,
      "properties": {
        "evrk_section_code": "C",
        "evrk_section_title": "Apdirbamoji gamyba",
        "evrk_chapter_code": "25",
        "evrk_chapter_title": "Metalo gaminių, išskyrus mašinas ir įrenginius, gamyba",
        "evrk_group_code": "255",
        "evrk_group_title": "Metalo kalimas, presavimas, štampavimas ir profiliavimas; miltelių metalurgija",
        "evrk_class_code": "2550",
        "evrk_class_title": "Metalo kalimas, presavimas, štampavimas ir profiliavimas; miltelių metalurgija",
        "evrk_subclass_code": "255000",
        "evrk_subclass_title": "Metalo kalimas, presavimas, štampavimas ir profiliavimas; miltelių metalurgija",
        "object_id": 611
      }
    },
    {
      "type": "Feature",
      "id": 612,
      "geometry": null,
      "properties": {
        "evrk_section_code": "C",
        "evrk_section_title": "Apdirbamoji gamyba",
        "evrk_chapter_code": "25",
        "evrk_chapter_title": "Metalo gaminių, išskyrus mašinas ir įrenginius, gamyba",
        "evrk_group_code": "259",
        "evrk_group_title": "Kitų metalo gaminių gamyba",
        "evrk_class_code": "2593",
        "evrk_class_title": "Vielos gaminių, grandinių ir spyruoklių gamyba",
        "evrk_subclass_code": "259300",
        "evrk_subclass_title": "Vielos gaminių, grandinių ir spyruoklių gamyba",
        "object_id": 612
      }
    },
    {
      "type": "Feature",
      "id": 613,
      "geometry": null,
      "properties": {
        "evrk_section_code": "C",
        "evrk_section_title": "Apdirbamoji gamyba",
        "evrk_chapter_code": "25",
        "evrk_chapter_title": "Metalo gaminių, išskyrus mašinas ir įrenginius, gamyba",
        "evrk_group_code": "259",
        "evrk_group_title": "Kitų metalo gaminių gamyba",
        "evrk_class_code": "2594",
        "evrk_class_title": "Tvirtinimo detalių ir sriegimo mašinų gaminių gamyba",
        "evrk_subclass_code": "259400",
        "evrk_subclass_title": "Tvirtinimo detalių ir sriegimo mašinų gaminių gamyba",
        "object_id": 613
      }
    },
    {
      "type": "Feature",
      "id": 614,
      "geometry": null,
      "properties": {
        "evrk_section_code": "C",
        "evrk_section_title": "Apdirbamoji gamyba",
        "evrk_chapter_code": "25",
        "evrk_chapter_title": "Metalo gaminių, išskyrus mašinas ir įrenginius, gamyba",
        "evrk_group_code": "259",
        "evrk_group_title": "Kitų metalo gaminių gamyba",
        "evrk_class_code": "2599",
        "evrk_class_title": "Kitų, niekur kitur nepriskirtų, metalo gaminių gamyba",
        "evrk_subclass_code": "259900",
        "evrk_subclass_title": "Kitų, niekur kitur nepriskirtų, metalo gaminių gamyba",
        "object_id": 614
      }
    },
    {
      "type": "Feature",
      "id": 615,
      "geometry": null,
      "properties": {
        "evrk_section_code": "C",
        "evrk_section_title": "Apdirbamoji gamyba",
        "evrk_chapter_code": "26",
        "evrk_chapter_title": "Kompiuterinių, elektroninių ir optinių gaminių gamyba",
        "evrk_group_code": "261",
        "evrk_group_title": "Elektroninių komponentų ir plokščių gamyba",
        "evrk_class_code": "2612",
        "evrk_class_title": "Sumontuotų elektroninių plokščių gamyba",
        "evrk_subclass_code": "261200",
        "evrk_subclass_title": "Sumontuotų elektroninių plokščių gamyba",
        "object_id": 615
      }
    },
    {
      "type": "Feature",
      "id": 616,
      "geometry": null,
      "properties": {
        "evrk_section_code": "C",
        "evrk_section_title": "Apdirbamoji gamyba",
        "evrk_chapter_code": "26",
        "evrk_chapter_title": "Kompiuterinių, elektroninių ir optinių gaminių gamyba",
        "evrk_group_code": "265",
        "evrk_group_title": "Matavimo, bandymo, navigacinės ir kontrolės įrangos gamyba; įvairių tipų laikrodžių gamyba",
        "evrk_class_code": "2651",
        "evrk_class_title": "Matavimo, bandymo, navigacinės ir kontrolės įrangos prietaisų ir aparatų gamyba",
        "evrk_subclass_code": "265140",
        "evrk_subclass_title": "Automatinio reguliavimo ir kontrolės prietaisų gamyba",
        "object_id": 616
      }
    },
    {
      "type": "Feature",
      "id": 617,
      "geometry": null,
      "properties": {
        "evrk_section_code": "C",
        "evrk_section_title": "Apdirbamoji gamyba",
        "evrk_chapter_code": "26",
        "evrk_chapter_title": "Kompiuterinių, elektroninių ir optinių gaminių gamyba",
        "evrk_group_code": "265",
        "evrk_group_title": "Matavimo, bandymo, navigacinės ir kontrolės įrangos gamyba; įvairių tipų laikrodžių gamyba",
        "evrk_class_code": "2652",
        "evrk_class_title": "Įvairių tipų laikrodžių gamyba",
        "evrk_subclass_code": "265200",
        "evrk_subclass_title": "Įvairių tipų laikrodžių gamyba",
        "object_id": 617
      }
    },
    {
      "type": "Feature",
      "id": 618,
      "geometry": null,
      "properties": {
        "evrk_section_code": "C",
        "evrk_section_title": "Apdirbamoji gamyba",
        "evrk_chapter_code": "27",
        "evrk_chapter_title": "Elektros įrangos gamyba",
        "evrk_group_code": "271",
        "evrk_group_title": "Elektros variklių, generatorių, transformatorių bei elektros skirstomosios ir valdymo įrangos gamyba",
        "evrk_class_code": "2711",
        "evrk_class_title": "Elektros variklių, generatorių ir transformatorių gamyba",
        "evrk_subclass_code": "271100",
        "evrk_subclass_title": "Elektros variklių, generatorių ir transformatorių gamyba",
        "object_id": 618
      }
    },
    {
      "type": "Feature",
      "id": 619,
      "geometry": null,
      "properties": {
        "evrk_section_code": "C",
        "evrk_section_title": "Apdirbamoji gamyba",
        "evrk_chapter_code": "27",
        "evrk_chapter_title": "Elektros įrangos gamyba",
        "evrk_group_code": "275",
        "evrk_group_title": "Buitinių aparatų ir prietaisų gamyba",
        "evrk_class_code": "2751",
        "evrk_class_title": "Buitinių elektrinių aparatų ir prietaisų gamyba",
        "evrk_subclass_code": "275100",
        "evrk_subclass_title": "Buitinių elektrinių aparatų ir prietaisų gamyba",
        "object_id": 619
      }
    },
    {
      "type": "Feature",
      "id": 620,
      "geometry": null,
      "properties": {
        "evrk_section_code": "C",
        "evrk_section_title": "Apdirbamoji gamyba",
        "evrk_chapter_code": "28",
        "evrk_chapter_title": "Niekur kitur nepriskirtų mašinų ir įrangos gamyba",
        "evrk_group_code": "281",
        "evrk_group_title": "Bendrosios paskirties mašinų gamyba",
        "evrk_class_code": "2813",
        "evrk_class_title": "Kitų siurblių ir kompresorių gamyba",
        "evrk_subclass_code": "281300",
        "evrk_subclass_title": "Kitų siurblių ir kompresorių gamyba",
        "object_id": 620
      }
    },
    {
      "type": "Feature",
      "id": 621,
      "geometry": null,
      "properties": {
        "evrk_section_code": "C",
        "evrk_section_title": "Apdirbamoji gamyba",
        "evrk_chapter_code": "28",
        "evrk_chapter_title": "Niekur kitur nepriskirtų mašinų ir įrangos gamyba",
        "evrk_group_code": "282",
        "evrk_group_title": "Kitų bendrosios paskirties mašinų ir įrangos gamyba",
        "evrk_class_code": "2823",
        "evrk_class_title": "Įstaigos mašinų ir įrangos (išskyrus kompiuterius ir išorinę įrangą) gamyba",
        "evrk_subclass_code": "282300",
        "evrk_subclass_title": "Įstaigos mašinų ir įrangos (išskyrus kompiuterius ir išorinę įrangą) gamyba",
        "object_id": 621
      }
    },
    {
      "type": "Feature",
      "id": 622,
      "geometry": null,
      "properties": {
        "evrk_section_code": "C",
        "evrk_section_title": "Apdirbamoji gamyba",
        "evrk_chapter_code": "28",
        "evrk_chapter_title": "Niekur kitur nepriskirtų mašinų ir įrangos gamyba",
        "evrk_group_code": "282",
        "evrk_group_title": "Kitų bendrosios paskirties mašinų ir įrangos gamyba",
        "evrk_class_code": "2825",
        "evrk_class_title": "Nebuitinių aušinimo ir vėdinimo įrenginių gamyba",
        "evrk_subclass_code": "282500",
        "evrk_subclass_title": "Nebuitinių aušinimo ir vėdinimo įrenginių gamyba",
        "object_id": 622
      }
    },
    {
      "type": "Feature",
      "id": 623,
      "geometry": null,
      "properties": {
        "evrk_section_code": "C",
        "evrk_section_title": "Apdirbamoji gamyba",
        "evrk_chapter_code": "28",
        "evrk_chapter_title": "Niekur kitur nepriskirtų mašinų ir įrangos gamyba",
        "evrk_group_code": "284",
        "evrk_group_title": "Metalo formavimo įrangos ir staklių gamyba",
        "evrk_class_code": "2840",
        "evrk_class_title": "Metalo formavimo įrangos ir staklių gamyba",
        "evrk_subclass_code": "284000",
        "evrk_subclass_title": "Metalo formavimo įrangos ir staklių gamyba",
        "object_id": 623
      }
    },
    {
      "type": "Feature",
      "id": 624,
      "geometry": null,
      "properties": {
        "evrk_section_code": "C",
        "evrk_section_title": "Apdirbamoji gamyba",
        "evrk_chapter_code": "28",
        "evrk_chapter_title": "Niekur kitur nepriskirtų mašinų ir įrangos gamyba",
        "evrk_group_code": "284",
        "evrk_group_title": "Metalo formavimo įrangos ir staklių gamyba",
        "evrk_class_code": "2841",
        "evrk_class_title": "Metalo formavimo įrangos gamyba",
        "evrk_subclass_code": "284100",
        "evrk_subclass_title": "Metalo formavimo įrangos gamyba",
        "object_id": 624
      }
    },
    {
      "type": "Feature",
      "id": 625,
      "geometry": null,
      "properties": {
        "evrk_section_code": "C",
        "evrk_section_title": "Apdirbamoji gamyba",
        "evrk_chapter_code": "28",
        "evrk_chapter_title": "Niekur kitur nepriskirtų mašinų ir įrangos gamyba",
        "evrk_group_code": "284",
        "evrk_group_title": "Metalo formavimo įrangos ir staklių gamyba",
        "evrk_class_code": "2849",
        "evrk_class_title": "Kitų staklių gamyba",
        "evrk_subclass_code": "284900",
        "evrk_subclass_title": "Kitų staklių gamyba",
        "object_id": 625
      }
    },
    {
      "type": "Feature",
      "id": 626,
      "geometry": null,
      "properties": {
        "evrk_section_code": "C",
        "evrk_section_title": "Apdirbamoji gamyba",
        "evrk_chapter_code": "28",
        "evrk_chapter_title": "Niekur kitur nepriskirtų mašinų ir įrangos gamyba",
        "evrk_group_code": "289",
        "evrk_group_title": "Kitų specialiosios paskirties mašinų gamyba",
        "evrk_class_code": "2892",
        "evrk_class_title": "Kasybos, karjerų eksploatavimo ir statybos mašinų gamyba",
        "evrk_subclass_code": "289200",
        "evrk_subclass_title": "Kasybos, karjerų eksploatavimo ir statybos mašinų gamyba",
        "object_id": 626
      }
    },
    {
      "type": "Feature",
      "id": 627,
      "geometry": null,
      "properties": {
        "evrk_section_code": "C",
        "evrk_section_title": "Apdirbamoji gamyba",
        "evrk_chapter_code": "28",
        "evrk_chapter_title": "Niekur kitur nepriskirtų mašinų ir įrangos gamyba",
        "evrk_group_code": "289",
        "evrk_group_title": "Kitų specialiosios paskirties mašinų gamyba",
        "evrk_class_code": "2894",
        "evrk_class_title": "Tekstilės, drabužių ir odos gaminių gamybos mašinų gamyba",
        "evrk_subclass_code": "289400",
        "evrk_subclass_title": "Tekstilės, drabužių ir odos gaminių gamybos mašinų gamyba",
        "object_id": 627
      }
    },
    {
      "type": "Feature",
      "id": 628,
      "geometry": null,
      "properties": {
        "evrk_section_code": "C",
        "evrk_section_title": "Apdirbamoji gamyba",
        "evrk_chapter_code": "28",
        "evrk_chapter_title": "Niekur kitur nepriskirtų mašinų ir įrangos gamyba",
        "evrk_group_code": "289",
        "evrk_group_title": "Kitų specialiosios paskirties mašinų gamyba",
        "evrk_class_code": "2899",
        "evrk_class_title": "Kitų, niekur kitur nepriskirtų, specialiosios paskirties mašinų gamyba",
        "evrk_subclass_code": "289900",
        "evrk_subclass_title": "Kitų, niekur kitur nepriskirtų, specialiosios paskirties mašinų gamyba",
        "object_id": 628
      }
    },
    {
      "type": "Feature",
      "id": 629,
      "geometry": null,
      "properties": {
        "evrk_section_code": "C",
        "evrk_section_title": "Apdirbamoji gamyba",
        "evrk_chapter_code": "30",
        "evrk_chapter_title": "Kitų transporto priemonių ir įrangos gamyba",
        "evrk_group_code": "301",
        "evrk_group_title": "Įvairių tipų laivų statyba",
        "evrk_class_code": "3010",
        "evrk_class_title": "Įvairių tipų laivų statyba",
        "evrk_subclass_code": "301000",
        "evrk_subclass_title": "Įvairių tipų laivų statyba",
        "object_id": 629
      }
    },
    {
      "type": "Feature",
      "id": 630,
      "geometry": null,
      "properties": {
        "evrk_section_code": "C",
        "evrk_section_title": "Apdirbamoji gamyba",
        "evrk_chapter_code": "30",
        "evrk_chapter_title": "Kitų transporto priemonių ir įrangos gamyba",
        "evrk_group_code": "303",
        "evrk_group_title": "Orlaivių ir erdvėlaivių bei susijusios įrangos gamyba",
        "evrk_class_code": "3030",
        "evrk_class_title": "Orlaivių ir erdvėlaivių bei susijusios įrangos gamyba",
        "evrk_subclass_code": "303000",
        "evrk_subclass_title": "Orlaivių ir erdvėlaivių bei susijusios įrangos gamyba",
        "object_id": 630
      }
    },
    {
      "type": "Feature",
      "id": 631,
      "geometry": null,
      "properties": {
        "evrk_section_code": "C",
        "evrk_section_title": "Apdirbamoji gamyba",
        "evrk_chapter_code": "30",
        "evrk_chapter_title": "Kitų transporto priemonių ir įrangos gamyba",
        "evrk_group_code": "309",
        "evrk_group_title": "Niekur kitur nepriskirtų transporto priemonių gamyba",
        "evrk_class_code": "3099",
        "evrk_class_title": "Kitos, niekur kitur nepriskirtos, transporto įrangos gamyba",
        "evrk_subclass_code": "309900",
        "evrk_subclass_title": "Kitos, niekur kitur nepriskirtos, transporto įrangos gamyba",
        "object_id": 631
      }
    },
    {
      "type": "Feature",
      "id": 632,
      "geometry": null,
      "properties": {
        "evrk_section_code": "C",
        "evrk_section_title": "Apdirbamoji gamyba",
        "evrk_chapter_code": "32",
        "evrk_chapter_title": "Kita gamyba",
        "evrk_group_code": "321",
        "evrk_group_title": "Papuošalų, juvelyrinių, bižuterijos ir panašių dirbinių gamyba",
        "evrk_class_code": "3211",
        "evrk_class_title": "Monetų kalimas",
        "evrk_subclass_code": "321100",
        "evrk_subclass_title": "Monetų kalimas",
        "object_id": 632
      }
    },
    {
      "type": "Feature",
      "id": 633,
      "geometry": null,
      "properties": {
        "evrk_section_code": "C",
        "evrk_section_title": "Apdirbamoji gamyba",
        "evrk_chapter_code": "32",
        "evrk_chapter_title": "Kita gamyba",
        "evrk_group_code": "321",
        "evrk_group_title": "Papuošalų, juvelyrinių, bižuterijos ir panašių dirbinių gamyba",
        "evrk_class_code": "3212",
        "evrk_class_title": "Papuošalų, juvelyrinių ir panašių dirbinių gamyba",
        "evrk_subclass_code": "321200",
        "evrk_subclass_title": "Papuošalų, juvelyrinių ir panašių dirbinių gamyba",
        "object_id": 633
      }
    },
    {
      "type": "Feature",
      "id": 634,
      "geometry": null,
      "properties": {
        "evrk_section_code": "C",
        "evrk_section_title": "Apdirbamoji gamyba",
        "evrk_chapter_code": "32",
        "evrk_chapter_title": "Kita gamyba",
        "evrk_group_code": "321",
        "evrk_group_title": "Papuošalų, juvelyrinių, bižuterijos ir panašių dirbinių gamyba",
        "evrk_class_code": "3213",
        "evrk_class_title": "Dirbtinės bižuterijos ir panašių dirbinių gamyba",
        "evrk_subclass_code": "321300",
        "evrk_subclass_title": "Dirbtinės bižuterijos ir panašių dirbinių gamyba",
        "object_id": 634
      }
    },
    {
      "type": "Feature",
      "id": 635,
      "geometry": null,
      "properties": {
        "evrk_section_code": "C",
        "evrk_section_title": "Apdirbamoji gamyba",
        "evrk_chapter_code": "32",
        "evrk_chapter_title": "Kita gamyba",
        "evrk_group_code": "322",
        "evrk_group_title": "Muzikos instrumentų gamyba",
        "evrk_class_code": "3220",
        "evrk_class_title": "Muzikos instrumentų gamyba",
        "evrk_subclass_code": "322000",
        "evrk_subclass_title": "Muzikos instrumentų gamyba",
        "object_id": 635
      }
    },
    {
      "type": "Feature",
      "id": 636,
      "geometry": null,
      "properties": {
        "evrk_section_code": "C",
        "evrk_section_title": "Apdirbamoji gamyba",
        "evrk_chapter_code": "32",
        "evrk_chapter_title": "Kita gamyba",
        "evrk_group_code": "324",
        "evrk_group_title": "Žaidimų ir žaislų gamyba",
        "evrk_class_code": "3240",
        "evrk_class_title": "Žaidimų ir žaislų gamyba",
        "evrk_subclass_code": "324000",
        "evrk_subclass_title": "Žaidimų ir žaislų gamyba",
        "object_id": 636
      }
    },
    {
      "type": "Feature",
      "id": 637,
      "geometry": null,
      "properties": {
        "evrk_section_code": "C",
        "evrk_section_title": "Apdirbamoji gamyba",
        "evrk_chapter_code": "32",
        "evrk_chapter_title": "Kita gamyba",
        "evrk_group_code": "324",
        "evrk_group_title": "Žaidimų ir žaislų gamyba",
        "evrk_class_code": "3240",
        "evrk_class_title": "Žaidimų ir žaislų gamyba",
        "evrk_subclass_code": "324010",
        "evrk_subclass_title": "Konstravimo rinkinių gamyba",
        "object_id": 637
      }
    },
    {
      "type": "Feature",
      "id": 638,
      "geometry": null,
      "properties": {
        "evrk_section_code": "C",
        "evrk_section_title": "Apdirbamoji gamyba",
        "evrk_chapter_code": "32",
        "evrk_chapter_title": "Kita gamyba",
        "evrk_group_code": "324",
        "evrk_group_title": "Žaidimų ir žaislų gamyba",
        "evrk_class_code": "3240",
        "evrk_class_title": "Žaidimų ir žaislų gamyba",
        "evrk_subclass_code": "324030",
        "evrk_subclass_title": "Medinių žaislų gamyba",
        "object_id": 638
      }
    },
    {
      "type": "Feature",
      "id": 639,
      "geometry": null,
      "properties": {
        "evrk_section_code": "C",
        "evrk_section_title": "Apdirbamoji gamyba",
        "evrk_chapter_code": "32",
        "evrk_chapter_title": "Kita gamyba",
        "evrk_group_code": "324",
        "evrk_group_title": "Žaidimų ir žaislų gamyba",
        "evrk_class_code": "3240",
        "evrk_class_title": "Žaidimų ir žaislų gamyba",
        "evrk_subclass_code": "324040",
        "evrk_subclass_title": "Kimštinių žaislų gamyba",
        "object_id": 639
      }
    },
    {
      "type": "Feature",
      "id": 640,
      "geometry": null,
      "properties": {
        "evrk_section_code": "C",
        "evrk_section_title": "Apdirbamoji gamyba",
        "evrk_chapter_code": "32",
        "evrk_chapter_title": "Kita gamyba",
        "evrk_group_code": "324",
        "evrk_group_title": "Žaidimų ir žaislų gamyba",
        "evrk_class_code": "3240",
        "evrk_class_title": "Žaidimų ir žaislų gamyba",
        "evrk_subclass_code": "324050",
        "evrk_subclass_title": "Stalo arba kambario žaidimų gamyba",
        "object_id": 640
      }
    },
    {
      "type": "Feature",
      "id": 641,
      "geometry": null,
      "properties": {
        "evrk_section_code": "C",
        "evrk_section_title": "Apdirbamoji gamyba",
        "evrk_chapter_code": "32",
        "evrk_chapter_title": "Kita gamyba",
        "evrk_group_code": "325",
        "evrk_group_title": "Medicinos ir odontologijos prietaisų, instrumentų ir reikmenų gamyba",
        "evrk_class_code": "3250",
        "evrk_class_title": "Medicinos ir odontologijos prietaisų, instrumentų ir reikmenų gamyba",
        "evrk_subclass_code": "325020",
        "evrk_subclass_title": "Ortopedinių ir kitokių įtaisų gamyba",
        "object_id": 641
      }
    },
    {
      "type": "Feature",
      "id": 642,
      "geometry": null,
      "properties": {
        "evrk_section_code": "C",
        "evrk_section_title": "Apdirbamoji gamyba",
        "evrk_chapter_code": "33",
        "evrk_chapter_title": "Mašinų ir įrangos remontas ir įrengimas",
        "evrk_group_code": "331",
        "evrk_group_title": "Metalo gaminių, mašinų ir įrangos remontas",
        "evrk_class_code": "3310",
        "evrk_class_title": "Metalo gaminių, mašinų ir įrangos remontas",
        "evrk_subclass_code": "331000",
        "evrk_subclass_title": "Metalo gaminių, mašinų ir įrangos remontas",
        "object_id": 642
      }
    },
    {
      "type": "Feature",
      "id": 643,
      "geometry": null,
      "properties": {
        "evrk_section_code": "C",
        "evrk_section_title": "Apdirbamoji gamyba",
        "evrk_chapter_code": "33",
        "evrk_chapter_title": "Mašinų ir įrangos remontas ir įrengimas",
        "evrk_group_code": "331",
        "evrk_group_title": "Metalo gaminių, mašinų ir įrangos remontas",
        "evrk_class_code": "3314",
        "evrk_class_title": "Elektros įrangos remontas",
        "evrk_subclass_code": "331400",
        "evrk_subclass_title": "Elektros įrangos remontas",
        "object_id": 643
      }
    },
    {
      "type": "Feature",
      "id": 644,
      "geometry": null,
      "properties": {
        "evrk_section_code": "D",
        "evrk_section_title": "Elektros, dujų, garo tiekimas ir oro kondicionavimas",
        "evrk_chapter_code": "35",
        "evrk_chapter_title": "Elektros, dujų, garo tiekimas ir oro kondicionavimas",
        "evrk_group_code": "351",
        "evrk_group_title": "Elektros energijos gamyba, perdavimas ir paskirstymas",
        "evrk_class_code": "3511",
        "evrk_class_title": "Elektros gamyba",
        "evrk_subclass_code": "351100",
        "evrk_subclass_title": "Elektros gamyba",
        "object_id": 644
      }
    },
    {
      "type": "Feature",
      "id": 645,
      "geometry": null,
      "properties": {
        "evrk_section_code": "D",
        "evrk_section_title": "Elektros, dujų, garo tiekimas ir oro kondicionavimas",
        "evrk_chapter_code": "35",
        "evrk_chapter_title": "Elektros, dujų, garo tiekimas ir oro kondicionavimas",
        "evrk_group_code": "351",
        "evrk_group_title": "Elektros energijos gamyba, perdavimas ir paskirstymas",
        "evrk_class_code": "3512",
        "evrk_class_title": "Elektros perdavimas",
        "evrk_subclass_code": "351200",
        "evrk_subclass_title": "Elektros perdavimas",
        "object_id": 645
      }
    },
    {
      "type": "Feature",
      "id": 646,
      "geometry": null,
      "properties": {
        "evrk_section_code": "D",
        "evrk_section_title": "Elektros, dujų, garo tiekimas ir oro kondicionavimas",
        "evrk_chapter_code": "35",
        "evrk_chapter_title": "Elektros, dujų, garo tiekimas ir oro kondicionavimas",
        "evrk_group_code": "352",
        "evrk_group_title": "Dujų gamyba; dujinio kuro paskirstymas dujotiekiais",
        "evrk_class_code": "3520",
        "evrk_class_title": "Dujų gamyba; dujinio kuro paskirstymas dujotiekiais",
        "evrk_subclass_code": "352000",
        "evrk_subclass_title": "Dujų gamyba; dujinio kuro paskirstymas dujotiekiais",
        "object_id": 646
      }
    },
    {
      "type": "Feature",
      "id": 647,
      "geometry": null,
      "properties": {
        "evrk_section_code": "D",
        "evrk_section_title": "Elektros, dujų, garo tiekimas ir oro kondicionavimas",
        "evrk_chapter_code": "35",
        "evrk_chapter_title": "Elektros, dujų, garo tiekimas ir oro kondicionavimas",
        "evrk_group_code": "352",
        "evrk_group_title": "Dujų gamyba; dujinio kuro paskirstymas dujotiekiais",
        "evrk_class_code": "3522",
        "evrk_class_title": "Dujinio kuro paskirstymas dujotiekiais",
        "evrk_subclass_code": "352200",
        "evrk_subclass_title": "Dujinio kuro paskirstymas dujotiekiais",
        "object_id": 647
      }
    },
    {
      "type": "Feature",
      "id": 648,
      "geometry": null,
      "properties": {
        "evrk_section_code": "E",
        "evrk_section_title": "Vandens tiekimas nuotekų valymas, atliekų tvarkymas ir regeneravimas",
        "evrk_chapter_code": "36",
        "evrk_chapter_title": "Vandens surinkimas, valymas ir tiekimas",
        "evrk_group_code": "360",
        "evrk_group_title": "Vandens surinkimas, valymas ir tiekimas",
        "evrk_class_code": "3600",
        "evrk_class_title": "Vandens surinkimas, valymas ir tiekimas",
        "evrk_subclass_code": "360020",
        "evrk_subclass_title": "Vandens tiekimas pramonės įmonėms",
        "object_id": 648
      }
    },
    {
      "type": "Feature",
      "id": 649,
      "geometry": null,
      "properties": {
        "evrk_section_code": "E",
        "evrk_section_title": "Vandens tiekimas nuotekų valymas, atliekų tvarkymas ir regeneravimas",
        "evrk_chapter_code": "38",
        "evrk_chapter_title": "Atliekų surinkimas, tvarkymas ir šalinimas; medžiagų atgavimas",
        "evrk_group_code": "380",
        "evrk_group_title": "Atliekų surinkimas, tvarkymas ir šalinimas; medžiagų atgavimas",
        "evrk_class_code": "3800",
        "evrk_class_title": "Atliekų surinkimas, tvarkymas ir šalinimas; medžiagų atgavimas",
        "evrk_subclass_code": "380000",
        "evrk_subclass_title": "Atliekų surinkimas, tvarkymas ir šalinimas; medžiagų atgavimas",
        "object_id": 649
      }
    },
    {
      "type": "Feature",
      "id": 650,
      "geometry": null,
      "properties": {
        "evrk_section_code": "E",
        "evrk_section_title": "Vandens tiekimas nuotekų valymas, atliekų tvarkymas ir regeneravimas",
        "evrk_chapter_code": "38",
        "evrk_chapter_title": "Atliekų surinkimas, tvarkymas ir šalinimas; medžiagų atgavimas",
        "evrk_group_code": "381",
        "evrk_group_title": "Atliekų surinkimas",
        "evrk_class_code": "3811",
        "evrk_class_title": "Nepavojingų atliekų surinkimas",
        "evrk_subclass_code": "381100",
        "evrk_subclass_title": "Nepavojingų atliekų surinkimas",
        "object_id": 650
      }
    },
    {
      "type": "Feature",
      "id": 651,
      "geometry": null,
      "properties": {
        "evrk_section_code": "E",
        "evrk_section_title": "Vandens tiekimas nuotekų valymas, atliekų tvarkymas ir regeneravimas",
        "evrk_chapter_code": "38",
        "evrk_chapter_title": "Atliekų surinkimas, tvarkymas ir šalinimas; medžiagų atgavimas",
        "evrk_group_code": "382",
        "evrk_group_title": "Atliekų tvarkymas ir šalinimas",
        "evrk_class_code": "3821",
        "evrk_class_title": "Nepavojingų atliekų tvarkymas ir šalinimas",
        "evrk_subclass_code": "382100",
        "evrk_subclass_title": "Nepavojingų atliekų tvarkymas ir šalinimas",
        "object_id": 651
      }
    },
    {
      "type": "Feature",
      "id": 652,
      "geometry": null,
      "properties": {
        "evrk_section_code": "E",
        "evrk_section_title": "Vandens tiekimas nuotekų valymas, atliekų tvarkymas ir regeneravimas",
        "evrk_chapter_code": "38",
        "evrk_chapter_title": "Atliekų surinkimas, tvarkymas ir šalinimas; medžiagų atgavimas",
        "evrk_group_code": "383",
        "evrk_group_title": "Medžiagų atgavimas",
        "evrk_class_code": "3830",
        "evrk_class_title": "Medžiagų atgavimas",
        "evrk_subclass_code": "383000",
        "evrk_subclass_title": "Medžiagų atgavimas",
        "object_id": 652
      }
    },
    {
      "type": "Feature",
      "id": 653,
      "geometry": null,
      "properties": {
        "evrk_section_code": "F",
        "evrk_section_title": "Statyba",
        "evrk_chapter_code": "41",
        "evrk_chapter_title": "Pastatų statyba",
        "evrk_group_code": "412",
        "evrk_group_title": "Gyvenamųjų ir negyvenamųjų pastatų statyba",
        "evrk_class_code": "4120",
        "evrk_class_title": "Gyvenamųjų ir negyvenamųjų pastatų statyba",
        "evrk_subclass_code": "412000",
        "evrk_subclass_title": "Gyvenamųjų ir negyvenamųjų pastatų statyba",
        "object_id": 653
      }
    },
    {
      "type": "Feature",
      "id": 654,
      "geometry": null,
      "properties": {
        "evrk_section_code": "F",
        "evrk_section_title": "Statyba",
        "evrk_chapter_code": "41",
        "evrk_chapter_title": "Pastatų statyba",
        "evrk_group_code": "412",
        "evrk_group_title": "Gyvenamųjų ir negyvenamųjų pastatų statyba",
        "evrk_class_code": "4120",
        "evrk_class_title": "Gyvenamųjų ir negyvenamųjų pastatų statyba",
        "evrk_subclass_code": "412010",
        "evrk_subclass_title": "Naujų pastatų statyba",
        "object_id": 654
      }
    },
    {
      "type": "Feature",
      "id": 655,
      "geometry": null,
      "properties": {
        "evrk_section_code": "F",
        "evrk_section_title": "Statyba",
        "evrk_chapter_code": "41",
        "evrk_chapter_title": "Pastatų statyba",
        "evrk_group_code": "412",
        "evrk_group_title": "Gyvenamųjų ir negyvenamųjų pastatų statyba",
        "evrk_class_code": "4120",
        "evrk_class_title": "Gyvenamųjų ir negyvenamųjų pastatų statyba",
        "evrk_subclass_code": "412020",
        "evrk_subclass_title": "Pastatų remontas, restauravimas ir rekonstravimas",
        "object_id": 655
      }
    },
    {
      "type": "Feature",
      "id": 656,
      "geometry": null,
      "properties": {
        "evrk_section_code": "F",
        "evrk_section_title": "Statyba",
        "evrk_chapter_code": "42",
        "evrk_chapter_title": "Inžinerinių statinių statyba",
        "evrk_group_code": "420",
        "evrk_group_title": "Inžinerinių statinių statyba",
        "evrk_class_code": "4200",
        "evrk_class_title": "Inžinerinių statinių statyba",
        "evrk_subclass_code": "420000",
        "evrk_subclass_title": "Inžinerinių statinių statyba",
        "object_id": 656
      }
    },
    {
      "type": "Feature",
      "id": 657,
      "geometry": null,
      "properties": {
        "evrk_section_code": "F",
        "evrk_section_title": "Statyba",
        "evrk_chapter_code": "42",
        "evrk_chapter_title": "Inžinerinių statinių statyba",
        "evrk_group_code": "421",
        "evrk_group_title": "Kelių ir geležinkelių tiesimas",
        "evrk_class_code": "4210",
        "evrk_class_title": "Kelių ir geležinkelių tiesimas",
        "evrk_subclass_code": "421000",
        "evrk_subclass_title": "Kelių ir geležinkelių tiesimas",
        "object_id": 657
      }
    },
    {
      "type": "Feature",
      "id": 658,
      "geometry": null,
      "properties": {
        "evrk_section_code": "F",
        "evrk_section_title": "Statyba",
        "evrk_chapter_code": "42",
        "evrk_chapter_title": "Inžinerinių statinių statyba",
        "evrk_group_code": "421",
        "evrk_group_title": "Kelių ir geležinkelių tiesimas",
        "evrk_class_code": "4212",
        "evrk_class_title": "Geležinkelių ir požeminių geležinkelių tiesimas",
        "evrk_subclass_code": "421200",
        "evrk_subclass_title": "Geležinkelių ir požeminių geležinkelių tiesimas",
        "object_id": 658
      }
    },
    {
      "type": "Feature",
      "id": 659,
      "geometry": null,
      "properties": {
        "evrk_section_code": "F",
        "evrk_section_title": "Statyba",
        "evrk_chapter_code": "42",
        "evrk_chapter_title": "Inžinerinių statinių statyba",
        "evrk_group_code": "422",
        "evrk_group_title": "Komunalinių statinių statyba",
        "evrk_class_code": "4222",
        "evrk_class_title": "Komunalinių elektros ir telekomunikacijos statinių statyba",
        "evrk_subclass_code": "422200",
        "evrk_subclass_title": "Komunalinių elektros ir telekomunikacijos statinių statyba",
        "object_id": 659
      }
    },
    {
      "type": "Feature",
      "id": 660,
      "geometry": null,
      "properties": {
        "evrk_section_code": "F",
        "evrk_section_title": "Statyba",
        "evrk_chapter_code": "43",
        "evrk_chapter_title": "Specializuota statybos veikla",
        "evrk_group_code": "431",
        "evrk_group_title": "Statinių nugriovimas ir statybvietės paruošimas",
        "evrk_class_code": "4310",
        "evrk_class_title": "Statinių nugriovimas ir statybvietės paruošimas",
        "evrk_subclass_code": "431000",
        "evrk_subclass_title": "Statinių nugriovimas ir statybvietės paruošimas",
        "object_id": 660
      }
    },
    {
      "type": "Feature",
      "id": 661,
      "geometry": null,
      "properties": {
        "evrk_section_code": "F",
        "evrk_section_title": "Statyba",
        "evrk_chapter_code": "43",
        "evrk_chapter_title": "Specializuota statybos veikla",
        "evrk_group_code": "431",
        "evrk_group_title": "Statinių nugriovimas ir statybvietės paruošimas",
        "evrk_class_code": "4312",
        "evrk_class_title": "Statybvietės paruošimas",
        "evrk_subclass_code": "431210",
        "evrk_subclass_title": "Paruošiamieji žemės kasimo darbai tiesiant kelius",
        "object_id": 661
      }
    },
    {
      "type": "Feature",
      "id": 662,
      "geometry": null,
      "properties": {
        "evrk_section_code": "F",
        "evrk_section_title": "Statyba",
        "evrk_chapter_code": "43",
        "evrk_chapter_title": "Specializuota statybos veikla",
        "evrk_group_code": "432",
        "evrk_group_title": "Elektros, vandentiekio ir kitos įrangos įrengimas",
        "evrk_class_code": "4321",
        "evrk_class_title": "Elektros sistemų įrengimas",
        "evrk_subclass_code": "432120",
        "evrk_subclass_title": "Gaisro pavojaus ir apsaugos signalizacijos įrengimas",
        "object_id": 662
      }
    },
    {
      "type": "Feature",
      "id": 663,
      "geometry": null,
      "properties": {
        "evrk_section_code": "G",
        "evrk_section_title": "Didmeninė ir mažmeninė prekyba; variklinių transporto priemonių ir motociklų remontas",
        "evrk_chapter_code": "45",
        "evrk_chapter_title": "Variklinių transporto priemonių ir motociklų didmeninė ir mažmeninė prekyba bei remontas",
        "evrk_group_code": "450",
        "evrk_group_title": "Variklinių transporto priemonių ir motociklų didmeninė ir mažmeninė prekyba bei remontas",
        "evrk_class_code": "4500",
        "evrk_class_title": "Variklinių transporto priemonių ir motociklų didmeninė ir mažmeninė prekyba bei remontas",
        "evrk_subclass_code": "450000",
        "evrk_subclass_title": "Variklinių transporto priemonių ir motociklų didmeninė ir mažmeninė prekyba bei remontas",
        "object_id": 663
      }
    },
    {
      "type": "Feature",
      "id": 664,
      "geometry": null,
      "properties": {
        "evrk_section_code": "G",
        "evrk_section_title": "Didmeninė ir mažmeninė prekyba; variklinių transporto priemonių ir motociklų remontas",
        "evrk_chapter_code": "45",
        "evrk_chapter_title": "Variklinių transporto priemonių ir motociklų didmeninė ir mažmeninė prekyba bei remontas",
        "evrk_group_code": "451",
        "evrk_group_title": "Variklinių transporto priemonių pardavimas",
        "evrk_class_code": "4519",
        "evrk_class_title": "Kitų variklinių transporto priemonių pardavimas",
        "evrk_subclass_code": "451900",
        "evrk_subclass_title": "Kitų variklinių transporto priemonių pardavimas",
        "object_id": 664
      }
    },
    {
      "type": "Feature",
      "id": 665,
      "geometry": null,
      "properties": {
        "evrk_section_code": "G",
        "evrk_section_title": "Didmeninė ir mažmeninė prekyba; variklinių transporto priemonių ir motociklų remontas",
        "evrk_chapter_code": "45",
        "evrk_chapter_title": "Variklinių transporto priemonių ir motociklų didmeninė ir mažmeninė prekyba bei remontas",
        "evrk_group_code": "454",
        "evrk_group_title": "Motociklų ir jų atsarginių dalių bei pagalbinių reikmenų pardavimas, techninė priežiūra ir remontas",
        "evrk_class_code": "4540",
        "evrk_class_title": "Motociklų ir jų atsarginių dalių bei pagalbinių reikmenų pardavimas, techninė priežiūra ir remontas",
        "evrk_subclass_code": "454000",
        "evrk_subclass_title": "Motociklų ir jų atsarginių dalių bei pagalbinių reikmenų pardavimas, techninė priežiūra ir remontas",
        "object_id": 665
      }
    },
    {
      "type": "Feature",
      "id": 666,
      "geometry": null,
      "properties": {
        "evrk_section_code": "G",
        "evrk_section_title": "Didmeninė ir mažmeninė prekyba; variklinių transporto priemonių ir motociklų remontas",
        "evrk_chapter_code": "46",
        "evrk_chapter_title": "Didmeninė prekyba, išskyrus prekybą variklinėmis transporto priemonėmis ir motociklais",
        "evrk_group_code": "460",
        "evrk_group_title": "Didmeninė prekyba, išskyrus prekybą variklinėmis transporto priemonėmis ir motociklais",
        "evrk_class_code": "4600",
        "evrk_class_title": "Didmeninė prekyba, išskyrus prekybą variklinėmis transporto priemonėmis ir motociklais",
        "evrk_subclass_code": "460000",
        "evrk_subclass_title": "Didmeninė prekyba, išskyrus prekybą variklinėmis transporto priemonėmis ir motociklais",
        "object_id": 666
      }
    },
    {
      "type": "Feature",
      "id": 667,
      "geometry": null,
      "properties": {
        "evrk_section_code": "G",
        "evrk_section_title": "Didmeninė ir mažmeninė prekyba; variklinių transporto priemonių ir motociklų remontas",
        "evrk_chapter_code": "46",
        "evrk_chapter_title": "Didmeninė prekyba, išskyrus prekybą variklinėmis transporto priemonėmis ir motociklais",
        "evrk_group_code": "461",
        "evrk_group_title": "Didmeninė prekyba už atlygį ar pagal sutartį",
        "evrk_class_code": "4614",
        "evrk_class_title": "Mašinų, pramonės įrangos, laivų ir lėktuvų pardavimo agentų veikla",
        "evrk_subclass_code": "461400",
        "evrk_subclass_title": "Mašinų, pramonės įrangos, laivų ir lėktuvų pardavimo agentų veikla",
        "object_id": 667
      }
    },
    {
      "type": "Feature",
      "id": 668,
      "geometry": null,
      "properties": {
        "evrk_section_code": "G",
        "evrk_section_title": "Didmeninė ir mažmeninė prekyba; variklinių transporto priemonių ir motociklų remontas",
        "evrk_chapter_code": "46",
        "evrk_chapter_title": "Didmeninė prekyba, išskyrus prekybą variklinėmis transporto priemonėmis ir motociklais",
        "evrk_group_code": "461",
        "evrk_group_title": "Didmeninė prekyba už atlygį ar pagal sutartį",
        "evrk_class_code": "4616",
        "evrk_class_title": "Tekstilės, drabužių, kailių, avalynės ir odos dirbinių pardavimo agentų veikla",
        "evrk_subclass_code": "461600",
        "evrk_subclass_title": "Tekstilės, drabužių, kailių, avalynės ir odos dirbinių pardavimo agentų veikla",
        "object_id": 668
      }
    },
    {
      "type": "Feature",
      "id": 669,
      "geometry": null,
      "properties": {
        "evrk_section_code": "G",
        "evrk_section_title": "Didmeninė ir mažmeninė prekyba; variklinių transporto priemonių ir motociklų remontas",
        "evrk_chapter_code": "46",
        "evrk_chapter_title": "Didmeninė prekyba, išskyrus prekybą variklinėmis transporto priemonėmis ir motociklais",
        "evrk_group_code": "462",
        "evrk_group_title": "Žemės ūkio žaliavų ir gyvų gyvulių didmeninė prekyba",
        "evrk_class_code": "4622",
        "evrk_class_title": "Gėlių ir sodinukų didmeninė prekyba",
        "evrk_subclass_code": "462200",
        "evrk_subclass_title": "Gėlių ir sodinukų didmeninė prekyba",
        "object_id": 669
      }
    },
    {
      "type": "Feature",
      "id": 670,
      "geometry": null,
      "properties": {
        "evrk_section_code": "G",
        "evrk_section_title": "Didmeninė ir mažmeninė prekyba; variklinių transporto priemonių ir motociklų remontas",
        "evrk_chapter_code": "46",
        "evrk_chapter_title": "Didmeninė prekyba, išskyrus prekybą variklinėmis transporto priemonėmis ir motociklais",
        "evrk_group_code": "462",
        "evrk_group_title": "Žemės ūkio žaliavų ir gyvų gyvulių didmeninė prekyba",
        "evrk_class_code": "4624",
        "evrk_class_title": "Kailių ir odų didmeninė prekyba",
        "evrk_subclass_code": "462400",
        "evrk_subclass_title": "Kailių ir odų didmeninė prekyba",
        "object_id": 670
      }
    },
    {
      "type": "Feature",
      "id": 671,
      "geometry": null,
      "properties": {
        "evrk_section_code": "G",
        "evrk_section_title": "Didmeninė ir mažmeninė prekyba; variklinių transporto priemonių ir motociklų remontas",
        "evrk_chapter_code": "46",
        "evrk_chapter_title": "Didmeninė prekyba, išskyrus prekybą variklinėmis transporto priemonėmis ir motociklais",
        "evrk_group_code": "463",
        "evrk_group_title": "Maisto produktų, gėrimų, tabako ir jo gaminių didmeninė prekyba",
        "evrk_class_code": "4632",
        "evrk_class_title": "Mėsos ir mėsos produktų didmeninė prekyba",
        "evrk_subclass_code": "463200",
        "evrk_subclass_title": "Mėsos ir mėsos produktų didmeninė prekyba",
        "object_id": 671
      }
    },
    {
      "type": "Feature",
      "id": 672,
      "geometry": null,
      "properties": {
        "evrk_section_code": "G",
        "evrk_section_title": "Didmeninė ir mažmeninė prekyba; variklinių transporto priemonių ir motociklų remontas",
        "evrk_chapter_code": "46",
        "evrk_chapter_title": "Didmeninė prekyba, išskyrus prekybą variklinėmis transporto priemonėmis ir motociklais",
        "evrk_group_code": "463",
        "evrk_group_title": "Maisto produktų, gėrimų, tabako ir jo gaminių didmeninė prekyba",
        "evrk_class_code": "4634",
        "evrk_class_title": "Gėrimų didmeninė prekyba",
        "evrk_subclass_code": "463400",
        "evrk_subclass_title": "Gėrimų didmeninė prekyba",
        "object_id": 672
      }
    },
    {
      "type": "Feature",
      "id": 673,
      "geometry": null,
      "properties": {
        "evrk_section_code": "G",
        "evrk_section_title": "Didmeninė ir mažmeninė prekyba; variklinių transporto priemonių ir motociklų remontas",
        "evrk_chapter_code": "46",
        "evrk_chapter_title": "Didmeninė prekyba, išskyrus prekybą variklinėmis transporto priemonėmis ir motociklais",
        "evrk_group_code": "463",
        "evrk_group_title": "Maisto produktų, gėrimų, tabako ir jo gaminių didmeninė prekyba",
        "evrk_class_code": "4637",
        "evrk_class_title": "Kavos, arbatos, kakavos ir prieskonių didmeninė prekyba",
        "evrk_subclass_code": "463700",
        "evrk_subclass_title": "Kavos, arbatos, kakavos ir prieskonių didmeninė prekyba",
        "object_id": 673
      }
    },
    {
      "type": "Feature",
      "id": 674,
      "geometry": null,
      "properties": {
        "evrk_section_code": "G",
        "evrk_section_title": "Didmeninė ir mažmeninė prekyba; variklinių transporto priemonių ir motociklų remontas",
        "evrk_chapter_code": "46",
        "evrk_chapter_title": "Didmeninė prekyba, išskyrus prekybą variklinėmis transporto priemonėmis ir motociklais",
        "evrk_group_code": "463",
        "evrk_group_title": "Maisto produktų, gėrimų, tabako ir jo gaminių didmeninė prekyba",
        "evrk_class_code": "4638",
        "evrk_class_title": "Kitų maisto produktų, įskaitant žuvis, vėžiagyvius ir moliuskus, didmeninė prekyba",
        "evrk_subclass_code": "463800",
        "evrk_subclass_title": "Kitų maisto produktų, įskaitant žuvis, vėžiagyvius ir moliuskus, didmeninė prekyba",
        "object_id": 674
      }
    },
    {
      "type": "Feature",
      "id": 675,
      "geometry": null,
      "properties": {
        "evrk_section_code": "G",
        "evrk_section_title": "Didmeninė ir mažmeninė prekyba; variklinių transporto priemonių ir motociklų remontas",
        "evrk_chapter_code": "46",
        "evrk_chapter_title": "Didmeninė prekyba, išskyrus prekybą variklinėmis transporto priemonėmis ir motociklais",
        "evrk_group_code": "464",
        "evrk_group_title": "Namų ūkio reikmenų didmeninė prekyba",
        "evrk_class_code": "4640",
        "evrk_class_title": "Namų ūkio reikmenų didmeninė prekyba",
        "evrk_subclass_code": "464000",
        "evrk_subclass_title": "Namų ūkio reikmenų didmeninė prekyba",
        "object_id": 675
      }
    },
    {
      "type": "Feature",
      "id": 676,
      "geometry": null,
      "properties": {
        "evrk_section_code": "G",
        "evrk_section_title": "Didmeninė ir mažmeninė prekyba; variklinių transporto priemonių ir motociklų remontas",
        "evrk_chapter_code": "46",
        "evrk_chapter_title": "Didmeninė prekyba, išskyrus prekybą variklinėmis transporto priemonėmis ir motociklais",
        "evrk_group_code": "464",
        "evrk_group_title": "Namų ūkio reikmenų didmeninė prekyba",
        "evrk_class_code": "4641",
        "evrk_class_title": "Tekstilės gaminių didmeninė prekyba",
        "evrk_subclass_code": "464100",
        "evrk_subclass_title": "Tekstilės gaminių didmeninė prekyba",
        "object_id": 676
      }
    },
    {
      "type": "Feature",
      "id": 677,
      "geometry": null,
      "properties": {
        "evrk_section_code": "G",
        "evrk_section_title": "Didmeninė ir mažmeninė prekyba; variklinių transporto priemonių ir motociklų remontas",
        "evrk_chapter_code": "46",
        "evrk_chapter_title": "Didmeninė prekyba, išskyrus prekybą variklinėmis transporto priemonėmis ir motociklais",
        "evrk_group_code": "464",
        "evrk_group_title": "Namų ūkio reikmenų didmeninė prekyba",
        "evrk_class_code": "4643",
        "evrk_class_title": "Elektrinių buitinių aparatų arba prietaisų didmeninė prekyba",
        "evrk_subclass_code": "464300",
        "evrk_subclass_title": "Elektrinių buitinių aparatų arba prietaisų didmeninė prekyba",
        "object_id": 677
      }
    },
    {
      "type": "Feature",
      "id": 678,
      "geometry": null,
      "properties": {
        "evrk_section_code": "G",
        "evrk_section_title": "Didmeninė ir mažmeninė prekyba; variklinių transporto priemonių ir motociklų remontas",
        "evrk_chapter_code": "46",
        "evrk_chapter_title": "Didmeninė prekyba, išskyrus prekybą variklinėmis transporto priemonėmis ir motociklais",
        "evrk_group_code": "464",
        "evrk_group_title": "Namų ūkio reikmenų didmeninė prekyba",
        "evrk_class_code": "4646",
        "evrk_class_title": "Farmacijos prekių didmeninė prekyba",
        "evrk_subclass_code": "464600",
        "evrk_subclass_title": "Farmacijos prekių didmeninė prekyba",
        "object_id": 678
      }
    },
    {
      "type": "Feature",
      "id": 679,
      "geometry": null,
      "properties": {
        "evrk_section_code": "G",
        "evrk_section_title": "Didmeninė ir mažmeninė prekyba; variklinių transporto priemonių ir motociklų remontas",
        "evrk_chapter_code": "46",
        "evrk_chapter_title": "Didmeninė prekyba, išskyrus prekybą variklinėmis transporto priemonėmis ir motociklais",
        "evrk_group_code": "464",
        "evrk_group_title": "Namų ūkio reikmenų didmeninė prekyba",
        "evrk_class_code": "4647",
        "evrk_class_title": "Baldų, kilimų ir apšvietimo įrangos didmeninė prekyba",
        "evrk_subclass_code": "464700",
        "evrk_subclass_title": "Baldų, kilimų ir apšvietimo įrangos didmeninė prekyba",
        "object_id": 679
      }
    },
    {
      "type": "Feature",
      "id": 680,
      "geometry": null,
      "properties": {
        "evrk_section_code": "G",
        "evrk_section_title": "Didmeninė ir mažmeninė prekyba; variklinių transporto priemonių ir motociklų remontas",
        "evrk_chapter_code": "46",
        "evrk_chapter_title": "Didmeninė prekyba, išskyrus prekybą variklinėmis transporto priemonėmis ir motociklais",
        "evrk_group_code": "466",
        "evrk_group_title": "Kitų mašinų, įrangos ir reikmenų didmeninė prekyba",
        "evrk_class_code": "4662",
        "evrk_class_title": "Staklių didmeninė prekyba",
        "evrk_subclass_code": "466200",
        "evrk_subclass_title": "Staklių didmeninė prekyba",
        "object_id": 680
      }
    },
    {
      "type": "Feature",
      "id": 681,
      "geometry": null,
      "properties": {
        "evrk_section_code": "G",
        "evrk_section_title": "Didmeninė ir mažmeninė prekyba; variklinių transporto priemonių ir motociklų remontas",
        "evrk_chapter_code": "46",
        "evrk_chapter_title": "Didmeninė prekyba, išskyrus prekybą variklinėmis transporto priemonėmis ir motociklais",
        "evrk_group_code": "466",
        "evrk_group_title": "Kitų mašinų, įrangos ir reikmenų didmeninė prekyba",
        "evrk_class_code": "4663",
        "evrk_class_title": "Kasybos, statybos ir statybos inžinerijos mašinų didmeninė prekyba",
        "evrk_subclass_code": "466300",
        "evrk_subclass_title": "Kasybos, statybos ir statybos inžinerijos mašinų didmeninė prekyba",
        "object_id": 681
      }
    },
    {
      "type": "Feature",
      "id": 682,
      "geometry": null,
      "properties": {
        "evrk_section_code": "C",
        "evrk_section_title": "Apdirbamoji gamyba",
        "evrk_chapter_code": "15",
        "evrk_chapter_title": "Odos ir odos dirbinių gamyba",
        "evrk_group_code": "152",
        "evrk_group_title": "Avalynės gamyba",
        "evrk_class_code": "1520",
        "evrk_class_title": "Avalynės gamyba",
        "evrk_subclass_code": "152000",
        "evrk_subclass_title": "Avalynės gamyba",
        "object_id": 682
      }
    },
    {
      "type": "Feature",
      "id": 683,
      "geometry": null,
      "properties": {
        "evrk_section_code": "G",
        "evrk_section_title": "Didmeninė ir mažmeninė prekyba; variklinių transporto priemonių ir motociklų remontas",
        "evrk_chapter_code": "46",
        "evrk_chapter_title": "Didmeninė prekyba, išskyrus prekybą variklinėmis transporto priemonėmis ir motociklais",
        "evrk_group_code": "466",
        "evrk_group_title": "Kitų mašinų, įrangos ir reikmenų didmeninė prekyba",
        "evrk_class_code": "4666",
        "evrk_class_title": "Kitų įstaigos mašinų ir įrangos didmeninė prekyba",
        "evrk_subclass_code": "466600",
        "evrk_subclass_title": "Kitų įstaigos mašinų ir įrangos didmeninė prekyba",
        "object_id": 683
      }
    },
    {
      "type": "Feature",
      "id": 684,
      "geometry": null,
      "properties": {
        "evrk_section_code": "G",
        "evrk_section_title": "Didmeninė ir mažmeninė prekyba; variklinių transporto priemonių ir motociklų remontas",
        "evrk_chapter_code": "46",
        "evrk_chapter_title": "Didmeninė prekyba, išskyrus prekybą variklinėmis transporto priemonėmis ir motociklais",
        "evrk_group_code": "466",
        "evrk_group_title": "Kitų mašinų, įrangos ir reikmenų didmeninė prekyba",
        "evrk_class_code": "4669",
        "evrk_class_title": "Kitų mašinų ir įrangos didmeninė prekyba",
        "evrk_subclass_code": "466900",
        "evrk_subclass_title": "Kitų mašinų ir įrangos didmeninė prekyba",
        "object_id": 684
      }
    },
    {
      "type": "Feature",
      "id": 685,
      "geometry": null,
      "properties": {
        "evrk_section_code": "G",
        "evrk_section_title": "Didmeninė ir mažmeninė prekyba; variklinių transporto priemonių ir motociklų remontas",
        "evrk_chapter_code": "46",
        "evrk_chapter_title": "Didmeninė prekyba, išskyrus prekybą variklinėmis transporto priemonėmis ir motociklais",
        "evrk_group_code": "467",
        "evrk_group_title": "Kita specializuota didmeninė prekyba",
        "evrk_class_code": "4672",
        "evrk_class_title": "Metalų rūdų ir metalų didmeninė prekyba",
        "evrk_subclass_code": "467200",
        "evrk_subclass_title": "Metalų rūdų ir metalų didmeninė prekyba",
        "object_id": 685
      }
    },
    {
      "type": "Feature",
      "id": 686,
      "geometry": null,
      "properties": {
        "evrk_section_code": "G",
        "evrk_section_title": "Didmeninė ir mažmeninė prekyba; variklinių transporto priemonių ir motociklų remontas",
        "evrk_chapter_code": "46",
        "evrk_chapter_title": "Didmeninė prekyba, išskyrus prekybą variklinėmis transporto priemonėmis ir motociklais",
        "evrk_group_code": "467",
        "evrk_group_title": "Kita specializuota didmeninė prekyba",
        "evrk_class_code": "4675",
        "evrk_class_title": "Chemijos produktų didmeninė prekyba",
        "evrk_subclass_code": "467500",
        "evrk_subclass_title": "Chemijos produktų didmeninė prekyba",
        "object_id": 686
      }
    },
    {
      "type": "Feature",
      "id": 687,
      "geometry": null,
      "properties": {
        "evrk_section_code": "G",
        "evrk_section_title": "Didmeninė ir mažmeninė prekyba; variklinių transporto priemonių ir motociklų remontas",
        "evrk_chapter_code": "46",
        "evrk_chapter_title": "Didmeninė prekyba, išskyrus prekybą variklinėmis transporto priemonėmis ir motociklais",
        "evrk_group_code": "467",
        "evrk_group_title": "Kita specializuota didmeninė prekyba",
        "evrk_class_code": "4676",
        "evrk_class_title": "Kitų tarpinių produktų didmeninė prekyba",
        "evrk_subclass_code": "467600",
        "evrk_subclass_title": "Kitų tarpinių produktų didmeninė prekyba",
        "object_id": 687
      }
    },
    {
      "type": "Feature",
      "id": 688,
      "geometry": null,
      "properties": {
        "evrk_section_code": "G",
        "evrk_section_title": "Didmeninė ir mažmeninė prekyba; variklinių transporto priemonių ir motociklų remontas",
        "evrk_chapter_code": "46",
        "evrk_chapter_title": "Didmeninė prekyba, išskyrus prekybą variklinėmis transporto priemonėmis ir motociklais",
        "evrk_group_code": "467",
        "evrk_group_title": "Kita specializuota didmeninė prekyba",
        "evrk_class_code": "4677",
        "evrk_class_title": "Atliekų ir laužo didmeninė prekyba",
        "evrk_subclass_code": "467700",
        "evrk_subclass_title": "Atliekų ir laužo didmeninė prekyba",
        "object_id": 688
      }
    },
    {
      "type": "Feature",
      "id": 689,
      "geometry": null,
      "properties": {
        "evrk_section_code": "G",
        "evrk_section_title": "Didmeninė ir mažmeninė prekyba; variklinių transporto priemonių ir motociklų remontas",
        "evrk_chapter_code": "46",
        "evrk_chapter_title": "Didmeninė prekyba, išskyrus prekybą variklinėmis transporto priemonėmis ir motociklais",
        "evrk_group_code": "469",
        "evrk_group_title": "Nespecializuota didmeninė prekyba",
        "evrk_class_code": "4690",
        "evrk_class_title": "Nespecializuota didmeninė prekyba",
        "evrk_subclass_code": "469000",
        "evrk_subclass_title": "Nespecializuota didmeninė prekyba",
        "object_id": 689
      }
    },
    {
      "type": "Feature",
      "id": 690,
      "geometry": null,
      "properties": {
        "evrk_section_code": "G",
        "evrk_section_title": "Didmeninė ir mažmeninė prekyba; variklinių transporto priemonių ir motociklų remontas",
        "evrk_chapter_code": "47",
        "evrk_chapter_title": "Mažmeninė prekyba, išskyrus variklinių transporto priemonių ir motociklų prekybą",
        "evrk_group_code": "470",
        "evrk_group_title": "Mažmeninė prekyba, išskyrus variklinių transporto priemonių ir motociklų prekybą",
        "evrk_class_code": "4700",
        "evrk_class_title": "Mažmeninė prekyba, išskyrus variklinių transporto priemonių ir motociklų prekybą",
        "evrk_subclass_code": "470000",
        "evrk_subclass_title": "Mažmeninė prekyba, išskyrus variklinių transporto priemonių ir motociklų prekybą",
        "object_id": 690
      }
    },
    {
      "type": "Feature",
      "id": 691,
      "geometry": null,
      "properties": {
        "evrk_section_code": "G",
        "evrk_section_title": "Didmeninė ir mažmeninė prekyba; variklinių transporto priemonių ir motociklų remontas",
        "evrk_chapter_code": "47",
        "evrk_chapter_title": "Mažmeninė prekyba, išskyrus variklinių transporto priemonių ir motociklų prekybą",
        "evrk_group_code": "471",
        "evrk_group_title": "Mažmeninė prekyba nespecializuotose parduotuvėse",
        "evrk_class_code": "4719",
        "evrk_class_title": "Kita mažmeninė prekyba nespecializuotose parduotuvėse",
        "evrk_subclass_code": "471900",
        "evrk_subclass_title": "Kita mažmeninė prekyba nespecializuotose parduotuvėse",
        "object_id": 691
      }
    },
    {
      "type": "Feature",
      "id": 692,
      "geometry": null,
      "properties": {
        "evrk_section_code": "G",
        "evrk_section_title": "Didmeninė ir mažmeninė prekyba; variklinių transporto priemonių ir motociklų remontas",
        "evrk_chapter_code": "47",
        "evrk_chapter_title": "Mažmeninė prekyba, išskyrus variklinių transporto priemonių ir motociklų prekybą",
        "evrk_group_code": "472",
        "evrk_group_title": "Maisto, gėrimų ir tabako mažmeninė prekyba specializuotose parduotuvėse",
        "evrk_class_code": "4723",
        "evrk_class_title": "Žuvų, vėžiagyvių ir moliuskų mažmeninė prekyba specializuotose parduotuvėse",
        "evrk_subclass_code": "472300",
        "evrk_subclass_title": "Žuvų, vėžiagyvių ir moliuskų mažmeninė prekyba specializuotose parduotuvėse",
        "object_id": 692
      }
    },
    {
      "type": "Feature",
      "id": 693,
      "geometry": null,
      "properties": {
        "evrk_section_code": "G",
        "evrk_section_title": "Didmeninė ir mažmeninė prekyba; variklinių transporto priemonių ir motociklų remontas",
        "evrk_chapter_code": "47",
        "evrk_chapter_title": "Mažmeninė prekyba, išskyrus variklinių transporto priemonių ir motociklų prekybą",
        "evrk_group_code": "472",
        "evrk_group_title": "Maisto, gėrimų ir tabako mažmeninė prekyba specializuotose parduotuvėse",
        "evrk_class_code": "4725",
        "evrk_class_title": "Gėrimų mažmeninė prekyba specializuotose parduotuvėse",
        "evrk_subclass_code": "472510",
        "evrk_subclass_title": "Alkoholinių gėrimų mažmeninė prekyba",
        "object_id": 693
      }
    },
    {
      "type": "Feature",
      "id": 694,
      "geometry": null,
      "properties": {
        "evrk_section_code": "G",
        "evrk_section_title": "Didmeninė ir mažmeninė prekyba; variklinių transporto priemonių ir motociklų remontas",
        "evrk_chapter_code": "47",
        "evrk_chapter_title": "Mažmeninė prekyba, išskyrus variklinių transporto priemonių ir motociklų prekybą",
        "evrk_group_code": "473",
        "evrk_group_title": "Automobilių degalų mažmeninė prekyba specializuotose parduotuvėse",
        "evrk_class_code": "4730",
        "evrk_class_title": "Automobilių degalų mažmeninė prekyba specializuotose parduotuvėse",
        "evrk_subclass_code": "473000",
        "evrk_subclass_title": "Automobilių degalų mažmeninė prekyba specializuotose parduotuvėse",
        "object_id": 694
      }
    },
    {
      "type": "Feature",
      "id": 695,
      "geometry": null,
      "properties": {
        "evrk_section_code": "G",
        "evrk_section_title": "Didmeninė ir mažmeninė prekyba; variklinių transporto priemonių ir motociklų remontas",
        "evrk_chapter_code": "47",
        "evrk_chapter_title": "Mažmeninė prekyba, išskyrus variklinių transporto priemonių ir motociklų prekybą",
        "evrk_group_code": "474",
        "evrk_group_title": "Informacijos ir ryšių technologijų (IRT) įrangos mažmeninė prekyba specializuotose parduotuvėse",
        "evrk_class_code": "4740",
        "evrk_class_title": "Informacijos ir ryšių technologijų (IRT) įrangos mažmeninė prekyba specializuotose parduotuvėse",
        "evrk_subclass_code": "474000",
        "evrk_subclass_title": "Informacijos ir ryšių technologijų (IRT) įrangos mažmeninė prekyba specializuotose parduotuvėse",
        "object_id": 695
      }
    },
    {
      "type": "Feature",
      "id": 696,
      "geometry": null,
      "properties": {
        "evrk_section_code": "G",
        "evrk_section_title": "Didmeninė ir mažmeninė prekyba; variklinių transporto priemonių ir motociklų remontas",
        "evrk_chapter_code": "47",
        "evrk_chapter_title": "Mažmeninė prekyba, išskyrus variklinių transporto priemonių ir motociklų prekybą",
        "evrk_group_code": "475",
        "evrk_group_title": "Kitos namų ūkio įrangos mažmeninė prekyba specializuotose parduotuvėse",
        "evrk_class_code": "4752",
        "evrk_class_title": "Metalo dirbinių, dažų ir stiklo mažmeninė prekyba specializuotose parduotuvėse",
        "evrk_subclass_code": "475200",
        "evrk_subclass_title": "Metalo dirbinių, dažų ir stiklo mažmeninė prekyba specializuotose parduotuvėse",
        "object_id": 696
      }
    },
    {
      "type": "Feature",
      "id": 697,
      "geometry": null,
      "properties": {
        "evrk_section_code": "G",
        "evrk_section_title": "Didmeninė ir mažmeninė prekyba; variklinių transporto priemonių ir motociklų remontas",
        "evrk_chapter_code": "47",
        "evrk_chapter_title": "Mažmeninė prekyba, išskyrus variklinių transporto priemonių ir motociklų prekybą",
        "evrk_group_code": "475",
        "evrk_group_title": "Kitos namų ūkio įrangos mažmeninė prekyba specializuotose parduotuvėse",
        "evrk_class_code": "4754",
        "evrk_class_title": "Elektrinių buitinių aparatų ir prietaisų mažmeninė prekyba specializuotose parduotuvėse",
        "evrk_subclass_code": "475400",
        "evrk_subclass_title": "Elektrinių buitinių aparatų ir prietaisų mažmeninė prekyba specializuotose parduotuvėse",
        "object_id": 697
      }
    },
    {
      "type": "Feature",
      "id": 698,
      "geometry": null,
      "properties": {
        "evrk_section_code": "G",
        "evrk_section_title": "Didmeninė ir mažmeninė prekyba; variklinių transporto priemonių ir motociklų remontas",
        "evrk_chapter_code": "47",
        "evrk_chapter_title": "Mažmeninė prekyba, išskyrus variklinių transporto priemonių ir motociklų prekybą",
        "evrk_group_code": "477",
        "evrk_group_title": "Kitų prekių mažmeninė prekyba specializuotose parduotuvėse",
        "evrk_class_code": "4772",
        "evrk_class_title": "Avalynės ir odos gaminių mažmeninė prekyba specializuotose parduotuvėse",
        "evrk_subclass_code": "477200",
        "evrk_subclass_title": "Avalynės ir odos gaminių mažmeninė prekyba specializuotose parduotuvėse",
        "object_id": 698
      }
    },
    {
      "type": "Feature",
      "id": 699,
      "geometry": null,
      "properties": {
        "evrk_section_code": "G",
        "evrk_section_title": "Didmeninė ir mažmeninė prekyba; variklinių transporto priemonių ir motociklų remontas",
        "evrk_chapter_code": "47",
        "evrk_chapter_title": "Mažmeninė prekyba, išskyrus variklinių transporto priemonių ir motociklų prekybą",
        "evrk_group_code": "477",
        "evrk_group_title": "Kitų prekių mažmeninė prekyba specializuotose parduotuvėse",
        "evrk_class_code": "4776",
        "evrk_class_title": "Gėlių, sodinukų, sėklų, trąšų, naminių gyvūnėlių ir jų ėdalo mažmeninė prekyba specializuotose parduotuvėse",
        "evrk_subclass_code": "477600",
        "evrk_subclass_title": "Gėlių, sodinukų, sėklų, trąšų, naminių gyvūnėlių ir jų ėdalo mažmeninė prekyba specializuotose parduotuvėse",
        "object_id": 699
      }
    },
    {
      "type": "Feature",
      "id": 700,
      "geometry": null,
      "properties": {
        "evrk_section_code": "G",
        "evrk_section_title": "Didmeninė ir mažmeninė prekyba; variklinių transporto priemonių ir motociklų remontas",
        "evrk_chapter_code": "47",
        "evrk_chapter_title": "Mažmeninė prekyba, išskyrus variklinių transporto priemonių ir motociklų prekybą",
        "evrk_group_code": "477",
        "evrk_group_title": "Kitų prekių mažmeninė prekyba specializuotose parduotuvėse",
        "evrk_class_code": "4778",
        "evrk_class_title": "Kita naujų prekių mažmeninė prekyba specializuotose parduotuvėse",
        "evrk_subclass_code": "477830",
        "evrk_subclass_title": "Ginklų ir šaudmenų specializuota mažmeninė prekyba",
        "object_id": 700
      }
    },
    {
      "type": "Feature",
      "id": 701,
      "geometry": null,
      "properties": {
        "evrk_section_code": "G",
        "evrk_section_title": "Didmeninė ir mažmeninė prekyba; variklinių transporto priemonių ir motociklų remontas",
        "evrk_chapter_code": "47",
        "evrk_chapter_title": "Mažmeninė prekyba, išskyrus variklinių transporto priemonių ir motociklų prekybą",
        "evrk_group_code": "477",
        "evrk_group_title": "Kitų prekių mažmeninė prekyba specializuotose parduotuvėse",
        "evrk_class_code": "4779",
        "evrk_class_title": "Naudotų daiktų mažmeninė prekyba parduotuvėse",
        "evrk_subclass_code": "477900",
        "evrk_subclass_title": "Naudotų daiktų mažmeninė prekyba parduotuvėse",
        "object_id": 701
      }
    },
    {
      "type": "Feature",
      "id": 702,
      "geometry": null,
      "properties": {
        "evrk_section_code": "G",
        "evrk_section_title": "Didmeninė ir mažmeninė prekyba; variklinių transporto priemonių ir motociklų remontas",
        "evrk_chapter_code": "47",
        "evrk_chapter_title": "Mažmeninė prekyba, išskyrus variklinių transporto priemonių ir motociklų prekybą",
        "evrk_group_code": "477",
        "evrk_group_title": "Kitų prekių mažmeninė prekyba specializuotose parduotuvėse",
        "evrk_class_code": "4779",
        "evrk_class_title": "Naudotų daiktų mažmeninė prekyba parduotuvėse",
        "evrk_subclass_code": "477910",
        "evrk_subclass_title": "Antikvarinių daiktų mažmeninė prekyba",
        "object_id": 702
      }
    },
    {
      "type": "Feature",
      "id": 703,
      "geometry": null,
      "properties": {
        "evrk_section_code": "G",
        "evrk_section_title": "Didmeninė ir mažmeninė prekyba; variklinių transporto priemonių ir motociklų remontas",
        "evrk_chapter_code": "47",
        "evrk_chapter_title": "Mažmeninė prekyba, išskyrus variklinių transporto priemonių ir motociklų prekybą",
        "evrk_group_code": "478",
        "evrk_group_title": "Mažmeninė prekyba kioskuose ir prekyvietėse",
        "evrk_class_code": "4781",
        "evrk_class_title": "Maisto, gėrimų ir tabako gaminių mažmeninė prekyba kioskuose ir prekyvietėse",
        "evrk_subclass_code": "478100",
        "evrk_subclass_title": "Maisto, gėrimų ir tabako gaminių mažmeninė prekyba kioskuose ir prekyvietėse",
        "object_id": 703
      }
    },
    {
      "type": "Feature",
      "id": 704,
      "geometry": null,
      "properties": {
        "evrk_section_code": "G",
        "evrk_section_title": "Didmeninė ir mažmeninė prekyba; variklinių transporto priemonių ir motociklų remontas",
        "evrk_chapter_code": "47",
        "evrk_chapter_title": "Mažmeninė prekyba, išskyrus variklinių transporto priemonių ir motociklų prekybą",
        "evrk_group_code": "478",
        "evrk_group_title": "Mažmeninė prekyba kioskuose ir prekyvietėse",
        "evrk_class_code": "4789",
        "evrk_class_title": "Kitų prekių mažmeninė prekyba kioskuose ir prekyvietėse",
        "evrk_subclass_code": "478900",
        "evrk_subclass_title": "Kitų prekių mažmeninė prekyba kioskuose ir prekyvietėse",
        "object_id": 704
      }
    },
    {
      "type": "Feature",
      "id": 705,
      "geometry": null,
      "properties": {
        "evrk_section_code": "G",
        "evrk_section_title": "Didmeninė ir mažmeninė prekyba; variklinių transporto priemonių ir motociklų remontas",
        "evrk_chapter_code": "47",
        "evrk_chapter_title": "Mažmeninė prekyba, išskyrus variklinių transporto priemonių ir motociklų prekybą",
        "evrk_group_code": "479",
        "evrk_group_title": "Mažmeninė prekyba ne parduotuvėse, kioskuose ar prekyvietėse",
        "evrk_class_code": "4790",
        "evrk_class_title": "Mažmeninė prekyba ne parduotuvėse, kioskuose ar prekyvietėse",
        "evrk_subclass_code": "479000",
        "evrk_subclass_title": "Mažmeninė prekyba ne parduotuvėse, kioskuose ar prekyvietėse",
        "object_id": 705
      }
    },
    {
      "type": "Feature",
      "id": 706,
      "geometry": null,
      "properties": {
        "evrk_section_code": "G",
        "evrk_section_title": "Didmeninė ir mažmeninė prekyba; variklinių transporto priemonių ir motociklų remontas",
        "evrk_chapter_code": "47",
        "evrk_chapter_title": "Mažmeninė prekyba, išskyrus variklinių transporto priemonių ir motociklų prekybą",
        "evrk_group_code": "479",
        "evrk_group_title": "Mažmeninė prekyba ne parduotuvėse, kioskuose ar prekyvietėse",
        "evrk_class_code": "4799",
        "evrk_class_title": "Kita mažmeninė prekyba ne parduotuvėse, kioskuose ar prekyvietėse",
        "evrk_subclass_code": "479910",
        "evrk_subclass_title": "Mažmeninė prekyba per keliaujančius firmos atstovus",
        "object_id": 706
      }
    },
    {
      "type": "Feature",
      "id": 707,
      "geometry": null,
      "properties": {
        "evrk_section_code": "H",
        "evrk_section_title": "Transportas ir saugojimas",
        "evrk_chapter_code": "49",
        "evrk_chapter_title": "Sausumos transportas ir transportavimas vamzdynais",
        "evrk_group_code": "493",
        "evrk_group_title": "Kitas keleivinis sausumos transportas",
        "evrk_class_code": "4931",
        "evrk_class_title": "Keleivių vežimas miesto arba priemiestiniu sausumos transportu",
        "evrk_subclass_code": "493100",
        "evrk_subclass_title": "Keleivių vežimas miesto arba priemiestiniu sausumos transportu",
        "object_id": 707
      }
    },
    {
      "type": "Feature",
      "id": 708,
      "geometry": null,
      "properties": {
        "evrk_section_code": "H",
        "evrk_section_title": "Transportas ir saugojimas",
        "evrk_chapter_code": "49",
        "evrk_chapter_title": "Sausumos transportas ir transportavimas vamzdynais",
        "evrk_group_code": "494",
        "evrk_group_title": "Krovininis kelių transportas ir perkraustymo veikla",
        "evrk_class_code": "4942",
        "evrk_class_title": "Perkraustymo veikla",
        "evrk_subclass_code": "494200",
        "evrk_subclass_title": "Perkraustymo veikla",
        "object_id": 708
      }
    },
    {
      "type": "Feature",
      "id": 709,
      "geometry": null,
      "properties": {
        "evrk_section_code": "H",
        "evrk_section_title": "Transportas ir saugojimas",
        "evrk_chapter_code": "50",
        "evrk_chapter_title": "Vandens transportas",
        "evrk_group_code": "504",
        "evrk_group_title": "Vidaus vandenų krovininis transportas",
        "evrk_class_code": "5040",
        "evrk_class_title": "Vidaus vandenų krovininis transportas",
        "evrk_subclass_code": "504000",
        "evrk_subclass_title": "Vidaus vandenų krovininis transportas",
        "object_id": 709
      }
    },
    {
      "type": "Feature",
      "id": 710,
      "geometry": null,
      "properties": {
        "evrk_section_code": "H",
        "evrk_section_title": "Transportas ir saugojimas",
        "evrk_chapter_code": "51",
        "evrk_chapter_title": "Oro transportas",
        "evrk_group_code": "512",
        "evrk_group_title": "Krovininis oro transportas ir kosminis transportas",
        "evrk_class_code": "5120",
        "evrk_class_title": "Krovininis oro transportas ir kosminis transportas",
        "evrk_subclass_code": "512000",
        "evrk_subclass_title": "Krovininis oro transportas ir kosminis transportas",
        "object_id": 710
      }
    },
    {
      "type": "Feature",
      "id": 711,
      "geometry": null,
      "properties": {
        "evrk_section_code": "H",
        "evrk_section_title": "Transportas ir saugojimas",
        "evrk_chapter_code": "52",
        "evrk_chapter_title": "Sandėliavimas ir transportui būdingų paslaugų veikla",
        "evrk_group_code": "522",
        "evrk_group_title": "Transportui būdingų paslaugų veikla",
        "evrk_class_code": "5223",
        "evrk_class_title": "Oro transportui būdingų paslaugų veikla",
        "evrk_subclass_code": "522300",
        "evrk_subclass_title": "Oro transportui būdingų paslaugų veikla",
        "object_id": 711
      }
    },
    {
      "type": "Feature",
      "id": 712,
      "geometry": null,
      "properties": {
        "evrk_section_code": "H",
        "evrk_section_title": "Transportas ir saugojimas",
        "evrk_chapter_code": "52",
        "evrk_chapter_title": "Sandėliavimas ir transportui būdingų paslaugų veikla",
        "evrk_group_code": "522",
        "evrk_group_title": "Transportui būdingų paslaugų veikla",
        "evrk_class_code": "5224",
        "evrk_class_title": "Krovinių tvarkymas",
        "evrk_subclass_code": "522400",
        "evrk_subclass_title": "Krovinių tvarkymas",
        "object_id": 712
      }
    },
    {
      "type": "Feature",
      "id": 713,
      "geometry": null,
      "properties": {
        "evrk_section_code": "H",
        "evrk_section_title": "Transportas ir saugojimas",
        "evrk_chapter_code": "52",
        "evrk_chapter_title": "Sandėliavimas ir transportui būdingų paslaugų veikla",
        "evrk_group_code": "522",
        "evrk_group_title": "Transportui būdingų paslaugų veikla",
        "evrk_class_code": "5229",
        "evrk_class_title": "Kita transportui būdingų paslaugų veikla",
        "evrk_subclass_code": "522900",
        "evrk_subclass_title": "Kita transportui būdingų paslaugų veikla",
        "object_id": 713
      }
    },
    {
      "type": "Feature",
      "id": 714,
      "geometry": null,
      "properties": {
        "evrk_section_code": "I",
        "evrk_section_title": "Apgyvendinimo ir maitinimo paslaugų veikla",
        "evrk_chapter_code": "55",
        "evrk_chapter_title": "Apgyvendinimo veikla",
        "evrk_group_code": "550",
        "evrk_group_title": "Apgyvendinimo veikla",
        "evrk_class_code": "5500",
        "evrk_class_title": "Apgyvendinimo veikla",
        "evrk_subclass_code": "550000",
        "evrk_subclass_title": "Apgyvendinimo veikla",
        "object_id": 714
      }
    },
    {
      "type": "Feature",
      "id": 715,
      "geometry": null,
      "properties": {
        "evrk_section_code": "I",
        "evrk_section_title": "Apgyvendinimo ir maitinimo paslaugų veikla",
        "evrk_chapter_code": "55",
        "evrk_chapter_title": "Apgyvendinimo veikla",
        "evrk_group_code": "552",
        "evrk_group_title": "Poilsiautojų ir kita trumpalaikio apgyvendinimo veikla",
        "evrk_class_code": "5520",
        "evrk_class_title": "Poilsiautojų ir kita trumpalaikio apgyvendinimo veikla",
        "evrk_subclass_code": "552000",
        "evrk_subclass_title": "Poilsiautojų ir kita trumpalaikio apgyvendinimo veikla",
        "object_id": 715
      }
    },
    {
      "type": "Feature",
      "id": 716,
      "geometry": null,
      "properties": {
        "evrk_section_code": "I",
        "evrk_section_title": "Apgyvendinimo ir maitinimo paslaugų veikla",
        "evrk_chapter_code": "55",
        "evrk_chapter_title": "Apgyvendinimo veikla",
        "evrk_group_code": "552",
        "evrk_group_title": "Poilsiautojų ir kita trumpalaikio apgyvendinimo veikla",
        "evrk_class_code": "5520",
        "evrk_class_title": "Poilsiautojų ir kita trumpalaikio apgyvendinimo veikla",
        "evrk_subclass_code": "552010",
        "evrk_subclass_title": "Poilsio namų veikla",
        "object_id": 716
      }
    },
    {
      "type": "Feature",
      "id": 717,
      "geometry": null,
      "properties": {
        "evrk_section_code": "I",
        "evrk_section_title": "Apgyvendinimo ir maitinimo paslaugų veikla",
        "evrk_chapter_code": "56",
        "evrk_chapter_title": "Maitinimo ir gėrimų teikimo veikla",
        "evrk_group_code": "560",
        "evrk_group_title": "Maitinimo ir gėrimų teikimo veikla",
        "evrk_class_code": "5600",
        "evrk_class_title": "Maitinimo ir gėrimų teikimo veikla",
        "evrk_subclass_code": "560000",
        "evrk_subclass_title": "Maitinimo ir gėrimų teikimo veikla",
        "object_id": 717
      }
    },
    {
      "type": "Feature",
      "id": 718,
      "geometry": null,
      "properties": {
        "evrk_section_code": "I",
        "evrk_section_title": "Apgyvendinimo ir maitinimo paslaugų veikla",
        "evrk_chapter_code": "56",
        "evrk_chapter_title": "Maitinimo ir gėrimų teikimo veikla",
        "evrk_group_code": "561",
        "evrk_group_title": "Restoranų ir pagaminto valgio teikimo veikla",
        "evrk_class_code": "5610",
        "evrk_class_title": "Restoranų ir pagaminto valgio teikimo veikla",
        "evrk_subclass_code": "561000",
        "evrk_subclass_title": "Restoranų ir pagaminto valgio teikimo veikla",
        "object_id": 718
      }
    },
    {
      "type": "Feature",
      "id": 719,
      "geometry": null,
      "properties": {
        "evrk_section_code": "J",
        "evrk_section_title": "Informacija ir ryšiai",
        "evrk_chapter_code": "58",
        "evrk_chapter_title": "Leidybinė veikla",
        "evrk_group_code": "580",
        "evrk_group_title": "Leidybinė veikla",
        "evrk_class_code": "5800",
        "evrk_class_title": "Leidybinė veikla",
        "evrk_subclass_code": "580000",
        "evrk_subclass_title": "Leidybinė veikla",
        "object_id": 719
      }
    },
    {
      "type": "Feature",
      "id": 720,
      "geometry": null,
      "properties": {
        "evrk_section_code": "J",
        "evrk_section_title": "Informacija ir ryšiai",
        "evrk_chapter_code": "58",
        "evrk_chapter_title": "Leidybinė veikla",
        "evrk_group_code": "581",
        "evrk_group_title": "Knygų, periodinių leidinių leidyba ir kita leidybinė veikla",
        "evrk_class_code": "5813",
        "evrk_class_title": "Laikraščių leidyba",
        "evrk_subclass_code": "581300",
        "evrk_subclass_title": "Laikraščių leidyba",
        "object_id": 720
      }
    },
    {
      "type": "Feature",
      "id": 721,
      "geometry": null,
      "properties": {
        "evrk_section_code": "J",
        "evrk_section_title": "Informacija ir ryšiai",
        "evrk_chapter_code": "58",
        "evrk_chapter_title": "Leidybinė veikla",
        "evrk_group_code": "581",
        "evrk_group_title": "Knygų, periodinių leidinių leidyba ir kita leidybinė veikla",
        "evrk_class_code": "5814",
        "evrk_class_title": "Žurnalų ir periodinių leidinių leidyba",
        "evrk_subclass_code": "581400",
        "evrk_subclass_title": "Žurnalų ir periodinių leidinių leidyba",
        "object_id": 721
      }
    },
    {
      "type": "Feature",
      "id": 722,
      "geometry": null,
      "properties": {
        "evrk_section_code": "J",
        "evrk_section_title": "Informacija ir ryšiai",
        "evrk_chapter_code": "59",
        "evrk_chapter_title": "Kino filmų, vaizdo filmų ir televizijos programų gamyba, garso įrašymo ir muzikos įrašų leidybos veikla",
        "evrk_group_code": "591",
        "evrk_group_title": "Kino filmų, vaizdo filmų ir televizijos programų rengėjų veikla",
        "evrk_class_code": "5910",
        "evrk_class_title": "Kino filmų, vaizdo filmų ir televizijos programų rengėjų veikla",
        "evrk_subclass_code": "591000",
        "evrk_subclass_title": "Kino filmų, vaizdo filmų ir televizijos programų rengėjų veikla",
        "object_id": 722
      }
    },
    {
      "type": "Feature",
      "id": 723,
      "geometry": null,
      "properties": {
        "evrk_section_code": "J",
        "evrk_section_title": "Informacija ir ryšiai",
        "evrk_chapter_code": "61",
        "evrk_chapter_title": "Telekomunikacijos",
        "evrk_group_code": "613",
        "evrk_group_title": "Palydovinio ryšio paslaugų veikla",
        "evrk_class_code": "6130",
        "evrk_class_title": "Palydovinio ryšio paslaugų veikla",
        "evrk_subclass_code": "613000",
        "evrk_subclass_title": "Palydovinio ryšio paslaugų veikla",
        "object_id": 723
      }
    },
    {
      "type": "Feature",
      "id": 724,
      "geometry": null,
      "properties": {
        "evrk_section_code": "J",
        "evrk_section_title": "Informacija ir ryšiai",
        "evrk_chapter_code": "62",
        "evrk_chapter_title": "Kompiuterių programavimo, konsultacinė ir susijusi veikla",
        "evrk_group_code": "620",
        "evrk_group_title": "Kompiuterių programavimo, konsultacinė ir susijusi veikla",
        "evrk_class_code": "6200",
        "evrk_class_title": "Kompiuterių programavimo, konsultacinė ir susijusi veikla",
        "evrk_subclass_code": "620000",
        "evrk_subclass_title": "Kompiuterių programavimo, konsultacinė ir susijusi veikla",
        "object_id": 724
      }
    },
    {
      "type": "Feature",
      "id": 725,
      "geometry": null,
      "properties": {
        "evrk_section_code": "J",
        "evrk_section_title": "Informacija ir ryšiai",
        "evrk_chapter_code": "63",
        "evrk_chapter_title": "Informacinių paslaugų veikla",
        "evrk_group_code": "631",
        "evrk_group_title": "Duomenų apdorojimo, interneto serverių paslaugų (prieglobos) ir susijusi veikla; interneto vartų paslaugų veikla",
        "evrk_class_code": "6311",
        "evrk_class_title": "Duomenų apdorojimo, interneto serverių paslaugų (prieglobos) ir susijusi veikla",
        "evrk_subclass_code": "631100",
        "evrk_subclass_title": "Duomenų apdorojimo, interneto serverių paslaugų (prieglobos) ir susijusi veikla",
        "object_id": 725
      }
    },
    {
      "type": "Feature",
      "id": 726,
      "geometry": null,
      "properties": {
        "evrk_section_code": "J",
        "evrk_section_title": "Informacija ir ryšiai",
        "evrk_chapter_code": "63",
        "evrk_chapter_title": "Informacinių paslaugų veikla",
        "evrk_group_code": "639",
        "evrk_group_title": "Kita informacinių paslaugų veikla",
        "evrk_class_code": "6390",
        "evrk_class_title": "Kita informacinių paslaugų veikla",
        "evrk_subclass_code": "639000",
        "evrk_subclass_title": "Kita informacinių paslaugų veikla",
        "object_id": 726
      }
    },
    {
      "type": "Feature",
      "id": 727,
      "geometry": null,
      "properties": {
        "evrk_section_code": "K",
        "evrk_section_title": "Finansinė ir draudimo veikla",
        "evrk_chapter_code": "64",
        "evrk_chapter_title": "Finansinių paslaugų veikla, išskyrus draudimą ir pensijų lėšų kaupimą",
        "evrk_group_code": "642",
        "evrk_group_title": "Kontroliuojančiųjų bendrovių veikla",
        "evrk_class_code": "6420",
        "evrk_class_title": "Kontroliuojančiųjų bendrovių veikla",
        "evrk_subclass_code": "642000",
        "evrk_subclass_title": "Kontroliuojančiųjų bendrovių veikla",
        "object_id": 727
      }
    },
    {
      "type": "Feature",
      "id": 728,
      "geometry": null,
      "properties": {
        "evrk_section_code": "K",
        "evrk_section_title": "Finansinė ir draudimo veikla",
        "evrk_chapter_code": "64",
        "evrk_chapter_title": "Finansinių paslaugų veikla, išskyrus draudimą ir pensijų lėšų kaupimą",
        "evrk_group_code": "643",
        "evrk_group_title": "Trestų, fondų ir panašių finansinių institucijų veikla",
        "evrk_class_code": "6430",
        "evrk_class_title": "Trestų, fondų ir panašių finansinių institucijų veikla",
        "evrk_subclass_code": "643000",
        "evrk_subclass_title": "Trestų, fondų ir panašių finansinių institucijų veikla",
        "object_id": 728
      }
    },
    {
      "type": "Feature",
      "id": 729,
      "geometry": null,
      "properties": {
        "evrk_section_code": "K",
        "evrk_section_title": "Finansinė ir draudimo veikla",
        "evrk_chapter_code": "65",
        "evrk_chapter_title": "Draudimo, perdraudimo ir pensijų lėšų kaupimo, išskyrus privalomąjį socialinį draudimą, veikla",
        "evrk_group_code": "651",
        "evrk_group_title": "Draudimas",
        "evrk_class_code": "6510",
        "evrk_class_title": "Draudimas",
        "evrk_subclass_code": "651000",
        "evrk_subclass_title": "Draudimas",
        "object_id": 729
      }
    },
    {
      "type": "Feature",
      "id": 730,
      "geometry": null,
      "properties": {
        "evrk_section_code": "K",
        "evrk_section_title": "Finansinė ir draudimo veikla",
        "evrk_chapter_code": "65",
        "evrk_chapter_title": "Draudimo, perdraudimo ir pensijų lėšų kaupimo, išskyrus privalomąjį socialinį draudimą, veikla",
        "evrk_group_code": "651",
        "evrk_group_title": "Draudimas",
        "evrk_class_code": "6511",
        "evrk_class_title": "Gyvybės draudimas",
        "evrk_subclass_code": "651100",
        "evrk_subclass_title": "Gyvybės draudimas",
        "object_id": 730
      }
    },
    {
      "type": "Feature",
      "id": 731,
      "geometry": null,
      "properties": {
        "evrk_section_code": "K",
        "evrk_section_title": "Finansinė ir draudimo veikla",
        "evrk_chapter_code": "65",
        "evrk_chapter_title": "Draudimo, perdraudimo ir pensijų lėšų kaupimo, išskyrus privalomąjį socialinį draudimą, veikla",
        "evrk_group_code": "652",
        "evrk_group_title": "Perdraudimas",
        "evrk_class_code": "6520",
        "evrk_class_title": "Perdraudimas",
        "evrk_subclass_code": "652000",
        "evrk_subclass_title": "Perdraudimas",
        "object_id": 731
      }
    },
    {
      "type": "Feature",
      "id": 732,
      "geometry": null,
      "properties": {
        "evrk_section_code": "K",
        "evrk_section_title": "Finansinė ir draudimo veikla",
        "evrk_chapter_code": "66",
        "evrk_chapter_title": "Pagalbinė finansinių paslaugų ir draudimo veikla",
        "evrk_group_code": "661",
        "evrk_group_title": "Pagalbinė finansinių paslaugų, išskyrus draudimą ir pensijų lėšų kaupimą, veikla",
        "evrk_class_code": "6611",
        "evrk_class_title": "Finansų rinkos valdymas",
        "evrk_subclass_code": "661100",
        "evrk_subclass_title": "Finansų rinkos valdymas",
        "object_id": 732
      }
    },
    {
      "type": "Feature",
      "id": 733,
      "geometry": null,
      "properties": {
        "evrk_section_code": "K",
        "evrk_section_title": "Finansinė ir draudimo veikla",
        "evrk_chapter_code": "66",
        "evrk_chapter_title": "Pagalbinė finansinių paslaugų ir draudimo veikla",
        "evrk_group_code": "661",
        "evrk_group_title": "Pagalbinė finansinių paslaugų, išskyrus draudimą ir pensijų lėšų kaupimą, veikla",
        "evrk_class_code": "6612",
        "evrk_class_title": "Vertybinių popierių ir prekių sutarčių sudarymo tarpininkavimas",
        "evrk_subclass_code": "661200",
        "evrk_subclass_title": "Vertybinių popierių ir prekių sutarčių sudarymo tarpininkavimas",
        "object_id": 733
      }
    },
    {
      "type": "Feature",
      "id": 734,
      "geometry": null,
      "properties": {
        "evrk_section_code": "K",
        "evrk_section_title": "Finansinė ir draudimo veikla",
        "evrk_chapter_code": "66",
        "evrk_chapter_title": "Pagalbinė finansinių paslaugų ir draudimo veikla",
        "evrk_group_code": "662",
        "evrk_group_title": "Pagalbinė draudimo ir pensijų lėšų kaupimo veikla",
        "evrk_class_code": "6629",
        "evrk_class_title": "Kita pagalbinė draudimo ir pensijų lėšų kaupimo veikla",
        "evrk_subclass_code": "662900",
        "evrk_subclass_title": "Kita pagalbinė draudimo ir pensijų lėšų kaupimo veikla",
        "object_id": 734
      }
    },
    {
      "type": "Feature",
      "id": 735,
      "geometry": null,
      "properties": {
        "evrk_section_code": "L",
        "evrk_section_title": "Nekilnojamojo turto operacijos",
        "evrk_chapter_code": "68",
        "evrk_chapter_title": "Nekilnojamojo turto operacijos",
        "evrk_group_code": "682",
        "evrk_group_title": "Nuosavo arba nuomojamo nekilnojamojo turto nuoma ir eksploatavimas",
        "evrk_class_code": "6820",
        "evrk_class_title": "Nuosavo arba nuomojamo nekilnojamojo turto nuoma ir eksploatavimas",
        "evrk_subclass_code": "682000",
        "evrk_subclass_title": "Nuosavo arba nuomojamo nekilnojamojo turto nuoma ir eksploatavimas",
        "object_id": 735
      }
    },
    {
      "type": "Feature",
      "id": 736,
      "geometry": null,
      "properties": {
        "evrk_section_code": "M",
        "evrk_section_title": "Profesinė, mokslinė ir techninė veikla",
        "evrk_chapter_code": "69",
        "evrk_chapter_title": "Teisinė ir apskaitos veikla",
        "evrk_group_code": "691",
        "evrk_group_title": "Teisinė veikla",
        "evrk_class_code": "6910",
        "evrk_class_title": "Teisinė veikla",
        "evrk_subclass_code": "691010",
        "evrk_subclass_title": "Konsultacijos ir juridinis atstovavimas civilinėse ir baudžiamosiose bylose",
        "object_id": 736
      }
    },
    {
      "type": "Feature",
      "id": 737,
      "geometry": null,
      "properties": {
        "evrk_section_code": "M",
        "evrk_section_title": "Profesinė, mokslinė ir techninė veikla",
        "evrk_chapter_code": "70",
        "evrk_chapter_title": "Pagrindinių buveinių veikla; konsultacinė valdymo veikla",
        "evrk_group_code": "702",
        "evrk_group_title": "Konsultacinė valdymo veikla",
        "evrk_class_code": "7020",
        "evrk_class_title": "Konsultacinė valdymo veikla",
        "evrk_subclass_code": "702000",
        "evrk_subclass_title": "Konsultacinė valdymo veikla",
        "object_id": 737
      }
    },
    {
      "type": "Feature",
      "id": 738,
      "geometry": null,
      "properties": {
        "evrk_section_code": "M",
        "evrk_section_title": "Profesinė, mokslinė ir techninė veikla",
        "evrk_chapter_code": "70",
        "evrk_chapter_title": "Pagrindinių buveinių veikla; konsultacinė valdymo veikla",
        "evrk_group_code": "702",
        "evrk_group_title": "Konsultacinė valdymo veikla",
        "evrk_class_code": "7022",
        "evrk_class_title": "Konsultacinė verslo ir kito valdymo veikla",
        "evrk_subclass_code": "702200",
        "evrk_subclass_title": "Konsultacinė verslo ir kito valdymo veikla",
        "object_id": 738
      }
    },
    {
      "type": "Feature",
      "id": 739,
      "geometry": null,
      "properties": {
        "evrk_section_code": "M",
        "evrk_section_title": "Profesinė, mokslinė ir techninė veikla",
        "evrk_chapter_code": "71",
        "evrk_chapter_title": "Architektūros ir inžinerijos veikla; techninis tikrinimas ir analizė",
        "evrk_group_code": "711",
        "evrk_group_title": "Architektūros ir inžinerijos veikla bei su ja susijusios techninės konsultacijos",
        "evrk_class_code": "7111",
        "evrk_class_title": "Architektūros veikla",
        "evrk_subclass_code": "711100",
        "evrk_subclass_title": "Architektūros veikla",
        "object_id": 739
      }
    },
    {
      "type": "Feature",
      "id": 740,
      "geometry": null,
      "properties": {
        "evrk_section_code": "M",
        "evrk_section_title": "Profesinė, mokslinė ir techninė veikla",
        "evrk_chapter_code": "71",
        "evrk_chapter_title": "Architektūros ir inžinerijos veikla; techninis tikrinimas ir analizė",
        "evrk_group_code": "711",
        "evrk_group_title": "Architektūros ir inžinerijos veikla bei su ja susijusios techninės konsultacijos",
        "evrk_class_code": "7112",
        "evrk_class_title": "Inžinerijos veikla ir su ja susijusios techninės konsultacijos",
        "evrk_subclass_code": "711250",
        "evrk_subclass_title": "Geologinės paieškos ir žvalgyba",
        "object_id": 740
      }
    },
    {
      "type": "Feature",
      "id": 741,
      "geometry": null,
      "properties": {
        "evrk_section_code": "M",
        "evrk_section_title": "Profesinė, mokslinė ir techninė veikla",
        "evrk_chapter_code": "71",
        "evrk_chapter_title": "Architektūros ir inžinerijos veikla; techninis tikrinimas ir analizė",
        "evrk_group_code": "712",
        "evrk_group_title": "Techninis tikrinimas ir analizė",
        "evrk_class_code": "7120",
        "evrk_class_title": "Techninis tikrinimas ir analizė",
        "evrk_subclass_code": "712060",
        "evrk_subclass_title": "Matavimo priemonių patikra bei kalibravimas",
        "object_id": 741
      }
    },
    {
      "type": "Feature",
      "id": 742,
      "geometry": null,
      "properties": {
        "evrk_section_code": "M",
        "evrk_section_title": "Profesinė, mokslinė ir techninė veikla",
        "evrk_chapter_code": "71",
        "evrk_chapter_title": "Architektūros ir inžinerijos veikla; techninis tikrinimas ir analizė",
        "evrk_group_code": "712",
        "evrk_group_title": "Techninis tikrinimas ir analizė",
        "evrk_class_code": "7120",
        "evrk_class_title": "Techninis tikrinimas ir analizė",
        "evrk_subclass_code": "712070",
        "evrk_subclass_title": "Gaminių sertifikavimas, jų normatyvinių dokumentų reikalavimų kontrolė",
        "object_id": 742
      }
    },
    {
      "type": "Feature",
      "id": 743,
      "geometry": null,
      "properties": {
        "evrk_section_code": "M",
        "evrk_section_title": "Profesinė, mokslinė ir techninė veikla",
        "evrk_chapter_code": "72",
        "evrk_chapter_title": "Moksliniai tyrimai ir taikomoji veikla",
        "evrk_group_code": "722",
        "evrk_group_title": "Socialinių ir humanitarinių mokslų moksliniai tyrimai ir taikomoji veikla",
        "evrk_class_code": "7220",
        "evrk_class_title": "Socialinių ir humanitarinių mokslų moksliniai tyrimai ir taikomoji veikla",
        "evrk_subclass_code": "722000",
        "evrk_subclass_title": "Socialinių ir humanitarinių mokslų moksliniai tyrimai ir taikomoji veikla",
        "object_id": 743
      }
    },
    {
      "type": "Feature",
      "id": 744,
      "geometry": null,
      "properties": {
        "evrk_section_code": "M",
        "evrk_section_title": "Profesinė, mokslinė ir techninė veikla",
        "evrk_chapter_code": "73",
        "evrk_chapter_title": "Reklama ir rinkos tyrimas",
        "evrk_group_code": "732",
        "evrk_group_title": "Rinkos tyrimas ir viešosios nuomonės apklausa",
        "evrk_class_code": "7320",
        "evrk_class_title": "Rinkos tyrimas ir viešosios nuomonės apklausa",
        "evrk_subclass_code": "732000",
        "evrk_subclass_title": "Rinkos tyrimas ir viešosios nuomonės apklausa",
        "object_id": 744
      }
    },
    {
      "type": "Feature",
      "id": 745,
      "geometry": null,
      "properties": {
        "evrk_section_code": "M",
        "evrk_section_title": "Profesinė, mokslinė ir techninė veikla",
        "evrk_chapter_code": "74",
        "evrk_chapter_title": "Kita profesinė, mokslinė ir techninė veikla",
        "evrk_group_code": "740",
        "evrk_group_title": "Kita profesinė, mokslinė ir techninė veikla",
        "evrk_class_code": "7400",
        "evrk_class_title": "Kita profesinė, mokslinė ir techninė veikla",
        "evrk_subclass_code": "740000",
        "evrk_subclass_title": "Kita profesinė, mokslinė ir techninė veikla",
        "object_id": 745
      }
    },
    {
      "type": "Feature",
      "id": 746,
      "geometry": null,
      "properties": {
        "evrk_section_code": "M",
        "evrk_section_title": "Profesinė, mokslinė ir techninė veikla",
        "evrk_chapter_code": "75",
        "evrk_chapter_title": "Veterinarinė veikla",
        "evrk_group_code": "750",
        "evrk_group_title": "Veterinarinė veikla",
        "evrk_class_code": "7500",
        "evrk_class_title": "Veterinarinė veikla",
        "evrk_subclass_code": "750010",
        "evrk_subclass_title": "Gyvulių ir gyvūnų stacionarinis gydymas",
        "object_id": 746
      }
    },
    {
      "type": "Feature",
      "id": 747,
      "geometry": null,
      "properties": {
        "evrk_section_code": "M",
        "evrk_section_title": "Profesinė, mokslinė ir techninė veikla",
        "evrk_chapter_code": "75",
        "evrk_chapter_title": "Veterinarinė veikla",
        "evrk_group_code": "750",
        "evrk_group_title": "Veterinarinė veikla",
        "evrk_class_code": "7500",
        "evrk_class_title": "Veterinarinė veikla",
        "evrk_subclass_code": "750020",
        "evrk_subclass_title": "Gyvulių ir gyvūnų ambulatorinis gydymas",
        "object_id": 747
      }
    },
    {
      "type": "Feature",
      "id": 748,
      "geometry": null,
      "properties": {
        "evrk_section_code": "M",
        "evrk_section_title": "Profesinė, mokslinė ir techninė veikla",
        "evrk_chapter_code": "75",
        "evrk_chapter_title": "Veterinarinė veikla",
        "evrk_group_code": "750",
        "evrk_group_title": "Veterinarinė veikla",
        "evrk_class_code": "7500",
        "evrk_class_title": "Veterinarinė veikla",
        "evrk_subclass_code": "750040",
        "evrk_subclass_title": "Veterinarijos laboratorijų veikla",
        "object_id": 748
      }
    },
    {
      "type": "Feature",
      "id": 749,
      "geometry": null,
      "properties": {
        "evrk_section_code": "N",
        "evrk_section_title": "Administracinė ir aptarnavimo veikla",
        "evrk_chapter_code": "77",
        "evrk_chapter_title": "Nuoma ir išperkamoji nuoma",
        "evrk_group_code": "771",
        "evrk_group_title": "Variklinių transporto priemonių nuoma ir išperkamoji nuoma",
        "evrk_class_code": "7711",
        "evrk_class_title": "Automobilių ir lengvųjų variklinių transporto priemonių nuoma ir išperkamoji nuoma",
        "evrk_subclass_code": "771100",
        "evrk_subclass_title": "Automobilių ir lengvųjų variklinių transporto priemonių nuoma ir išperkamoji nuoma",
        "object_id": 749
      }
    },
    {
      "type": "Feature",
      "id": 750,
      "geometry": null,
      "properties": {
        "evrk_section_code": "N",
        "evrk_section_title": "Administracinė ir aptarnavimo veikla",
        "evrk_chapter_code": "77",
        "evrk_chapter_title": "Nuoma ir išperkamoji nuoma",
        "evrk_group_code": "771",
        "evrk_group_title": "Variklinių transporto priemonių nuoma ir išperkamoji nuoma",
        "evrk_class_code": "7712",
        "evrk_class_title": "Sunkiasvorių variklinių transporto priemonių nuoma ir išperkamoji nuoma",
        "evrk_subclass_code": "771200",
        "evrk_subclass_title": "Sunkiasvorių variklinių transporto priemonių nuoma ir išperkamoji nuoma",
        "object_id": 750
      }
    },
    {
      "type": "Feature",
      "id": 751,
      "geometry": null,
      "properties": {
        "evrk_section_code": "N",
        "evrk_section_title": "Administracinė ir aptarnavimo veikla",
        "evrk_chapter_code": "77",
        "evrk_chapter_title": "Nuoma ir išperkamoji nuoma",
        "evrk_group_code": "771",
        "evrk_group_title": "Variklinių transporto priemonių nuoma ir išperkamoji nuoma",
        "evrk_class_code": "7712",
        "evrk_class_title": "Sunkiasvorių variklinių transporto priemonių nuoma ir išperkamoji nuoma",
        "evrk_subclass_code": "771210",
        "evrk_subclass_title": "Krovininių automobilių nuoma",
        "object_id": 751
      }
    },
    {
      "type": "Feature",
      "id": 752,
      "geometry": null,
      "properties": {
        "evrk_section_code": "N",
        "evrk_section_title": "Administracinė ir aptarnavimo veikla",
        "evrk_chapter_code": "77",
        "evrk_chapter_title": "Nuoma ir išperkamoji nuoma",
        "evrk_group_code": "773",
        "evrk_group_title": "Kitų mašinų, įrangos ir materialiųjų vertybių nuoma ir išperkamoji nuoma",
        "evrk_class_code": "7733",
        "evrk_class_title": "Įstaigos mašinų ir įrangos, įskaitant kompiuterius, nuoma ir išperkamoji nuoma",
        "evrk_subclass_code": "773310",
        "evrk_subclass_title": "Kompiuterių nuoma",
        "object_id": 752
      }
    },
    {
      "type": "Feature",
      "id": 753,
      "geometry": null,
      "properties": {
        "evrk_section_code": "N",
        "evrk_section_title": "Administracinė ir aptarnavimo veikla",
        "evrk_chapter_code": "77",
        "evrk_chapter_title": "Nuoma ir išperkamoji nuoma",
        "evrk_group_code": "773",
        "evrk_group_title": "Kitų mašinų, įrangos ir materialiųjų vertybių nuoma ir išperkamoji nuoma",
        "evrk_class_code": "7733",
        "evrk_class_title": "Įstaigos mašinų ir įrangos, įskaitant kompiuterius, nuoma ir išperkamoji nuoma",
        "evrk_subclass_code": "773330",
        "evrk_subclass_title": "Kasos aparatų nuoma",
        "object_id": 753
      }
    },
    {
      "type": "Feature",
      "id": 754,
      "geometry": null,
      "properties": {
        "evrk_section_code": "N",
        "evrk_section_title": "Administracinė ir aptarnavimo veikla",
        "evrk_chapter_code": "77",
        "evrk_chapter_title": "Nuoma ir išperkamoji nuoma",
        "evrk_group_code": "773",
        "evrk_group_title": "Kitų mašinų, įrangos ir materialiųjų vertybių nuoma ir išperkamoji nuoma",
        "evrk_class_code": "7735",
        "evrk_class_title": "Oro transporto priemonių ir įrangos nuoma ir išperkamoji nuoma",
        "evrk_subclass_code": "773500",
        "evrk_subclass_title": "Oro transporto priemonių ir įrangos nuoma ir išperkamoji nuoma",
        "object_id": 754
      }
    },
    {
      "type": "Feature",
      "id": 755,
      "geometry": null,
      "properties": {
        "evrk_section_code": "N",
        "evrk_section_title": "Administracinė ir aptarnavimo veikla",
        "evrk_chapter_code": "77",
        "evrk_chapter_title": "Nuoma ir išperkamoji nuoma",
        "evrk_group_code": "773",
        "evrk_group_title": "Kitų mašinų, įrangos ir materialiųjų vertybių nuoma ir išperkamoji nuoma",
        "evrk_class_code": "7739",
        "evrk_class_title": "Kitų, niekur kitur nepriskirtų, mašinų, įrangos ir materialiųjų vertybių nuoma ir išperkamoji nuoma",
        "evrk_subclass_code": "773910",
        "evrk_subclass_title": "Geležinkelio transporto priemonių nuoma",
        "object_id": 755
      }
    },
    {
      "type": "Feature",
      "id": 756,
      "geometry": null,
      "properties": {
        "evrk_section_code": "N",
        "evrk_section_title": "Administracinė ir aptarnavimo veikla",
        "evrk_chapter_code": "77",
        "evrk_chapter_title": "Nuoma ir išperkamoji nuoma",
        "evrk_group_code": "773",
        "evrk_group_title": "Kitų mašinų, įrangos ir materialiųjų vertybių nuoma ir išperkamoji nuoma",
        "evrk_class_code": "7739",
        "evrk_class_title": "Kitų, niekur kitur nepriskirtų, mašinų, įrangos ir materialiųjų vertybių nuoma ir išperkamoji nuoma",
        "evrk_subclass_code": "773930",
        "evrk_subclass_title": "Automobilinių namelių nuoma",
        "object_id": 756
      }
    },
    {
      "type": "Feature",
      "id": 757,
      "geometry": null,
      "properties": {
        "evrk_section_code": "N",
        "evrk_section_title": "Administracinė ir aptarnavimo veikla",
        "evrk_chapter_code": "77",
        "evrk_chapter_title": "Nuoma ir išperkamoji nuoma",
        "evrk_group_code": "773",
        "evrk_group_title": "Kitų mašinų, įrangos ir materialiųjų vertybių nuoma ir išperkamoji nuoma",
        "evrk_class_code": "7739",
        "evrk_class_title": "Kitų, niekur kitur nepriskirtų, mašinų, įrangos ir materialiųjų vertybių nuoma ir išperkamoji nuoma",
        "evrk_subclass_code": "773960",
        "evrk_subclass_title": "Radijo ir televizijos įrenginių nuoma",
        "object_id": 757
      }
    },
    {
      "type": "Feature",
      "id": 758,
      "geometry": null,
      "properties": {
        "evrk_section_code": "N",
        "evrk_section_title": "Administracinė ir aptarnavimo veikla",
        "evrk_chapter_code": "78",
        "evrk_chapter_title": "Įdarbinimo veikla",
        "evrk_group_code": "782",
        "evrk_group_title": "Laikinojo įdarbinimo agentūrų veikla",
        "evrk_class_code": "7820",
        "evrk_class_title": "Laikinojo įdarbinimo agentūrų veikla",
        "evrk_subclass_code": "782000",
        "evrk_subclass_title": "Laikinojo įdarbinimo agentūrų veikla",
        "object_id": 758
      }
    },
    {
      "type": "Feature",
      "id": 759,
      "geometry": null,
      "properties": {
        "evrk_section_code": "N",
        "evrk_section_title": "Administracinė ir aptarnavimo veikla",
        "evrk_chapter_code": "78",
        "evrk_chapter_title": "Įdarbinimo veikla",
        "evrk_group_code": "783",
        "evrk_group_title": "Kitas darbo jėgos teikimas",
        "evrk_class_code": "7830",
        "evrk_class_title": "Kitas darbo jėgos teikimas",
        "evrk_subclass_code": "783000",
        "evrk_subclass_title": "Kitas darbo jėgos teikimas",
        "object_id": 759
      }
    },
    {
      "type": "Feature",
      "id": 760,
      "geometry": null,
      "properties": {
        "evrk_section_code": "N",
        "evrk_section_title": "Administracinė ir aptarnavimo veikla",
        "evrk_chapter_code": "80",
        "evrk_chapter_title": "Apsaugos ir tyrimo veikla",
        "evrk_group_code": "800",
        "evrk_group_title": "Apsaugos ir tyrimo veikla",
        "evrk_class_code": "8000",
        "evrk_class_title": "Apsaugos ir tyrimo veikla",
        "evrk_subclass_code": "800000",
        "evrk_subclass_title": "Apsaugos ir tyrimo veikla",
        "object_id": 760
      }
    },
    {
      "type": "Feature",
      "id": 761,
      "geometry": null,
      "properties": {
        "evrk_section_code": "N",
        "evrk_section_title": "Administracinė ir aptarnavimo veikla",
        "evrk_chapter_code": "80",
        "evrk_chapter_title": "Apsaugos ir tyrimo veikla",
        "evrk_group_code": "802",
        "evrk_group_title": "Apsaugos sistemų paslaugų veikla",
        "evrk_class_code": "8020",
        "evrk_class_title": "Apsaugos sistemų paslaugų veikla",
        "evrk_subclass_code": "802000",
        "evrk_subclass_title": "Apsaugos sistemų paslaugų veikla",
        "object_id": 761
      }
    },
    {
      "type": "Feature",
      "id": 762,
      "geometry": null,
      "properties": {
        "evrk_section_code": "N",
        "evrk_section_title": "Administracinė ir aptarnavimo veikla",
        "evrk_chapter_code": "81",
        "evrk_chapter_title": "Pastatų aptarnavimas ir kraštovaizdžio tvarkymas",
        "evrk_group_code": "811",
        "evrk_group_title": "Kombinuota patalpų funkcionavimo užtikrinimo veikla",
        "evrk_class_code": "8110",
        "evrk_class_title": "Kombinuota patalpų funkcionavimo užtikrinimo veikla",
        "evrk_subclass_code": "811000",
        "evrk_subclass_title": "Kombinuota patalpų funkcionavimo užtikrinimo veikla",
        "object_id": 762
      }
    },
    {
      "type": "Feature",
      "id": 763,
      "geometry": null,
      "properties": {
        "evrk_section_code": "N",
        "evrk_section_title": "Administracinė ir aptarnavimo veikla",
        "evrk_chapter_code": "81",
        "evrk_chapter_title": "Pastatų aptarnavimas ir kraštovaizdžio tvarkymas",
        "evrk_group_code": "812",
        "evrk_group_title": "Valymo veikla",
        "evrk_class_code": "8122",
        "evrk_class_title": "Kita pastatų ir pramoninio valymo veikla",
        "evrk_subclass_code": "812200",
        "evrk_subclass_title": "Kita pastatų ir pramoninio valymo veikla",
        "object_id": 763
      }
    },
    {
      "type": "Feature",
      "id": 764,
      "geometry": null,
      "properties": {
        "evrk_section_code": "N",
        "evrk_section_title": "Administracinė ir aptarnavimo veikla",
        "evrk_chapter_code": "81",
        "evrk_chapter_title": "Pastatų aptarnavimas ir kraštovaizdžio tvarkymas",
        "evrk_group_code": "812",
        "evrk_group_title": "Valymo veikla",
        "evrk_class_code": "8129",
        "evrk_class_title": "Kita valymo veikla",
        "evrk_subclass_code": "812900",
        "evrk_subclass_title": "Kita valymo veikla",
        "object_id": 764
      }
    },
    {
      "type": "Feature",
      "id": 765,
      "geometry": null,
      "properties": {
        "evrk_section_code": "N",
        "evrk_section_title": "Administracinė ir aptarnavimo veikla",
        "evrk_chapter_code": "82",
        "evrk_chapter_title": "Administracinė veikla, įstaigų ir kitų verslo įmonių aptarnavimo veikla",
        "evrk_group_code": "822",
        "evrk_group_title": "Užsakomųjų informacinių paslaugų centrų veikla",
        "evrk_class_code": "8220",
        "evrk_class_title": "Užsakomųjų informacinių paslaugų centrų veikla",
        "evrk_subclass_code": "822000",
        "evrk_subclass_title": "Užsakomųjų informacinių paslaugų centrų veikla",
        "object_id": 765
      }
    },
    {
      "type": "Feature",
      "id": 766,
      "geometry": null,
      "properties": {
        "evrk_section_code": "N",
        "evrk_section_title": "Administracinė ir aptarnavimo veikla",
        "evrk_chapter_code": "82",
        "evrk_chapter_title": "Administracinė veikla, įstaigų ir kitų verslo įmonių aptarnavimo veikla",
        "evrk_group_code": "829",
        "evrk_group_title": "Niekur kitur nepriskirta verslui būdingų paslaugų veikla",
        "evrk_class_code": "8299",
        "evrk_class_title": "Kita, niekur kitur nepriskirta, verslui būdingų paslaugų veikla",
        "evrk_subclass_code": "829900",
        "evrk_subclass_title": "Kita, niekur kitur nepriskirta, verslui būdingų paslaugų veikla",
        "object_id": 766
      }
    },
    {
      "type": "Feature",
      "id": 767,
      "geometry": null,
      "properties": {
        "evrk_section_code": "O",
        "evrk_section_title": "Viešasis valdymas ir gynyba; privalomasis socialinis draudimas",
        "evrk_chapter_code": "84",
        "evrk_chapter_title": "Viešasis valdymas ir gynyba; privalomasis socialinis draudimas",
        "evrk_group_code": "841",
        "evrk_group_title": "Valstybės valdymas ir bendroji ekonominė bei socialinė bendruomenės politika",
        "evrk_class_code": "8411",
        "evrk_class_title": "Bendroji viešojo valdymo veikla",
        "evrk_subclass_code": "841130",
        "evrk_subclass_title": "Lietuvos Respublikos seniūnijų veikla",
        "object_id": 767
      }
    },
    {
      "type": "Feature",
      "id": 768,
      "geometry": null,
      "properties": {
        "evrk_section_code": "O",
        "evrk_section_title": "Viešasis valdymas ir gynyba; privalomasis socialinis draudimas",
        "evrk_chapter_code": "84",
        "evrk_chapter_title": "Viešasis valdymas ir gynyba; privalomasis socialinis draudimas",
        "evrk_group_code": "842",
        "evrk_group_title": "Bendruomenei teikiamų paslaugų užtikrinimas",
        "evrk_class_code": "8423",
        "evrk_class_title": "Teisingumo ir teisminė veikla",
        "evrk_subclass_code": "842300",
        "evrk_subclass_title": "Teisingumo ir teisminė veikla",
        "object_id": 768
      }
    },
    {
      "type": "Feature",
      "id": 769,
      "geometry": null,
      "properties": {
        "evrk_section_code": "O",
        "evrk_section_title": "Viešasis valdymas ir gynyba; privalomasis socialinis draudimas",
        "evrk_chapter_code": "84",
        "evrk_chapter_title": "Viešasis valdymas ir gynyba; privalomasis socialinis draudimas",
        "evrk_group_code": "842",
        "evrk_group_title": "Bendruomenei teikiamų paslaugų užtikrinimas",
        "evrk_class_code": "8424",
        "evrk_class_title": "Viešosios tvarkos ir apsaugos veikla",
        "evrk_subclass_code": "842400",
        "evrk_subclass_title": "Viešosios tvarkos ir apsaugos veikla",
        "object_id": 769
      }
    },
    {
      "type": "Feature",
      "id": 770,
      "geometry": null,
      "properties": {
        "evrk_section_code": "P",
        "evrk_section_title": "Švietimas",
        "evrk_chapter_code": "85",
        "evrk_chapter_title": "Švietimas",
        "evrk_group_code": "851",
        "evrk_group_title": "Ikimokyklinis ugdymas",
        "evrk_class_code": "8510",
        "evrk_class_title": "Ikimokyklinis ugdymas",
        "evrk_subclass_code": "851000",
        "evrk_subclass_title": "Ikimokyklinis ugdymas",
        "object_id": 770
      }
    },
    {
      "type": "Feature",
      "id": 771,
      "geometry": null,
      "properties": {
        "evrk_section_code": "P",
        "evrk_section_title": "Švietimas",
        "evrk_chapter_code": "85",
        "evrk_chapter_title": "Švietimas",
        "evrk_group_code": "851",
        "evrk_group_title": "Ikimokyklinis ugdymas",
        "evrk_class_code": "8510",
        "evrk_class_title": "Ikimokyklinis ugdymas",
        "evrk_subclass_code": "851010",
        "evrk_subclass_title": "Ikimokyklinio amžiaus vaikų ugdymas",
        "object_id": 771
      }
    },
    {
      "type": "Feature",
      "id": 772,
      "geometry": null,
      "properties": {
        "evrk_section_code": "P",
        "evrk_section_title": "Švietimas",
        "evrk_chapter_code": "85",
        "evrk_chapter_title": "Švietimas",
        "evrk_group_code": "852",
        "evrk_group_title": "Pradinis ugdymas",
        "evrk_class_code": "8520",
        "evrk_class_title": "Pradinis ugdymas",
        "evrk_subclass_code": "852000",
        "evrk_subclass_title": "Pradinis ugdymas",
        "object_id": 772
      }
    },
    {
      "type": "Feature",
      "id": 773,
      "geometry": null,
      "properties": {
        "evrk_section_code": "P",
        "evrk_section_title": "Švietimas",
        "evrk_chapter_code": "85",
        "evrk_chapter_title": "Švietimas",
        "evrk_group_code": "853",
        "evrk_group_title": "Vidurinis ugdymas",
        "evrk_class_code": "8530",
        "evrk_class_title": "Vidurinis ugdymas",
        "evrk_subclass_code": "853000",
        "evrk_subclass_title": "Vidurinis ugdymas",
        "object_id": 773
      }
    },
    {
      "type": "Feature",
      "id": 774,
      "geometry": null,
      "properties": {
        "evrk_section_code": "P",
        "evrk_section_title": "Švietimas",
        "evrk_chapter_code": "85",
        "evrk_chapter_title": "Švietimas",
        "evrk_group_code": "853",
        "evrk_group_title": "Vidurinis ugdymas",
        "evrk_class_code": "8531",
        "evrk_class_title": "Bendrasis vidurinis ugdymas",
        "evrk_subclass_code": "853110",
        "evrk_subclass_title": "Pagrindinis ugdymas",
        "object_id": 774
      }
    },
    {
      "type": "Feature",
      "id": 775,
      "geometry": null,
      "properties": {
        "evrk_section_code": "P",
        "evrk_section_title": "Švietimas",
        "evrk_chapter_code": "85",
        "evrk_chapter_title": "Švietimas",
        "evrk_group_code": "854",
        "evrk_group_title": "Aukštasis mokslas",
        "evrk_class_code": "8541",
        "evrk_class_title": "Aukštojo mokslo laipsnio nesuteikiantis mokymas baigus vidurinę mokyklą",
        "evrk_subclass_code": "854100",
        "evrk_subclass_title": "Aukštojo mokslo laipsnio nesuteikiantis mokymas baigus vidurinę mokyklą",
        "object_id": 775
      }
    },
    {
      "type": "Feature",
      "id": 776,
      "geometry": null,
      "properties": {
        "evrk_section_code": "P",
        "evrk_section_title": "Švietimas",
        "evrk_chapter_code": "85",
        "evrk_chapter_title": "Švietimas",
        "evrk_group_code": "854",
        "evrk_group_title": "Aukštasis mokslas",
        "evrk_class_code": "8542",
        "evrk_class_title": "Aukštasis (tretinis) mokslas",
        "evrk_subclass_code": "854200",
        "evrk_subclass_title": "Aukštasis (tretinis) mokslas",
        "object_id": 776
      }
    },
    {
      "type": "Feature",
      "id": 777,
      "geometry": null,
      "properties": {
        "evrk_section_code": "P",
        "evrk_section_title": "Švietimas",
        "evrk_chapter_code": "85",
        "evrk_chapter_title": "Švietimas",
        "evrk_group_code": "854",
        "evrk_group_title": "Aukštasis mokslas",
        "evrk_class_code": "8542",
        "evrk_class_title": "Aukštasis (tretinis) mokslas",
        "evrk_subclass_code": "854230",
        "evrk_subclass_title": "Doktorantūra",
        "object_id": 777
      }
    },
    {
      "type": "Feature",
      "id": 778,
      "geometry": null,
      "properties": {
        "evrk_section_code": "P",
        "evrk_section_title": "Švietimas",
        "evrk_chapter_code": "85",
        "evrk_chapter_title": "Švietimas",
        "evrk_group_code": "855",
        "evrk_group_title": "Kitas mokymas",
        "evrk_class_code": "8553",
        "evrk_class_title": "Vairavimo mokyklų veikla",
        "evrk_subclass_code": "855300",
        "evrk_subclass_title": "Vairavimo mokyklų veikla",
        "object_id": 778
      }
    },
    {
      "type": "Feature",
      "id": 779,
      "geometry": null,
      "properties": {
        "evrk_section_code": "P",
        "evrk_section_title": "Švietimas",
        "evrk_chapter_code": "85",
        "evrk_chapter_title": "Švietimas",
        "evrk_group_code": "855",
        "evrk_group_title": "Kitas mokymas",
        "evrk_class_code": "8559",
        "evrk_class_title": "Kitas, niekur kitur nepriskirtas, švietimas",
        "evrk_subclass_code": "855900",
        "evrk_subclass_title": "Kitas, niekur kitur nepriskirtas, švietimas",
        "object_id": 779
      }
    },
    {
      "type": "Feature",
      "id": 780,
      "geometry": null,
      "properties": {
        "evrk_section_code": "Q",
        "evrk_section_title": "Žmonių sveikatos priežiūra ir socialinis darbas",
        "evrk_chapter_code": "86",
        "evrk_chapter_title": "Žmonių sveikatos priežiūros veikla",
        "evrk_group_code": "861",
        "evrk_group_title": "Ligoninių veikla",
        "evrk_class_code": "8610",
        "evrk_class_title": "Ligoninių veikla",
        "evrk_subclass_code": "861000",
        "evrk_subclass_title": "Ligoninių veikla",
        "object_id": 780
      }
    },
    {
      "type": "Feature",
      "id": 781,
      "geometry": null,
      "properties": {
        "evrk_section_code": "Q",
        "evrk_section_title": "Žmonių sveikatos priežiūra ir socialinis darbas",
        "evrk_chapter_code": "86",
        "evrk_chapter_title": "Žmonių sveikatos priežiūros veikla",
        "evrk_group_code": "861",
        "evrk_group_title": "Ligoninių veikla",
        "evrk_class_code": "8610",
        "evrk_class_title": "Ligoninių veikla",
        "evrk_subclass_code": "861040",
        "evrk_subclass_title": "Slaugos ligoninių veikla",
        "object_id": 781
      }
    },
    {
      "type": "Feature",
      "id": 782,
      "geometry": null,
      "properties": {
        "evrk_section_code": "Q",
        "evrk_section_title": "Žmonių sveikatos priežiūra ir socialinis darbas",
        "evrk_chapter_code": "86",
        "evrk_chapter_title": "Žmonių sveikatos priežiūros veikla",
        "evrk_group_code": "869",
        "evrk_group_title": "Kita žmonių sveikatos priežiūros veikla",
        "evrk_class_code": "8690",
        "evrk_class_title": "Kita žmonių sveikatos priežiūros veikla",
        "evrk_subclass_code": "869010",
        "evrk_subclass_title": "Viduriniojo medicinos personalo paslaugų teikiamas ligoniams ne ligoninėse",
        "object_id": 782
      }
    },
    {
      "type": "Feature",
      "id": 783,
      "geometry": null,
      "properties": {
        "evrk_section_code": "Q",
        "evrk_section_title": "Žmonių sveikatos priežiūra ir socialinis darbas",
        "evrk_chapter_code": "87",
        "evrk_chapter_title": "Kita stacionarinė globos veikla",
        "evrk_group_code": "871",
        "evrk_group_title": "Stacionarinė slaugos įstaigų veikla",
        "evrk_class_code": "8710",
        "evrk_class_title": "Stacionarinė slaugos įstaigų veikla",
        "evrk_subclass_code": "871000",
        "evrk_subclass_title": "Stacionarinė slaugos įstaigų veikla",
        "object_id": 783
      }
    },
    {
      "type": "Feature",
      "id": 784,
      "geometry": null,
      "properties": {
        "evrk_section_code": "Q",
        "evrk_section_title": "Žmonių sveikatos priežiūra ir socialinis darbas",
        "evrk_chapter_code": "88",
        "evrk_chapter_title": "Nesusijusio su apgyvendinimu socialinio darbo veikla",
        "evrk_group_code": "889",
        "evrk_group_title": "Kita, nesusijusi su apgyvendinimu, socialinio darbo veikla",
        "evrk_class_code": "8890",
        "evrk_class_title": "Kita, nesusijusi su apgyvendinimu, socialinio darbo veikla",
        "evrk_subclass_code": "889000",
        "evrk_subclass_title": "Kita, nesusijusi su apgyvendinimu, socialinio darbo veikla",
        "object_id": 784
      }
    },
    {
      "type": "Feature",
      "id": 785,
      "geometry": null,
      "properties": {
        "evrk_section_code": "Q",
        "evrk_section_title": "Žmonių sveikatos priežiūra ir socialinis darbas",
        "evrk_chapter_code": "88",
        "evrk_chapter_title": "Nesusijusio su apgyvendinimu socialinio darbo veikla",
        "evrk_group_code": "889",
        "evrk_group_title": "Kita, nesusijusi su apgyvendinimu, socialinio darbo veikla",
        "evrk_class_code": "8891",
        "evrk_class_title": "Vaikų dienos priežiūros veikla",
        "evrk_subclass_code": "889100",
        "evrk_subclass_title": "Vaikų dienos priežiūros veikla",
        "object_id": 785
      }
    },
    {
      "type": "Feature",
      "id": 786,
      "geometry": null,
      "properties": {
        "evrk_section_code": "R",
        "evrk_section_title": "Meninė, pramoginė ir poilsio organizavimo veikla",
        "evrk_chapter_code": "91",
        "evrk_chapter_title": "Bibliotekų, archyvų, muziejų ir kita kultūrinė veikla",
        "evrk_group_code": "910",
        "evrk_group_title": "Bibliotekų, archyvų, muziejų ir kita kultūrinė veikla",
        "evrk_class_code": "9100",
        "evrk_class_title": "Bibliotekų, archyvų, muziejų ir kita kultūrinė veikla",
        "evrk_subclass_code": "910000",
        "evrk_subclass_title": "Bibliotekų, archyvų, muziejų ir kita kultūrinė veikla",
        "object_id": 786
      }
    },
    {
      "type": "Feature",
      "id": 787,
      "geometry": null,
      "properties": {
        "evrk_section_code": "R",
        "evrk_section_title": "Meninė, pramoginė ir poilsio organizavimo veikla",
        "evrk_chapter_code": "91",
        "evrk_chapter_title": "Bibliotekų, archyvų, muziejų ir kita kultūrinė veikla",
        "evrk_group_code": "910",
        "evrk_group_title": "Bibliotekų, archyvų, muziejų ir kita kultūrinė veikla",
        "evrk_class_code": "9101",
        "evrk_class_title": "Bibliotekų ir archyvų veikla",
        "evrk_subclass_code": "910100",
        "evrk_subclass_title": "Bibliotekų ir archyvų veikla",
        "object_id": 787
      }
    },
    {
      "type": "Feature",
      "id": 788,
      "geometry": null,
      "properties": {
        "evrk_section_code": "R",
        "evrk_section_title": "Meninė, pramoginė ir poilsio organizavimo veikla",
        "evrk_chapter_code": "91",
        "evrk_chapter_title": "Bibliotekų, archyvų, muziejų ir kita kultūrinė veikla",
        "evrk_group_code": "910",
        "evrk_group_title": "Bibliotekų, archyvų, muziejų ir kita kultūrinė veikla",
        "evrk_class_code": "9102",
        "evrk_class_title": "Muziejų veikla",
        "evrk_subclass_code": "910200",
        "evrk_subclass_title": "Muziejų veikla",
        "object_id": 788
      }
    },
    {
      "type": "Feature",
      "id": 789,
      "geometry": null,
      "properties": {
        "evrk_section_code": "R",
        "evrk_section_title": "Meninė, pramoginė ir poilsio organizavimo veikla",
        "evrk_chapter_code": "91",
        "evrk_chapter_title": "Bibliotekų, archyvų, muziejų ir kita kultūrinė veikla",
        "evrk_group_code": "910",
        "evrk_group_title": "Bibliotekų, archyvų, muziejų ir kita kultūrinė veikla",
        "evrk_class_code": "9104",
        "evrk_class_title": "Botanikos ir zoologijos sodų bei gamtos rezervatų veikla",
        "evrk_subclass_code": "910430",
        "evrk_subclass_title": "Gamtos rezervatų ir draustinių veikla",
        "object_id": 789
      }
    },
    {
      "type": "Feature",
      "id": 790,
      "geometry": null,
      "properties": {
        "evrk_section_code": "R",
        "evrk_section_title": "Meninė, pramoginė ir poilsio organizavimo veikla",
        "evrk_chapter_code": "92",
        "evrk_chapter_title": "Azartinių žaidimų ir lažybų organizavimo veikla",
        "evrk_group_code": "920",
        "evrk_group_title": "Azartinių žaidimų ir lažybų organizavimo veikla",
        "evrk_class_code": "9200",
        "evrk_class_title": "Azartinių žaidimų ir lažybų organizavimo veikla",
        "evrk_subclass_code": "920010",
        "evrk_subclass_title": "Loterijų organizavimo veikla",
        "object_id": 790
      }
    },
    {
      "type": "Feature",
      "id": 791,
      "geometry": null,
      "properties": {
        "evrk_section_code": "R",
        "evrk_section_title": "Meninė, pramoginė ir poilsio organizavimo veikla",
        "evrk_chapter_code": "93",
        "evrk_chapter_title": "Sportinė veikla, pramogų ir poilsio organizavimo veikla",
        "evrk_group_code": "931",
        "evrk_group_title": "Sportinė veikla",
        "evrk_class_code": "9312",
        "evrk_class_title": "Sporto klubų veikla",
        "evrk_subclass_code": "931200",
        "evrk_subclass_title": "Sporto klubų veikla",
        "object_id": 791
      }
    },
    {
      "type": "Feature",
      "id": 792,
      "geometry": null,
      "properties": {
        "evrk_section_code": "S",
        "evrk_section_title": "Kita aptarnavimo veikla",
        "evrk_chapter_code": "94",
        "evrk_chapter_title": "Narystės organizacijų veikla",
        "evrk_group_code": "941",
        "evrk_group_title": "Verslininkų, darbdavių ir profesinių narystės organizacijų veikla",
        "evrk_class_code": "9410",
        "evrk_class_title": "Verslininkų, darbdavių ir profesinių narystės organizacijų veikla",
        "evrk_subclass_code": "941000",
        "evrk_subclass_title": "Verslininkų, darbdavių ir profesinių narystės organizacijų veikla",
        "object_id": 792
      }
    },
    {
      "type": "Feature",
      "id": 793,
      "geometry": null,
      "properties": {
        "evrk_section_code": "S",
        "evrk_section_title": "Kita aptarnavimo veikla",
        "evrk_chapter_code": "94",
        "evrk_chapter_title": "Narystės organizacijų veikla",
        "evrk_group_code": "941",
        "evrk_group_title": "Verslininkų, darbdavių ir profesinių narystės organizacijų veikla",
        "evrk_class_code": "9412",
        "evrk_class_title": "Profesinių narystės organizacijų veikla",
        "evrk_subclass_code": "941200",
        "evrk_subclass_title": "Profesinių narystės organizacijų veikla",
        "object_id": 793
      }
    },
    {
      "type": "Feature",
      "id": 794,
      "geometry": null,
      "properties": {
        "evrk_section_code": "S",
        "evrk_section_title": "Kita aptarnavimo veikla",
        "evrk_chapter_code": "94",
        "evrk_chapter_title": "Narystės organizacijų veikla",
        "evrk_group_code": "949",
        "evrk_group_title": "Kitų narystės organizacijų veikla",
        "evrk_class_code": "9492",
        "evrk_class_title": "Politinių organizacijų veikla",
        "evrk_subclass_code": "949200",
        "evrk_subclass_title": "Politinių organizacijų veikla",
        "object_id": 794
      }
    },
    {
      "type": "Feature",
      "id": 795,
      "geometry": null,
      "properties": {
        "evrk_section_code": "S",
        "evrk_section_title": "Kita aptarnavimo veikla",
        "evrk_chapter_code": "95",
        "evrk_chapter_title": "Kompiuterių ir asmeninių bei namų ūkio reikmenų taisymas",
        "evrk_group_code": "952",
        "evrk_group_title": "Asmeninių ir namų ūkio reikmenų taisymas",
        "evrk_class_code": "9520",
        "evrk_class_title": "Asmeninių ir namų ūkio reikmenų taisymas",
        "evrk_subclass_code": "952000",
        "evrk_subclass_title": "Asmeninių ir namų ūkio reikmenų taisymas",
        "object_id": 795
      }
    },
    {
      "type": "Feature",
      "id": 796,
      "geometry": null,
      "properties": {
        "evrk_section_code": "S",
        "evrk_section_title": "Kita aptarnavimo veikla",
        "evrk_chapter_code": "95",
        "evrk_chapter_title": "Kompiuterių ir asmeninių bei namų ūkio reikmenų taisymas",
        "evrk_group_code": "952",
        "evrk_group_title": "Asmeninių ir namų ūkio reikmenų taisymas",
        "evrk_class_code": "9529",
        "evrk_class_title": "Kitų asmeninių ir namų ūkio reikmenų taisymas",
        "evrk_subclass_code": "952900",
        "evrk_subclass_title": "Kitų asmeninių ir namų ūkio reikmenų taisymas",
        "object_id": 796
      }
    },
    {
      "type": "Feature",
      "id": 797,
      "geometry": null,
      "properties": {
        "evrk_section_code": "S",
        "evrk_section_title": "Kita aptarnavimo veikla",
        "evrk_chapter_code": "96",
        "evrk_chapter_title": "Kita asmenų aptarnavimo veikla",
        "evrk_group_code": "960",
        "evrk_group_title": "Kita asmenų aptarnavimo veikla",
        "evrk_class_code": "9600",
        "evrk_class_title": "Kita asmenų aptarnavimo veikla",
        "evrk_subclass_code": "960000",
        "evrk_subclass_title": "Kita asmenų aptarnavimo veikla",
        "object_id": 797
      }
    },
    {
      "type": "Feature",
      "id": 798,
      "geometry": null,
      "properties": {
        "evrk_section_code": "S",
        "evrk_section_title": "Kita aptarnavimo veikla",
        "evrk_chapter_code": "96",
        "evrk_chapter_title": "Kita asmenų aptarnavimo veikla",
        "evrk_group_code": "960",
        "evrk_group_title": "Kita asmenų aptarnavimo veikla",
        "evrk_class_code": "9602",
        "evrk_class_title": "Kirpyklų ir kitų grožio salonų veikla",
        "evrk_subclass_code": "960200",
        "evrk_subclass_title": "Kirpyklų ir kitų grožio salonų veikla",
        "object_id": 798
      }
    },
    {
      "type": "Feature",
      "id": 799,
      "geometry": null,
      "properties": {
        "evrk_section_code": "S",
        "evrk_section_title": "Kita aptarnavimo veikla",
        "evrk_chapter_code": "96",
        "evrk_chapter_title": "Kita asmenų aptarnavimo veikla",
        "evrk_group_code": "960",
        "evrk_group_title": "Kita asmenų aptarnavimo veikla",
        "evrk_class_code": "9603",
        "evrk_class_title": "Laidotuvių ir su jomis susijusi veikla",
        "evrk_subclass_code": "960300",
        "evrk_subclass_title": "Laidotuvių ir su jomis susijusi veikla",
        "object_id": 799
      }
    },
    {
      "type": "Feature",
      "id": 800,
      "geometry": null,
      "properties": {
        "evrk_section_code": "T",
        "evrk_section_title": "Namų ūkių, samdančių darbininkus, veikla; namų ūkių veikla, susijusi su savoms reikmėms tenkinti skirtų nediferencijuojamų gaminių gamyba ir paslaugų teikimu",
        "evrk_chapter_code": "98",
        "evrk_chapter_title": "Privačių namų ūkių veikla, susijusi su savoms reikmėms tenkinti skirtų nediferencijuojamų gaminių gamyba ir paslaugų teikimu",
        "evrk_group_code": "982",
        "evrk_group_title": "Privačių namų ūkių veikla, susijusi su savoms reikmėms tenkinti skirtų nediferencijuojamų paslaugų teikimu",
        "evrk_class_code": "9820",
        "evrk_class_title": "Privačių namų ūkių veikla, susijusi su savoms reikmėms tenkinti skirtų nediferencijuojamų paslaugų teikimu",
        "evrk_subclass_code": "982000",
        "evrk_subclass_title": "Privačių namų ūkių veikla, susijusi su savoms reikmėms tenkinti skirtų nediferencijuojamų paslaugų teikimu",
        "object_id": 800
      }
    },
    {
      "type": "Feature",
      "id": 801,
      "geometry": null,
      "properties": {
        "evrk_section_code": "A",
        "evrk_section_title": "Žemės ūkis, miškininkystė ir žuvininkystė",
        "evrk_chapter_code": "01",
        "evrk_chapter_title": "Augalininkystė ir gyvulininkystė, medžioklė ir susijusių paslaugų veikla",
        "evrk_group_code": "011",
        "evrk_group_title": "Vienmečių augalų auginimas",
        "evrk_class_code": "0111",
        "evrk_class_title": "Grūdinių (išskyrus ryžius), ankštinių ir aliejingų sėklų augalų auginimas",
        "evrk_subclass_code": "011100",
        "evrk_subclass_title": "Grūdinių (išskyrus ryžius), ankštinių ir aliejingų sėklų augalų auginimas",
        "object_id": 801
      }
    },
    {
      "type": "Feature",
      "id": 802,
      "geometry": null,
      "properties": {
        "evrk_section_code": "A",
        "evrk_section_title": "Žemės ūkis, miškininkystė ir žuvininkystė",
        "evrk_chapter_code": "01",
        "evrk_chapter_title": "Augalininkystė ir gyvulininkystė, medžioklė ir susijusių paslaugų veikla",
        "evrk_group_code": "011",
        "evrk_group_title": "Vienmečių augalų auginimas",
        "evrk_class_code": "0113",
        "evrk_class_title": "Daržovių ir melionų, šakniavaisių ir gumbavaisių auginimas",
        "evrk_subclass_code": "011320",
        "evrk_subclass_title": "Cukrinių runkelių auginimas",
        "object_id": 802
      }
    },
    {
      "type": "Feature",
      "id": 803,
      "geometry": null,
      "properties": {
        "evrk_section_code": "A",
        "evrk_section_title": "Žemės ūkis, miškininkystė ir žuvininkystė",
        "evrk_chapter_code": "01",
        "evrk_chapter_title": "Augalininkystė ir gyvulininkystė, medžioklė ir susijusių paslaugų veikla",
        "evrk_group_code": "011",
        "evrk_group_title": "Vienmečių augalų auginimas",
        "evrk_class_code": "0113",
        "evrk_class_title": "Daržovių ir melionų, šakniavaisių ir gumbavaisių auginimas",
        "evrk_subclass_code": "011330",
        "evrk_subclass_title": "Daržovių auginimas atvirame grunte",
        "object_id": 803
      }
    },
    {
      "type": "Feature",
      "id": 804,
      "geometry": null,
      "properties": {
        "evrk_section_code": "A",
        "evrk_section_title": "Žemės ūkis, miškininkystė ir žuvininkystė",
        "evrk_chapter_code": "01",
        "evrk_chapter_title": "Augalininkystė ir gyvulininkystė, medžioklė ir susijusių paslaugų veikla",
        "evrk_group_code": "011",
        "evrk_group_title": "Vienmečių augalų auginimas",
        "evrk_class_code": "0114",
        "evrk_class_title": "Cukranendrių auginimas",
        "evrk_subclass_code": "011400",
        "evrk_subclass_title": "Cukranendrių auginimas",
        "object_id": 804
      }
    },
    {
      "type": "Feature",
      "id": 805,
      "geometry": null,
      "properties": {
        "evrk_section_code": "A",
        "evrk_section_title": "Žemės ūkis, miškininkystė ir žuvininkystė",
        "evrk_chapter_code": "01",
        "evrk_chapter_title": "Augalininkystė ir gyvulininkystė, medžioklė ir susijusių paslaugų veikla",
        "evrk_group_code": "012",
        "evrk_group_title": "Daugiamečių augalų auginimas",
        "evrk_class_code": "0122",
        "evrk_class_title": "Tropinių ir subtropinių vaisių ir uogų auginimas",
        "evrk_subclass_code": "012200",
        "evrk_subclass_title": "Tropinių ir subtropinių vaisių ir uogų auginimas",
        "object_id": 805
      }
    },
    {
      "type": "Feature",
      "id": 806,
      "geometry": null,
      "properties": {
        "evrk_section_code": "A",
        "evrk_section_title": "Žemės ūkis, miškininkystė ir žuvininkystė",
        "evrk_chapter_code": "01",
        "evrk_chapter_title": "Augalininkystė ir gyvulininkystė, medžioklė ir susijusių paslaugų veikla",
        "evrk_group_code": "012",
        "evrk_group_title": "Daugiamečių augalų auginimas",
        "evrk_class_code": "0124",
        "evrk_class_title": "Sėklavaisių ir kaulavaisių auginimas",
        "evrk_subclass_code": "012400",
        "evrk_subclass_title": "Sėklavaisių ir kaulavaisių auginimas",
        "object_id": 806
      }
    },
    {
      "type": "Feature",
      "id": 807,
      "geometry": null,
      "properties": {
        "evrk_section_code": "A",
        "evrk_section_title": "Žemės ūkis, miškininkystė ir žuvininkystė",
        "evrk_chapter_code": "01",
        "evrk_chapter_title": "Augalininkystė ir gyvulininkystė, medžioklė ir susijusių paslaugų veikla",
        "evrk_group_code": "012",
        "evrk_group_title": "Daugiamečių augalų auginimas",
        "evrk_class_code": "0126",
        "evrk_class_title": "Aliejinių augalų vaisių ir uogų auginimas",
        "evrk_subclass_code": "012600",
        "evrk_subclass_title": "Aliejinių augalų vaisių ir uogų auginimas",
        "object_id": 807
      }
    },
    {
      "type": "Feature",
      "id": 808,
      "geometry": null,
      "properties": {
        "evrk_section_code": "A",
        "evrk_section_title": "Žemės ūkis, miškininkystė ir žuvininkystė",
        "evrk_chapter_code": "01",
        "evrk_chapter_title": "Augalininkystė ir gyvulininkystė, medžioklė ir susijusių paslaugų veikla",
        "evrk_group_code": "014",
        "evrk_group_title": "Gyvulininkystė",
        "evrk_class_code": "0140",
        "evrk_class_title": "Gyvulininkystė",
        "evrk_subclass_code": "014000",
        "evrk_subclass_title": "Gyvulininkystė",
        "object_id": 808
      }
    },
    {
      "type": "Feature",
      "id": 809,
      "geometry": null,
      "properties": {
        "evrk_section_code": "A",
        "evrk_section_title": "Žemės ūkis, miškininkystė ir žuvininkystė",
        "evrk_chapter_code": "01",
        "evrk_chapter_title": "Augalininkystė ir gyvulininkystė, medžioklė ir susijusių paslaugų veikla",
        "evrk_group_code": "014",
        "evrk_group_title": "Gyvulininkystė",
        "evrk_class_code": "0142",
        "evrk_class_title": "Kitų galvijų ir buivolų auginimas",
        "evrk_subclass_code": "014230",
        "evrk_subclass_title": "Veislinių bulių auginimas",
        "object_id": 809
      }
    },
    {
      "type": "Feature",
      "id": 810,
      "geometry": null,
      "properties": {
        "evrk_section_code": "A",
        "evrk_section_title": "Žemės ūkis, miškininkystė ir žuvininkystė",
        "evrk_chapter_code": "01",
        "evrk_chapter_title": "Augalininkystė ir gyvulininkystė, medžioklė ir susijusių paslaugų veikla",
        "evrk_group_code": "014",
        "evrk_group_title": "Gyvulininkystė",
        "evrk_class_code": "0143",
        "evrk_class_title": "Arklių ir kitų kanopinių gyvūnų auginimas",
        "evrk_subclass_code": "014300",
        "evrk_subclass_title": "Arklių ir kitų kanopinių gyvūnų auginimas",
        "object_id": 810
      }
    },
    {
      "type": "Feature",
      "id": 811,
      "geometry": null,
      "properties": {
        "evrk_section_code": "A",
        "evrk_section_title": "Žemės ūkis, miškininkystė ir žuvininkystė",
        "evrk_chapter_code": "01",
        "evrk_chapter_title": "Augalininkystė ir gyvulininkystė, medžioklė ir susijusių paslaugų veikla",
        "evrk_group_code": "014",
        "evrk_group_title": "Gyvulininkystė",
        "evrk_class_code": "0145",
        "evrk_class_title": "Avių ir ožkų auginimas",
        "evrk_subclass_code": "014500",
        "evrk_subclass_title": "Avių ir ožkų auginimas",
        "object_id": 811
      }
    },
    {
      "type": "Feature",
      "id": 812,
      "geometry": null,
      "properties": {
        "evrk_section_code": "A",
        "evrk_section_title": "Žemės ūkis, miškininkystė ir žuvininkystė",
        "evrk_chapter_code": "01",
        "evrk_chapter_title": "Augalininkystė ir gyvulininkystė, medžioklė ir susijusių paslaugų veikla",
        "evrk_group_code": "014",
        "evrk_group_title": "Gyvulininkystė",
        "evrk_class_code": "0146",
        "evrk_class_title": "Kiaulių auginimas",
        "evrk_subclass_code": "014600",
        "evrk_subclass_title": "Kiaulių auginimas",
        "object_id": 812
      }
    },
    {
      "type": "Feature",
      "id": 813,
      "geometry": null,
      "properties": {
        "evrk_section_code": "A",
        "evrk_section_title": "Žemės ūkis, miškininkystė ir žuvininkystė",
        "evrk_chapter_code": "01",
        "evrk_chapter_title": "Augalininkystė ir gyvulininkystė, medžioklė ir susijusių paslaugų veikla",
        "evrk_group_code": "014",
        "evrk_group_title": "Gyvulininkystė",
        "evrk_class_code": "0147",
        "evrk_class_title": "Naminių paukščių auginimas",
        "evrk_subclass_code": "014720",
        "evrk_subclass_title": "Veislinių naminių paukščių auginimas",
        "object_id": 813
      }
    },
    {
      "type": "Feature",
      "id": 814,
      "geometry": null,
      "properties": {
        "evrk_section_code": "A",
        "evrk_section_title": "Žemės ūkis, miškininkystė ir žuvininkystė",
        "evrk_chapter_code": "01",
        "evrk_chapter_title": "Augalininkystė ir gyvulininkystė, medžioklė ir susijusių paslaugų veikla",
        "evrk_group_code": "014",
        "evrk_group_title": "Gyvulininkystė",
        "evrk_class_code": "0149",
        "evrk_class_title": "Kitų gyvūnų auginimas",
        "evrk_subclass_code": "014930",
        "evrk_subclass_title": "Vynuoginių sraigių ir sliekų auginimas",
        "object_id": 814
      }
    },
    {
      "type": "Feature",
      "id": 815,
      "geometry": null,
      "properties": {
        "evrk_section_code": "A",
        "evrk_section_title": "Žemės ūkis, miškininkystė ir žuvininkystė",
        "evrk_chapter_code": "01",
        "evrk_chapter_title": "Augalininkystė ir gyvulininkystė, medžioklė ir susijusių paslaugų veikla",
        "evrk_group_code": "016",
        "evrk_group_title": "Žemės ūkiui būdingų paslaugų ir derliaus apdorojimo veikla",
        "evrk_class_code": "0161",
        "evrk_class_title": "Augalininkystei būdingų paslaugų veikla",
        "evrk_subclass_code": "016110",
        "evrk_subclass_title": "Augalų apsaugos nuo ligų, kenkėjų ir piktžolių žemės ūkio paslaugų veikla",
        "object_id": 815
      }
    },
    {
      "type": "Feature",
      "id": 816,
      "geometry": null,
      "properties": {
        "evrk_section_code": "A",
        "evrk_section_title": "Žemės ūkis, miškininkystė ir žuvininkystė",
        "evrk_chapter_code": "01",
        "evrk_chapter_title": "Augalininkystė ir gyvulininkystė, medžioklė ir susijusių paslaugų veikla",
        "evrk_group_code": "016",
        "evrk_group_title": "Žemės ūkiui būdingų paslaugų ir derliaus apdorojimo veikla",
        "evrk_class_code": "0162",
        "evrk_class_title": "Gyvulininkystei būdingų paslaugų veikla",
        "evrk_subclass_code": "016210",
        "evrk_subclass_title": "Dirbtinio apsėklinimo veikla",
        "object_id": 816
      }
    },
    {
      "type": "Feature",
      "id": 817,
      "geometry": null,
      "properties": {
        "evrk_section_code": "A",
        "evrk_section_title": "Žemės ūkis, miškininkystė ir žuvininkystė",
        "evrk_chapter_code": "01",
        "evrk_chapter_title": "Augalininkystė ir gyvulininkystė, medžioklė ir susijusių paslaugų veikla",
        "evrk_group_code": "016",
        "evrk_group_title": "Žemės ūkiui būdingų paslaugų ir derliaus apdorojimo veikla",
        "evrk_class_code": "0163",
        "evrk_class_title": "Derliaus apdorojimo veikla",
        "evrk_subclass_code": "016300",
        "evrk_subclass_title": "Derliaus apdorojimo veikla",
        "object_id": 817
      }
    },
    {
      "type": "Feature",
      "id": 818,
      "geometry": null,
      "properties": {
        "evrk_section_code": "A",
        "evrk_section_title": "Žemės ūkis, miškininkystė ir žuvininkystė",
        "evrk_chapter_code": "02",
        "evrk_chapter_title": "Miškininkystė ir medienos ruoša",
        "evrk_group_code": "022",
        "evrk_group_title": "Medienos ruoša",
        "evrk_class_code": "0220",
        "evrk_class_title": "Medienos ruoša",
        "evrk_subclass_code": "022000",
        "evrk_subclass_title": "Medienos ruoša",
        "object_id": 818
      }
    },
    {
      "type": "Feature",
      "id": 819,
      "geometry": null,
      "properties": {
        "evrk_section_code": "A",
        "evrk_section_title": "Žemės ūkis, miškininkystė ir žuvininkystė",
        "evrk_chapter_code": "02",
        "evrk_chapter_title": "Miškininkystė ir medienos ruoša",
        "evrk_group_code": "023",
        "evrk_group_title": "Laukinių nemedieninių produktų rinkimas",
        "evrk_class_code": "0230",
        "evrk_class_title": "Laukinių nemedieninių medžių produktų rinkimas",
        "evrk_subclass_code": "023020",
        "evrk_subclass_title": "Riešutų ir miško uogų rinkimas",
        "object_id": 819
      }
    },
    {
      "type": "Feature",
      "id": 820,
      "geometry": null,
      "properties": {
        "evrk_section_code": "B",
        "evrk_section_title": "Kasyba ir karjerų eksploatavimas",
        "evrk_chapter_code": "05",
        "evrk_chapter_title": "Akmens anglių ir rusvųjų anglių kasyba",
        "evrk_group_code": "050",
        "evrk_group_title": "Akmens anglių ir rusvųjų anglių kasyba",
        "evrk_class_code": "0500",
        "evrk_class_title": "Akmens anglių ir rusvųjų anglių kasyba",
        "evrk_subclass_code": "050000",
        "evrk_subclass_title": "Akmens anglių ir rusvųjų anglių kasyba",
        "object_id": 820
      }
    },
    {
      "type": "Feature",
      "id": 821,
      "geometry": null,
      "properties": {
        "evrk_section_code": "B",
        "evrk_section_title": "Kasyba ir karjerų eksploatavimas",
        "evrk_chapter_code": "05",
        "evrk_chapter_title": "Akmens anglių ir rusvųjų anglių kasyba",
        "evrk_group_code": "052",
        "evrk_group_title": "Rusvųjų anglių kasyba",
        "evrk_class_code": "0520",
        "evrk_class_title": "Rusvųjų anglių kasyba",
        "evrk_subclass_code": "052000",
        "evrk_subclass_title": "Rusvųjų anglių kasyba",
        "object_id": 821
      }
    },
    {
      "type": "Feature",
      "id": 822,
      "geometry": null,
      "properties": {
        "evrk_section_code": "B",
        "evrk_section_title": "Kasyba ir karjerų eksploatavimas",
        "evrk_chapter_code": "06",
        "evrk_chapter_title": "Žalios naftos ir gamtinių dujų gavyba",
        "evrk_group_code": "060",
        "evrk_group_title": "Žalios naftos ir gamtinių dujų gavyba",
        "evrk_class_code": "0600",
        "evrk_class_title": "Žalios naftos ir gamtinių dujų gavyba",
        "evrk_subclass_code": "060000",
        "evrk_subclass_title": "Žalios naftos ir gamtinių dujų gavyba",
        "object_id": 822
      }
    },
    {
      "type": "Feature",
      "id": 823,
      "geometry": null,
      "properties": {
        "evrk_section_code": "B",
        "evrk_section_title": "Kasyba ir karjerų eksploatavimas",
        "evrk_chapter_code": "06",
        "evrk_chapter_title": "Žalios naftos ir gamtinių dujų gavyba",
        "evrk_group_code": "062",
        "evrk_group_title": "Gamtinių dujų gavyba",
        "evrk_class_code": "0620",
        "evrk_class_title": "Gamtinių dujų gavyba",
        "evrk_subclass_code": "062000",
        "evrk_subclass_title": "Gamtinių dujų gavyba",
        "object_id": 823
      }
    },
    {
      "type": "Feature",
      "id": 824,
      "geometry": null,
      "properties": {
        "evrk_section_code": "B",
        "evrk_section_title": "Kasyba ir karjerų eksploatavimas",
        "evrk_chapter_code": "07",
        "evrk_chapter_title": "Metalų rūdų kasyba",
        "evrk_group_code": "071",
        "evrk_group_title": "Geležies rūdų kasyba",
        "evrk_class_code": "0710",
        "evrk_class_title": "Geležies rūdų kasyba",
        "evrk_subclass_code": "071000",
        "evrk_subclass_title": "Geležies rūdų kasyba",
        "object_id": 824
      }
    },
    {
      "type": "Feature",
      "id": 825,
      "geometry": null,
      "properties": {
        "evrk_section_code": "B",
        "evrk_section_title": "Kasyba ir karjerų eksploatavimas",
        "evrk_chapter_code": "07",
        "evrk_chapter_title": "Metalų rūdų kasyba",
        "evrk_group_code": "072",
        "evrk_group_title": "Spalvotųjų metalų rūdų kasyba",
        "evrk_class_code": "0721",
        "evrk_class_title": "Urano ir torio rūdų kasyba",
        "evrk_subclass_code": "072100",
        "evrk_subclass_title": "Urano ir torio rūdų kasyba",
        "object_id": 825
      }
    },
    {
      "type": "Feature",
      "id": 826,
      "geometry": null,
      "properties": {
        "evrk_section_code": "B",
        "evrk_section_title": "Kasyba ir karjerų eksploatavimas",
        "evrk_chapter_code": "08",
        "evrk_chapter_title": "Kita kasyba ir karjerų eksploatavimas",
        "evrk_group_code": "089",
        "evrk_group_title": "Niekur kitur nepriskirta kasyba ir karjerų eksploatavimas",
        "evrk_class_code": "0891",
        "evrk_class_title": "Mineralinių iškasenų chemijos pramonei ir trąšoms gaminti kasyba",
        "evrk_subclass_code": "089100",
        "evrk_subclass_title": "Mineralinių iškasenų chemijos pramonei ir trąšoms gaminti kasyba",
        "object_id": 826
      }
    },
    {
      "type": "Feature",
      "id": 827,
      "geometry": null,
      "properties": {
        "evrk_section_code": "B",
        "evrk_section_title": "Kasyba ir karjerų eksploatavimas",
        "evrk_chapter_code": "08",
        "evrk_chapter_title": "Kita kasyba ir karjerų eksploatavimas",
        "evrk_group_code": "089",
        "evrk_group_title": "Niekur kitur nepriskirta kasyba ir karjerų eksploatavimas",
        "evrk_class_code": "0892",
        "evrk_class_title": "Durpių gavyba",
        "evrk_subclass_code": "089200",
        "evrk_subclass_title": "Durpių gavyba",
        "object_id": 827
      }
    },
    {
      "type": "Feature",
      "id": 828,
      "geometry": null,
      "properties": {
        "evrk_section_code": "B",
        "evrk_section_title": "Kasyba ir karjerų eksploatavimas",
        "evrk_chapter_code": "08",
        "evrk_chapter_title": "Kita kasyba ir karjerų eksploatavimas",
        "evrk_group_code": "089",
        "evrk_group_title": "Niekur kitur nepriskirta kasyba ir karjerų eksploatavimas",
        "evrk_class_code": "0899",
        "evrk_class_title": "Kita, niekur kitur nepriskirta, kasyba ir karjerų eksploatavimas",
        "evrk_subclass_code": "089900",
        "evrk_subclass_title": "Kita, niekur kitur nepriskirta, kasyba ir karjerų eksploatavimas",
        "object_id": 828
      }
    },
    {
      "type": "Feature",
      "id": 829,
      "geometry": null,
      "properties": {
        "evrk_section_code": "B",
        "evrk_section_title": "Kasyba ir karjerų eksploatavimas",
        "evrk_chapter_code": "09",
        "evrk_chapter_title": "Kasybai būdingų paslaugų veikla",
        "evrk_group_code": "090",
        "evrk_group_title": "Kasybai būdingų paslaugų veikla",
        "evrk_class_code": "0900",
        "evrk_class_title": "Kasybai būdingų paslaugų veikla",
        "evrk_subclass_code": "090000",
        "evrk_subclass_title": "Kasybai būdingų paslaugų veikla",
        "object_id": 829
      }
    },
    {
      "type": "Feature",
      "id": 830,
      "geometry": null,
      "properties": {
        "evrk_section_code": "C",
        "evrk_section_title": "Apdirbamoji gamyba",
        "evrk_chapter_code": "10",
        "evrk_chapter_title": "Maisto produktų gamyba",
        "evrk_group_code": "101",
        "evrk_group_title": "Mėsos perdirbimas ir konservavimas ir mėsos produktų gamyba",
        "evrk_class_code": "1010",
        "evrk_class_title": "Mėsos perdirbimas ir konservavimas ir mėsos produktų gamyba",
        "evrk_subclass_code": "101000",
        "evrk_subclass_title": "Mėsos perdirbimas ir konservavimas ir mėsos produktų gamyba",
        "object_id": 830
      }
    },
    {
      "type": "Feature",
      "id": 831,
      "geometry": null,
      "properties": {
        "evrk_section_code": "C",
        "evrk_section_title": "Apdirbamoji gamyba",
        "evrk_chapter_code": "10",
        "evrk_chapter_title": "Maisto produktų gamyba",
        "evrk_group_code": "101",
        "evrk_group_title": "Mėsos perdirbimas ir konservavimas ir mėsos produktų gamyba",
        "evrk_class_code": "1013",
        "evrk_class_title": "Mėsos ir paukštienos produktų gamyba",
        "evrk_subclass_code": "101300",
        "evrk_subclass_title": "Mėsos ir paukštienos produktų gamyba",
        "object_id": 831
      }
    },
    {
      "type": "Feature",
      "id": 832,
      "geometry": null,
      "properties": {
        "evrk_section_code": "C",
        "evrk_section_title": "Apdirbamoji gamyba",
        "evrk_chapter_code": "10",
        "evrk_chapter_title": "Maisto produktų gamyba",
        "evrk_group_code": "102",
        "evrk_group_title": "Žuvų, vėžiagyvių ir moliuskų perdirbimas ir konservavimas",
        "evrk_class_code": "1020",
        "evrk_class_title": "Žuvų, vėžiagyvių ir moliuskų perdirbimas ir konservavimas",
        "evrk_subclass_code": "102000",
        "evrk_subclass_title": "Žuvų, vėžiagyvių ir moliuskų perdirbimas ir konservavimas",
        "object_id": 832
      }
    },
    {
      "type": "Feature",
      "id": 833,
      "geometry": null,
      "properties": {
        "evrk_section_code": "C",
        "evrk_section_title": "Apdirbamoji gamyba",
        "evrk_chapter_code": "10",
        "evrk_chapter_title": "Maisto produktų gamyba",
        "evrk_group_code": "103",
        "evrk_group_title": "Vaisių ir daržovių perdirbimas ir konservavimas",
        "evrk_class_code": "1031",
        "evrk_class_title": "Bulvių perdirbimas ir konservavimas",
        "evrk_subclass_code": "103110",
        "evrk_subclass_title": "Bulvių miltų gamyba",
        "object_id": 833
      }
    },
    {
      "type": "Feature",
      "id": 834,
      "geometry": null,
      "properties": {
        "evrk_section_code": "C",
        "evrk_section_title": "Apdirbamoji gamyba",
        "evrk_chapter_code": "10",
        "evrk_chapter_title": "Maisto produktų gamyba",
        "evrk_group_code": "105",
        "evrk_group_title": "Pieno produktų gamyba",
        "evrk_class_code": "1052",
        "evrk_class_title": "Valgomųjų ledų gamyba",
        "evrk_subclass_code": "105200",
        "evrk_subclass_title": "Valgomųjų ledų gamyba",
        "object_id": 834
      }
    },
    {
      "type": "Feature",
      "id": 835,
      "geometry": null,
      "properties": {
        "evrk_section_code": "C",
        "evrk_section_title": "Apdirbamoji gamyba",
        "evrk_chapter_code": "10",
        "evrk_chapter_title": "Maisto produktų gamyba",
        "evrk_group_code": "106",
        "evrk_group_title": "Grūdų malimo produktų, krakmolo ir krakmolo produktų gamyba",
        "evrk_class_code": "1060",
        "evrk_class_title": "Grūdų malimo produktų, krakmolo ir krakmolo produktų gamyba",
        "evrk_subclass_code": "106000",
        "evrk_subclass_title": "Grūdų malimo produktų, krakmolo ir krakmolo produktų gamyba",
        "object_id": 835
      }
    },
    {
      "type": "Feature",
      "id": 836,
      "geometry": null,
      "properties": {
        "evrk_section_code": "C",
        "evrk_section_title": "Apdirbamoji gamyba",
        "evrk_chapter_code": "10",
        "evrk_chapter_title": "Maisto produktų gamyba",
        "evrk_group_code": "106",
        "evrk_group_title": "Grūdų malimo produktų, krakmolo ir krakmolo produktų gamyba",
        "evrk_class_code": "1061",
        "evrk_class_title": "Grūdų malimo produktų gamyba",
        "evrk_subclass_code": "106110",
        "evrk_subclass_title": "Miltų gamyba",
        "object_id": 836
      }
    },
    {
      "type": "Feature",
      "id": 837,
      "geometry": null,
      "properties": {
        "evrk_section_code": "C",
        "evrk_section_title": "Apdirbamoji gamyba",
        "evrk_chapter_code": "10",
        "evrk_chapter_title": "Maisto produktų gamyba",
        "evrk_group_code": "106",
        "evrk_group_title": "Grūdų malimo produktų, krakmolo ir krakmolo produktų gamyba",
        "evrk_class_code": "1062",
        "evrk_class_title": "Krakmolo ir krakmolo produktų gamyba",
        "evrk_subclass_code": "106200",
        "evrk_subclass_title": "Krakmolo ir krakmolo produktų gamyba",
        "object_id": 837
      }
    },
    {
      "type": "Feature",
      "id": 838,
      "geometry": null,
      "properties": {
        "evrk_section_code": "C",
        "evrk_section_title": "Apdirbamoji gamyba",
        "evrk_chapter_code": "10",
        "evrk_chapter_title": "Maisto produktų gamyba",
        "evrk_group_code": "107",
        "evrk_group_title": "Kepyklos ir miltinių produktų gamyba",
        "evrk_class_code": "1073",
        "evrk_class_title": "Makaronų, vermišelių, kuskuso ir panašių miltinių produktų gamyba",
        "evrk_subclass_code": "107300",
        "evrk_subclass_title": "Makaronų, vermišelių, kuskuso ir panašių miltinių produktų gamyba",
        "object_id": 838
      }
    },
    {
      "type": "Feature",
      "id": 839,
      "geometry": null,
      "properties": {
        "evrk_section_code": "C",
        "evrk_section_title": "Apdirbamoji gamyba",
        "evrk_chapter_code": "10",
        "evrk_chapter_title": "Maisto produktų gamyba",
        "evrk_group_code": "108",
        "evrk_group_title": "Kitų maisto produktų gamyba",
        "evrk_class_code": "1080",
        "evrk_class_title": "Kitų maisto produktų gamyba",
        "evrk_subclass_code": "108000",
        "evrk_subclass_title": "Kitų maisto produktų gamyba",
        "object_id": 839
      }
    },
    {
      "type": "Feature",
      "id": 840,
      "geometry": null,
      "properties": {
        "evrk_section_code": "C",
        "evrk_section_title": "Apdirbamoji gamyba",
        "evrk_chapter_code": "10",
        "evrk_chapter_title": "Maisto produktų gamyba",
        "evrk_group_code": "108",
        "evrk_group_title": "Kitų maisto produktų gamyba",
        "evrk_class_code": "1083",
        "evrk_class_title": "Arbatos ir kavos apdorojimas ir perdirbimas",
        "evrk_subclass_code": "108300",
        "evrk_subclass_title": "Arbatos ir kavos apdorojimas ir perdirbimas",
        "object_id": 840
      }
    },
    {
      "type": "Feature",
      "id": 841,
      "geometry": null,
      "properties": {
        "evrk_section_code": "C",
        "evrk_section_title": "Apdirbamoji gamyba",
        "evrk_chapter_code": "10",
        "evrk_chapter_title": "Maisto produktų gamyba",
        "evrk_group_code": "108",
        "evrk_group_title": "Kitų maisto produktų gamyba",
        "evrk_class_code": "1084",
        "evrk_class_title": "Užgardų ir pagardų gamyba",
        "evrk_subclass_code": "108400",
        "evrk_subclass_title": "Užgardų ir pagardų gamyba",
        "object_id": 841
      }
    },
    {
      "type": "Feature",
      "id": 842,
      "geometry": null,
      "properties": {
        "evrk_section_code": "C",
        "evrk_section_title": "Apdirbamoji gamyba",
        "evrk_chapter_code": "10",
        "evrk_chapter_title": "Maisto produktų gamyba",
        "evrk_group_code": "108",
        "evrk_group_title": "Kitų maisto produktų gamyba",
        "evrk_class_code": "1086",
        "evrk_class_title": "Homogenizuotų ir dietinių maisto produktų gamyba",
        "evrk_subclass_code": "108600",
        "evrk_subclass_title": "Homogenizuotų ir dietinių maisto produktų gamyba",
        "object_id": 842
      }
    },
    {
      "type": "Feature",
      "id": 843,
      "geometry": null,
      "properties": {
        "evrk_section_code": "C",
        "evrk_section_title": "Apdirbamoji gamyba",
        "evrk_chapter_code": "10",
        "evrk_chapter_title": "Maisto produktų gamyba",
        "evrk_group_code": "109",
        "evrk_group_title": "Paruoštų pašarų gyvuliams gamyba",
        "evrk_class_code": "1090",
        "evrk_class_title": "Paruoštų pašarų gyvuliams gamyba",
        "evrk_subclass_code": "109000",
        "evrk_subclass_title": "Paruoštų pašarų gyvuliams gamyba",
        "object_id": 843
      }
    },
    {
      "type": "Feature",
      "id": 844,
      "geometry": null,
      "properties": {
        "evrk_section_code": "C",
        "evrk_section_title": "Apdirbamoji gamyba",
        "evrk_chapter_code": "11",
        "evrk_chapter_title": "Gėrimų gamyba",
        "evrk_group_code": "110",
        "evrk_group_title": "Gėrimų gamyba",
        "evrk_class_code": "1107",
        "evrk_class_title": "Nealkoholinių gėrimų gamyba; mineralinio ir kito, pilstomo į butelius, vandens gamyba",
        "evrk_subclass_code": "110710",
        "evrk_subclass_title": "Nealkoholinių gėrimų gamyba",
        "object_id": 844
      }
    },
    {
      "type": "Feature",
      "id": 845,
      "geometry": null,
      "properties": {
        "evrk_section_code": "C",
        "evrk_section_title": "Apdirbamoji gamyba",
        "evrk_chapter_code": "13",
        "evrk_chapter_title": "Tekstilės gaminių gamyba",
        "evrk_group_code": "132",
        "evrk_group_title": "Tekstilės audimas",
        "evrk_class_code": "1320",
        "evrk_class_title": "Tekstilės audimas",
        "evrk_subclass_code": "132020",
        "evrk_subclass_title": "Sintetinių audinių audimas",
        "object_id": 845
      }
    },
    {
      "type": "Feature",
      "id": 846,
      "geometry": null,
      "properties": {
        "evrk_section_code": "C",
        "evrk_section_title": "Apdirbamoji gamyba",
        "evrk_chapter_code": "13",
        "evrk_chapter_title": "Tekstilės gaminių gamyba",
        "evrk_group_code": "139",
        "evrk_group_title": "Kitų tekstilės gaminių ir dirbinių gamyba",
        "evrk_class_code": "1392",
        "evrk_class_title": "Gatavų tekstilės dirbinių, išskyrus drabužius, gamyba",
        "evrk_subclass_code": "139200",
        "evrk_subclass_title": "Gatavų tekstilės dirbinių, išskyrus drabužius, gamyba",
        "object_id": 846
      }
    },
    {
      "type": "Feature",
      "id": 847,
      "geometry": null,
      "properties": {
        "evrk_section_code": "C",
        "evrk_section_title": "Apdirbamoji gamyba",
        "evrk_chapter_code": "13",
        "evrk_chapter_title": "Tekstilės gaminių gamyba",
        "evrk_group_code": "139",
        "evrk_group_title": "Kitų tekstilės gaminių ir dirbinių gamyba",
        "evrk_class_code": "1394",
        "evrk_class_title": "Virvių, lynų, virvelių ir tinklų gamyba",
        "evrk_subclass_code": "139400",
        "evrk_subclass_title": "Virvių, lynų, virvelių ir tinklų gamyba",
        "object_id": 847
      }
    },
    {
      "type": "Feature",
      "id": 848,
      "geometry": null,
      "properties": {
        "evrk_section_code": "C",
        "evrk_section_title": "Apdirbamoji gamyba",
        "evrk_chapter_code": "14",
        "evrk_chapter_title": "Drabužių siuvimas (gamyba)",
        "evrk_group_code": "140",
        "evrk_group_title": "Drabužių siuvimas (gamyba)",
        "evrk_class_code": "1400",
        "evrk_class_title": "Drabužių siuvimas (gamyba)",
        "evrk_subclass_code": "140000",
        "evrk_subclass_title": "Drabužių siuvimas (gamyba)",
        "object_id": 848
      }
    },
    {
      "type": "Feature",
      "id": 849,
      "geometry": null,
      "properties": {
        "evrk_section_code": "C",
        "evrk_section_title": "Apdirbamoji gamyba",
        "evrk_chapter_code": "14",
        "evrk_chapter_title": "Drabužių siuvimas (gamyba)",
        "evrk_group_code": "141",
        "evrk_group_title": "Drabužių, išskyrus kailinius drabužius, siuvimas (gamyba)",
        "evrk_class_code": "1412",
        "evrk_class_title": "Darbo drabužių siuvimas",
        "evrk_subclass_code": "141200",
        "evrk_subclass_title": "Darbo drabužių siuvimas",
        "object_id": 849
      }
    },
    {
      "type": "Feature",
      "id": 850,
      "geometry": null,
      "properties": {
        "evrk_section_code": "C",
        "evrk_section_title": "Apdirbamoji gamyba",
        "evrk_chapter_code": "14",
        "evrk_chapter_title": "Drabužių siuvimas (gamyba)",
        "evrk_group_code": "141",
        "evrk_group_title": "Drabužių, išskyrus kailinius drabužius, siuvimas (gamyba)",
        "evrk_class_code": "1419",
        "evrk_class_title": "Kitų drabužių siuvimas ir drabužių priedų gamyba",
        "evrk_subclass_code": "141920",
        "evrk_subclass_title": "Sportinės aprangos siuvimas",
        "object_id": 850
      }
    },
    {
      "type": "Feature",
      "id": 851,
      "geometry": null,
      "properties": {
        "evrk_section_code": "C",
        "evrk_section_title": "Apdirbamoji gamyba",
        "evrk_chapter_code": "14",
        "evrk_chapter_title": "Drabužių siuvimas (gamyba)",
        "evrk_group_code": "141",
        "evrk_group_title": "Drabužių, išskyrus kailinius drabužius, siuvimas (gamyba)",
        "evrk_class_code": "1419",
        "evrk_class_title": "Kitų drabužių siuvimas ir drabužių priedų gamyba",
        "evrk_subclass_code": "141930",
        "evrk_subclass_title": "Kailinių kepurių ir kitų galvos apdangalų gamyba",
        "object_id": 851
      }
    },
    {
      "type": "Feature",
      "id": 852,
      "geometry": null,
      "properties": {
        "evrk_section_code": "C",
        "evrk_section_title": "Apdirbamoji gamyba",
        "evrk_chapter_code": "15",
        "evrk_chapter_title": "Odos ir odos dirbinių gamyba",
        "evrk_group_code": "151",
        "evrk_group_title": "Odų rauginimas ir išdirbimas; lagaminų, rankinių, balno reikmenų ir pakinktų gamyba; kailių išdirbimas ir dažymas",
        "evrk_class_code": "1511",
        "evrk_class_title": "Odų rauginimas ir išdirbimas; kailių išdirbimas ir dažymas",
        "evrk_subclass_code": "151110",
        "evrk_subclass_title": "Odų rauginimas, naudojant augalines medžiagas",
        "object_id": 852
      }
    },
    {
      "type": "Feature",
      "id": 853,
      "geometry": null,
      "properties": {
        "evrk_section_code": "C",
        "evrk_section_title": "Apdirbamoji gamyba",
        "evrk_chapter_code": "15",
        "evrk_chapter_title": "Odos ir odos dirbinių gamyba",
        "evrk_group_code": "151",
        "evrk_group_title": "Odų rauginimas ir išdirbimas; lagaminų, rankinių, balno reikmenų ir pakinktų gamyba; kailių išdirbimas ir dažymas",
        "evrk_class_code": "1512",
        "evrk_class_title": "Lagaminų, rankinių ir panašių reikmenų, balno reikmenų ir pakinktų gamyba",
        "evrk_subclass_code": "151200",
        "evrk_subclass_title": "Lagaminų, rankinių ir panašių reikmenų, balno reikmenų ir pakinktų gamyba",
        "object_id": 853
      }
    },
    {
      "type": "Feature",
      "id": 854,
      "geometry": null,
      "properties": {
        "evrk_section_code": "C",
        "evrk_section_title": "Apdirbamoji gamyba",
        "evrk_chapter_code": "16",
        "evrk_chapter_title": "Medienos bei medienos ir kamštienos gaminių, išskyrus baldus, gamyba; gaminių iš šiaudų ir pynimo medžiagų gamyba",
        "evrk_group_code": "161",
        "evrk_group_title": "Medienos pjaustymas ir obliavimas",
        "evrk_class_code": "1610",
        "evrk_class_title": "Medienos pjaustymas ir obliavimas",
        "evrk_subclass_code": "161000",
        "evrk_subclass_title": "Medienos pjaustymas ir obliavimas",
        "object_id": 854
      }
    },
    {
      "type": "Feature",
      "id": 855,
      "geometry": null,
      "properties": {
        "evrk_section_code": "C",
        "evrk_section_title": "Apdirbamoji gamyba",
        "evrk_chapter_code": "16",
        "evrk_chapter_title": "Medienos bei medienos ir kamštienos gaminių, išskyrus baldus, gamyba; gaminių iš šiaudų ir pynimo medžiagų gamyba",
        "evrk_group_code": "162",
        "evrk_group_title": "Gaminių ir dirbinių iš medienos, kamštienos, šiaudų ir pynimo medžiagų gamyba",
        "evrk_class_code": "1623",
        "evrk_class_title": "Kitų statybinių dailidžių ir stalių dirbinių gamyba",
        "evrk_subclass_code": "162300",
        "evrk_subclass_title": "Kitų statybinių dailidžių ir stalių dirbinių gamyba",
        "object_id": 855
      }
    },
    {
      "type": "Feature",
      "id": 856,
      "geometry": null,
      "properties": {
        "evrk_section_code": "C",
        "evrk_section_title": "Apdirbamoji gamyba",
        "evrk_chapter_code": "16",
        "evrk_chapter_title": "Medienos bei medienos ir kamštienos gaminių, išskyrus baldus, gamyba; gaminių iš šiaudų ir pynimo medžiagų gamyba",
        "evrk_group_code": "162",
        "evrk_group_title": "Gaminių ir dirbinių iš medienos, kamštienos, šiaudų ir pynimo medžiagų gamyba",
        "evrk_class_code": "1624",
        "evrk_class_title": "Medinės taros gamyba",
        "evrk_subclass_code": "162400",
        "evrk_subclass_title": "Medinės taros gamyba",
        "object_id": 856
      }
    },
    {
      "type": "Feature",
      "id": 857,
      "geometry": null,
      "properties": {
        "evrk_section_code": "C",
        "evrk_section_title": "Apdirbamoji gamyba",
        "evrk_chapter_code": "17",
        "evrk_chapter_title": "Popieriaus ir popieriaus gaminių gamyba",
        "evrk_group_code": "170",
        "evrk_group_title": "Popieriaus ir popieriaus gaminių gamyba",
        "evrk_class_code": "1700",
        "evrk_class_title": "Popieriaus ir popieriaus gaminių gamyba",
        "evrk_subclass_code": "170000",
        "evrk_subclass_title": "Popieriaus ir popieriaus gaminių gamyba",
        "object_id": 857
      }
    },
    {
      "type": "Feature",
      "id": 858,
      "geometry": null,
      "properties": {
        "evrk_section_code": "C",
        "evrk_section_title": "Apdirbamoji gamyba",
        "evrk_chapter_code": "17",
        "evrk_chapter_title": "Popieriaus ir popieriaus gaminių gamyba",
        "evrk_group_code": "172",
        "evrk_group_title": "Popieriaus ir kartoninių gaminių gamyba",
        "evrk_class_code": "1722",
        "evrk_class_title": "Buitinių ir higienos reikmenų bei tualeto reikmenų gamyba",
        "evrk_subclass_code": "172200",
        "evrk_subclass_title": "Buitinių ir higienos reikmenų bei tualeto reikmenų gamyba",
        "object_id": 858
      }
    },
    {
      "type": "Feature",
      "id": 859,
      "geometry": null,
      "properties": {
        "evrk_section_code": "C",
        "evrk_section_title": "Apdirbamoji gamyba",
        "evrk_chapter_code": "17",
        "evrk_chapter_title": "Popieriaus ir popieriaus gaminių gamyba",
        "evrk_group_code": "172",
        "evrk_group_title": "Popieriaus ir kartoninių gaminių gamyba",
        "evrk_class_code": "1723",
        "evrk_class_title": "Popierinių raštinės reikmenų gamyba",
        "evrk_subclass_code": "172320",
        "evrk_subclass_title": "Vokų ir atvirukų gamyba",
        "object_id": 859
      }
    },
    {
      "type": "Feature",
      "id": 860,
      "geometry": null,
      "properties": {
        "evrk_section_code": "C",
        "evrk_section_title": "Apdirbamoji gamyba",
        "evrk_chapter_code": "17",
        "evrk_chapter_title": "Popieriaus ir popieriaus gaminių gamyba",
        "evrk_group_code": "172",
        "evrk_group_title": "Popieriaus ir kartoninių gaminių gamyba",
        "evrk_class_code": "1724",
        "evrk_class_title": "Sienų apmušalų (tapetų) gamyba",
        "evrk_subclass_code": "172400",
        "evrk_subclass_title": "Sienų apmušalų (tapetų) gamyba",
        "object_id": 860
      }
    },
    {
      "type": "Feature",
      "id": 861,
      "geometry": null,
      "properties": {
        "evrk_section_code": "C",
        "evrk_section_title": "Apdirbamoji gamyba",
        "evrk_chapter_code": "17",
        "evrk_chapter_title": "Popieriaus ir popieriaus gaminių gamyba",
        "evrk_group_code": "172",
        "evrk_group_title": "Popieriaus ir kartoninių gaminių gamyba",
        "evrk_class_code": "1729",
        "evrk_class_title": "Kitų popierinių ir kartoninių gaminių gamyba",
        "evrk_subclass_code": "172910",
        "evrk_subclass_title": "Filtravimo popieriaus gamyba",
        "object_id": 861
      }
    },
    {
      "type": "Feature",
      "id": 862,
      "geometry": null,
      "properties": {
        "evrk_section_code": "C",
        "evrk_section_title": "Apdirbamoji gamyba",
        "evrk_chapter_code": "18",
        "evrk_chapter_title": "Spausdinimas ir įrašytų laikmenų tiražavimas",
        "evrk_group_code": "180",
        "evrk_group_title": "Spausdinimas ir įrašytų laikmenų tiražavimas",
        "evrk_class_code": "1800",
        "evrk_class_title": "Spausdinimas ir įrašytų laikmenų tiražavimas",
        "evrk_subclass_code": "180000",
        "evrk_subclass_title": "Spausdinimas ir įrašytų laikmenų tiražavimas",
        "object_id": 862
      }
    },
    {
      "type": "Feature",
      "id": 863,
      "geometry": null,
      "properties": {
        "evrk_section_code": "C",
        "evrk_section_title": "Apdirbamoji gamyba",
        "evrk_chapter_code": "18",
        "evrk_chapter_title": "Spausdinimas ir įrašytų laikmenų tiražavimas",
        "evrk_group_code": "181",
        "evrk_group_title": "Spausdinimas ir su spausdinimu susijusios paslaugos",
        "evrk_class_code": "1811",
        "evrk_class_title": "Laikraščių spausdinimas",
        "evrk_subclass_code": "181100",
        "evrk_subclass_title": "Laikraščių spausdinimas",
        "object_id": 863
      }
    },
    {
      "type": "Feature",
      "id": 864,
      "geometry": null,
      "properties": {
        "evrk_section_code": "C",
        "evrk_section_title": "Apdirbamoji gamyba",
        "evrk_chapter_code": "18",
        "evrk_chapter_title": "Spausdinimas ir įrašytų laikmenų tiražavimas",
        "evrk_group_code": "181",
        "evrk_group_title": "Spausdinimas ir su spausdinimu susijusios paslaugos",
        "evrk_class_code": "1813",
        "evrk_class_title": "Parengiamoji spausdinimo ir žiniasklaidos veikla",
        "evrk_subclass_code": "181300",
        "evrk_subclass_title": "Parengiamoji spausdinimo ir žiniasklaidos veikla",
        "object_id": 864
      }
    },
    {
      "type": "Feature",
      "id": 865,
      "geometry": null,
      "properties": {
        "evrk_section_code": "C",
        "evrk_section_title": "Apdirbamoji gamyba",
        "evrk_chapter_code": "18",
        "evrk_chapter_title": "Spausdinimas ir įrašytų laikmenų tiražavimas",
        "evrk_group_code": "182",
        "evrk_group_title": "Įrašytų laikmenų tiražavimas",
        "evrk_class_code": "1820",
        "evrk_class_title": "Įrašytų laikmenų tiražavimas",
        "evrk_subclass_code": "182000",
        "evrk_subclass_title": "Įrašytų laikmenų tiražavimas",
        "object_id": 865
      }
    },
    {
      "type": "Feature",
      "id": 866,
      "geometry": null,
      "properties": {
        "evrk_section_code": "C",
        "evrk_section_title": "Apdirbamoji gamyba",
        "evrk_chapter_code": "19",
        "evrk_chapter_title": "Kokso ir rafinuotų naftos produktų gamyba",
        "evrk_group_code": "191",
        "evrk_group_title": "Koksavimo krosnių produktų gamyba",
        "evrk_class_code": "1910",
        "evrk_class_title": "Koksavimo krosnių produktų gamyba",
        "evrk_subclass_code": "191000",
        "evrk_subclass_title": "Koksavimo krosnių produktų gamyba",
        "object_id": 866
      }
    },
    {
      "type": "Feature",
      "id": 867,
      "geometry": null,
      "properties": {
        "evrk_section_code": "C",
        "evrk_section_title": "Apdirbamoji gamyba",
        "evrk_chapter_code": "19",
        "evrk_chapter_title": "Kokso ir rafinuotų naftos produktų gamyba",
        "evrk_group_code": "192",
        "evrk_group_title": "Rafinuotų naftos produktų gamyba",
        "evrk_class_code": "1920",
        "evrk_class_title": "Rafinuotų naftos produktų gamyba",
        "evrk_subclass_code": "192040",
        "evrk_subclass_title": "Naftos bitumo gamyba",
        "object_id": 867
      }
    },
    {
      "type": "Feature",
      "id": 868,
      "geometry": null,
      "properties": {
        "evrk_section_code": "C",
        "evrk_section_title": "Apdirbamoji gamyba",
        "evrk_chapter_code": "20",
        "evrk_chapter_title": "Chemikalų ir chemijos produktų gamyba",
        "evrk_group_code": "200",
        "evrk_group_title": "Chemikalų ir chemijos produktų gamyba",
        "evrk_class_code": "2000",
        "evrk_class_title": "Chemikalų ir chemijos produktų gamyba",
        "evrk_subclass_code": "200000",
        "evrk_subclass_title": "Chemikalų ir chemijos produktų gamyba",
        "object_id": 868
      }
    },
    {
      "type": "Feature",
      "id": 869,
      "geometry": null,
      "properties": {
        "evrk_section_code": "C",
        "evrk_section_title": "Apdirbamoji gamyba",
        "evrk_chapter_code": "20",
        "evrk_chapter_title": "Chemikalų ir chemijos produktų gamyba",
        "evrk_group_code": "201",
        "evrk_group_title": "Pagrindinių chemikalų, trąšų ir azoto junginių, pirminių plastikų ir pirminio sintetinio kaučiuko gamyba",
        "evrk_class_code": "2015",
        "evrk_class_title": "Trąšų ir azoto junginių gamyba",
        "evrk_subclass_code": "201520",
        "evrk_subclass_title": "Karbamido gamyba",
        "object_id": 869
      }
    },
    {
      "type": "Feature",
      "id": 870,
      "geometry": null,
      "properties": {
        "evrk_section_code": "C",
        "evrk_section_title": "Apdirbamoji gamyba",
        "evrk_chapter_code": "20",
        "evrk_chapter_title": "Chemikalų ir chemijos produktų gamyba",
        "evrk_group_code": "201",
        "evrk_group_title": "Pagrindinių chemikalų, trąšų ir azoto junginių, pirminių plastikų ir pirminio sintetinio kaučiuko gamyba",
        "evrk_class_code": "2015",
        "evrk_class_title": "Trąšų ir azoto junginių gamyba",
        "evrk_subclass_code": "201530",
        "evrk_subclass_title": "Amoniako gamyba",
        "object_id": 870
      }
    },
    {
      "type": "Feature",
      "id": 871,
      "geometry": null,
      "properties": {
        "evrk_section_code": "C",
        "evrk_section_title": "Apdirbamoji gamyba",
        "evrk_chapter_code": "20",
        "evrk_chapter_title": "Chemikalų ir chemijos produktų gamyba",
        "evrk_group_code": "201",
        "evrk_group_title": "Pagrindinių chemikalų, trąšų ir azoto junginių, pirminių plastikų ir pirminio sintetinio kaučiuko gamyba",
        "evrk_class_code": "2017",
        "evrk_class_title": "Pirminio sintetinio kaučiuko gamyba",
        "evrk_subclass_code": "201700",
        "evrk_subclass_title": "Pirminio sintetinio kaučiuko gamyba",
        "object_id": 871
      }
    },
    {
      "type": "Feature",
      "id": 872,
      "geometry": null,
      "properties": {
        "evrk_section_code": "C",
        "evrk_section_title": "Apdirbamoji gamyba",
        "evrk_chapter_code": "20",
        "evrk_chapter_title": "Chemikalų ir chemijos produktų gamyba",
        "evrk_group_code": "203",
        "evrk_group_title": "Dažų, lakų ir panašių dangų medžiagų, spaustuvinių dažų ir mastikų gamyba",
        "evrk_class_code": "2030",
        "evrk_class_title": "Dažų, lakų ir panašių dangų medžiagų, spaustuvinių dažų ir mastikų gamyba",
        "evrk_subclass_code": "203020",
        "evrk_subclass_title": "Organinių sudėtingų tirpiklių ir skiediklių gamyba",
        "object_id": 872
      }
    },
    {
      "type": "Feature",
      "id": 873,
      "geometry": null,
      "properties": {
        "evrk_section_code": "C",
        "evrk_section_title": "Apdirbamoji gamyba",
        "evrk_chapter_code": "20",
        "evrk_chapter_title": "Chemikalų ir chemijos produktų gamyba",
        "evrk_group_code": "204",
        "evrk_group_title": "Muilo ir ploviklių, valiklių ir blizgiklių, kvepalų ir tualeto priemonių gamyba",
        "evrk_class_code": "2041",
        "evrk_class_title": "Muilo ir ploviklių, valiklių ir blizgiklių gamyba",
        "evrk_subclass_code": "204100",
        "evrk_subclass_title": "Muilo ir ploviklių, valiklių ir blizgiklių gamyba",
        "object_id": 873
      }
    },
    {
      "type": "Feature",
      "id": 874,
      "geometry": null,
      "properties": {
        "evrk_section_code": "C",
        "evrk_section_title": "Apdirbamoji gamyba",
        "evrk_chapter_code": "20",
        "evrk_chapter_title": "Chemikalų ir chemijos produktų gamyba",
        "evrk_group_code": "205",
        "evrk_group_title": "Kitų cheminių medžiagų gamyba",
        "evrk_class_code": "2059",
        "evrk_class_title": "Kitų, niekur kitur nepriskirtų, cheminių medžiagų gamyba",
        "evrk_subclass_code": "205910",
        "evrk_subclass_title": "Lydymo, litavimo ar suvirinimo miltelių ir pastų gamyba",
        "object_id": 874
      }
    },
    {
      "type": "Feature",
      "id": 875,
      "geometry": null,
      "properties": {
        "evrk_section_code": "C",
        "evrk_section_title": "Apdirbamoji gamyba",
        "evrk_chapter_code": "20",
        "evrk_chapter_title": "Chemikalų ir chemijos produktų gamyba",
        "evrk_group_code": "205",
        "evrk_group_title": "Kitų cheminių medžiagų gamyba",
        "evrk_class_code": "2059",
        "evrk_class_title": "Kitų, niekur kitur nepriskirtų, cheminių medžiagų gamyba",
        "evrk_subclass_code": "205920",
        "evrk_subclass_title": "Aktyvintų anglių, tepalų priedų, paruoštų kaučiuko vulkanizavimo greitiklių, katalizatorių gamyba",
        "object_id": 875
      }
    },
    {
      "type": "Feature",
      "id": 876,
      "geometry": null,
      "properties": {
        "evrk_section_code": "C",
        "evrk_section_title": "Apdirbamoji gamyba",
        "evrk_chapter_code": "21",
        "evrk_chapter_title": "Pagrindinių vaistų pramonės gaminių ir farmacinių preparatų gamyba",
        "evrk_group_code": "210",
        "evrk_group_title": "Pagrindinių vaistų pramonės gaminių ir farmacinių preparatų gamyba",
        "evrk_class_code": "2100",
        "evrk_class_title": "Pagrindinių vaistų pramonės gaminių ir farmacinių preparatų gamyba",
        "evrk_subclass_code": "210000",
        "evrk_subclass_title": "Pagrindinių vaistų pramonės gaminių ir farmacinių preparatų gamyba",
        "object_id": 876
      }
    },
    {
      "type": "Feature",
      "id": 877,
      "geometry": null,
      "properties": {
        "evrk_section_code": "C",
        "evrk_section_title": "Apdirbamoji gamyba",
        "evrk_chapter_code": "21",
        "evrk_chapter_title": "Pagrindinių vaistų pramonės gaminių ir farmacinių preparatų gamyba",
        "evrk_group_code": "211",
        "evrk_group_title": "Pagrindinių vaistų pramonės gaminių gamyba",
        "evrk_class_code": "2110",
        "evrk_class_title": "Pagrindinių vaistų pramonės gaminių gamyba",
        "evrk_subclass_code": "211000",
        "evrk_subclass_title": "Pagrindinių vaistų pramonės gaminių gamyba",
        "object_id": 877
      }
    },
    {
      "type": "Feature",
      "id": 878,
      "geometry": null,
      "properties": {
        "evrk_section_code": "C",
        "evrk_section_title": "Apdirbamoji gamyba",
        "evrk_chapter_code": "21",
        "evrk_chapter_title": "Pagrindinių vaistų pramonės gaminių ir farmacinių preparatų gamyba",
        "evrk_group_code": "212",
        "evrk_group_title": "Farmacinių preparatų gamyba",
        "evrk_class_code": "2120",
        "evrk_class_title": "Farmacinių preparatų gamyba",
        "evrk_subclass_code": "212010",
        "evrk_subclass_title": "Vaistų gamyba",
        "object_id": 878
      }
    },
    {
      "type": "Feature",
      "id": 879,
      "geometry": null,
      "properties": {
        "evrk_section_code": "C",
        "evrk_section_title": "Apdirbamoji gamyba",
        "evrk_chapter_code": "22",
        "evrk_chapter_title": "Guminių ir plastikinių gaminių gamyba",
        "evrk_group_code": "220",
        "evrk_group_title": "Guminių ir plastikinių gaminių gamyba",
        "evrk_class_code": "2200",
        "evrk_class_title": "Guminių ir plastikinių gaminių gamyba",
        "evrk_subclass_code": "220000",
        "evrk_subclass_title": "Guminių ir plastikinių gaminių gamyba",
        "object_id": 879
      }
    },
    {
      "type": "Feature",
      "id": 880,
      "geometry": null,
      "properties": {
        "evrk_section_code": "C",
        "evrk_section_title": "Apdirbamoji gamyba",
        "evrk_chapter_code": "22",
        "evrk_chapter_title": "Guminių ir plastikinių gaminių gamyba",
        "evrk_group_code": "222",
        "evrk_group_title": "Plastikinių gaminių gamyba",
        "evrk_class_code": "2223",
        "evrk_class_title": "Plastikinių statybos dirbinių gamyba",
        "evrk_subclass_code": "222300",
        "evrk_subclass_title": "Plastikinių statybos dirbinių gamyba",
        "object_id": 880
      }
    },
    {
      "type": "Feature",
      "id": 881,
      "geometry": null,
      "properties": {
        "evrk_section_code": "C",
        "evrk_section_title": "Apdirbamoji gamyba",
        "evrk_chapter_code": "23",
        "evrk_chapter_title": "Kitų nemetalo mineralinių produktų gamyba",
        "evrk_group_code": "231",
        "evrk_group_title": "Stiklo ir stiklo gaminių bei dirbinių gamyba",
        "evrk_class_code": "2311",
        "evrk_class_title": "Plokščiojo stiklo gamyba",
        "evrk_subclass_code": "231100",
        "evrk_subclass_title": "Plokščiojo stiklo gamyba",
        "object_id": 881
      }
    },
    {
      "type": "Feature",
      "id": 882,
      "geometry": null,
      "properties": {
        "evrk_section_code": "C",
        "evrk_section_title": "Apdirbamoji gamyba",
        "evrk_chapter_code": "23",
        "evrk_chapter_title": "Kitų nemetalo mineralinių produktų gamyba",
        "evrk_group_code": "231",
        "evrk_group_title": "Stiklo ir stiklo gaminių bei dirbinių gamyba",
        "evrk_class_code": "2313",
        "evrk_class_title": "Tuščiavidurio stiklo gamyba",
        "evrk_subclass_code": "231300",
        "evrk_subclass_title": "Tuščiavidurio stiklo gamyba",
        "object_id": 882
      }
    },
    {
      "type": "Feature",
      "id": 883,
      "geometry": null,
      "properties": {
        "evrk_section_code": "C",
        "evrk_section_title": "Apdirbamoji gamyba",
        "evrk_chapter_code": "23",
        "evrk_chapter_title": "Kitų nemetalo mineralinių produktų gamyba",
        "evrk_group_code": "233",
        "evrk_group_title": "Statybinių medžiagų iš molio gamyba",
        "evrk_class_code": "2330",
        "evrk_class_title": "Statybinių medžiagų iš molio gamyba",
        "evrk_subclass_code": "233000",
        "evrk_subclass_title": "Statybinių medžiagų iš molio gamyba",
        "object_id": 883
      }
    },
    {
      "type": "Feature",
      "id": 884,
      "geometry": null,
      "properties": {
        "evrk_section_code": "C",
        "evrk_section_title": "Apdirbamoji gamyba",
        "evrk_chapter_code": "23",
        "evrk_chapter_title": "Kitų nemetalo mineralinių produktų gamyba",
        "evrk_group_code": "233",
        "evrk_group_title": "Statybinių medžiagų iš molio gamyba",
        "evrk_class_code": "2331",
        "evrk_class_title": "Keraminių apdailos ir šaligatvio plytelių gamyba",
        "evrk_subclass_code": "233120",
        "evrk_subclass_title": "Keraminių grindinio dangų gamyba",
        "object_id": 884
      }
    },
    {
      "type": "Feature",
      "id": 885,
      "geometry": null,
      "properties": {
        "evrk_section_code": "C",
        "evrk_section_title": "Apdirbamoji gamyba",
        "evrk_chapter_code": "23",
        "evrk_chapter_title": "Kitų nemetalo mineralinių produktų gamyba",
        "evrk_group_code": "234",
        "evrk_group_title": "Kitų porcelianinių ir keraminių gaminių bei dirbinių gamyba",
        "evrk_class_code": "2343",
        "evrk_class_title": "Keraminių izoliatorių ir keraminių izoliacinių detalių gamyba",
        "evrk_subclass_code": "234300",
        "evrk_subclass_title": "Keraminių izoliatorių ir keraminių izoliacinių detalių gamyba",
        "object_id": 885
      }
    },
    {
      "type": "Feature",
      "id": 886,
      "geometry": null,
      "properties": {
        "evrk_section_code": "C",
        "evrk_section_title": "Apdirbamoji gamyba",
        "evrk_chapter_code": "23",
        "evrk_chapter_title": "Kitų nemetalo mineralinių produktų gamyba",
        "evrk_group_code": "234",
        "evrk_group_title": "Kitų porcelianinių ir keraminių gaminių bei dirbinių gamyba",
        "evrk_class_code": "2344",
        "evrk_class_title": "Kitų techninės paskirties keraminių gaminių ir dirbinių gamyba",
        "evrk_subclass_code": "234400",
        "evrk_subclass_title": "Kitų techninės paskirties keraminių gaminių ir dirbinių gamyba",
        "object_id": 886
      }
    },
    {
      "type": "Feature",
      "id": 887,
      "geometry": null,
      "properties": {
        "evrk_section_code": "C",
        "evrk_section_title": "Apdirbamoji gamyba",
        "evrk_chapter_code": "23",
        "evrk_chapter_title": "Kitų nemetalo mineralinių produktų gamyba",
        "evrk_group_code": "236",
        "evrk_group_title": "Betono, cemento ir gipso gaminių bei dirbinių gamyba",
        "evrk_class_code": "2362",
        "evrk_class_title": "Gipso gaminių, naudojamų statybinėms reikmėms, gamyba",
        "evrk_subclass_code": "236200",
        "evrk_subclass_title": "Gipso gaminių, naudojamų statybinėms reikmėms, gamyba",
        "object_id": 887
      }
    },
    {
      "type": "Feature",
      "id": 888,
      "geometry": null,
      "properties": {
        "evrk_section_code": "C",
        "evrk_section_title": "Apdirbamoji gamyba",
        "evrk_chapter_code": "23",
        "evrk_chapter_title": "Kitų nemetalo mineralinių produktų gamyba",
        "evrk_group_code": "236",
        "evrk_group_title": "Betono, cemento ir gipso gaminių bei dirbinių gamyba",
        "evrk_class_code": "2363",
        "evrk_class_title": "Prekinio betono mišinio gamyba",
        "evrk_subclass_code": "236300",
        "evrk_subclass_title": "Prekinio betono mišinio gamyba",
        "object_id": 888
      }
    },
    {
      "type": "Feature",
      "id": 889,
      "geometry": null,
      "properties": {
        "evrk_section_code": "C",
        "evrk_section_title": "Apdirbamoji gamyba",
        "evrk_chapter_code": "23",
        "evrk_chapter_title": "Kitų nemetalo mineralinių produktų gamyba",
        "evrk_group_code": "236",
        "evrk_group_title": "Betono, cemento ir gipso gaminių bei dirbinių gamyba",
        "evrk_class_code": "2369",
        "evrk_class_title": "Kitų betono, gipso ir cemento gaminių bei dirbinių gamyba",
        "evrk_subclass_code": "236900",
        "evrk_subclass_title": "Kitų betono, gipso ir cemento gaminių bei dirbinių gamyba",
        "object_id": 889
      }
    },
    {
      "type": "Feature",
      "id": 890,
      "geometry": null,
      "properties": {
        "evrk_section_code": "C",
        "evrk_section_title": "Apdirbamoji gamyba",
        "evrk_chapter_code": "23",
        "evrk_chapter_title": "Kitų nemetalo mineralinių produktų gamyba",
        "evrk_group_code": "239",
        "evrk_group_title": "Abrazyvinių gaminių ir niekur kitur nepriskirtų nemetalo mineralinių produktų gamyba",
        "evrk_class_code": "2390",
        "evrk_class_title": "Abrazyvinių gaminių ir niekur kitur nepriskirtų nemetalo mineralinių produktų gamyba",
        "evrk_subclass_code": "239000",
        "evrk_subclass_title": "Abrazyvinių gaminių ir niekur kitur nepriskirtų nemetalo mineralinių produktų gamyba",
        "object_id": 890
      }
    },
    {
      "type": "Feature",
      "id": 891,
      "geometry": null,
      "properties": {
        "evrk_section_code": "C",
        "evrk_section_title": "Apdirbamoji gamyba",
        "evrk_chapter_code": "23",
        "evrk_chapter_title": "Kitų nemetalo mineralinių produktų gamyba",
        "evrk_group_code": "239",
        "evrk_group_title": "Abrazyvinių gaminių ir niekur kitur nepriskirtų nemetalo mineralinių produktų gamyba",
        "evrk_class_code": "2399",
        "evrk_class_title": "Kitų, niekur kitur nepriskirtų, nemetalo mineralinių produktų gamyba",
        "evrk_subclass_code": "239900",
        "evrk_subclass_title": "Kitų, niekur kitur nepriskirtų, nemetalo mineralinių produktų gamyba",
        "object_id": 891
      }
    },
    {
      "type": "Feature",
      "id": 892,
      "geometry": null,
      "properties": {
        "evrk_section_code": "C",
        "evrk_section_title": "Apdirbamoji gamyba",
        "evrk_chapter_code": "24",
        "evrk_chapter_title": "Pagrindinių metalų gamyba",
        "evrk_group_code": "243",
        "evrk_group_title": "Kitų plieno pirminio apdirbimo gaminių gamyba",
        "evrk_class_code": "2431",
        "evrk_class_title": "Šaltasis strypų tempimas",
        "evrk_subclass_code": "243100",
        "evrk_subclass_title": "Šaltasis strypų tempimas",
        "object_id": 892
      }
    },
    {
      "type": "Feature",
      "id": 893,
      "geometry": null,
      "properties": {
        "evrk_section_code": "C",
        "evrk_section_title": "Apdirbamoji gamyba",
        "evrk_chapter_code": "24",
        "evrk_chapter_title": "Pagrindinių metalų gamyba",
        "evrk_group_code": "244",
        "evrk_group_title": "Pagrindinių tauriųjų ir kitų spalvotųjų metalų gamyba",
        "evrk_class_code": "2444",
        "evrk_class_title": "Vario gamyba",
        "evrk_subclass_code": "244400",
        "evrk_subclass_title": "Vario gamyba",
        "object_id": 893
      }
    },
    {
      "type": "Feature",
      "id": 894,
      "geometry": null,
      "properties": {
        "evrk_section_code": "C",
        "evrk_section_title": "Apdirbamoji gamyba",
        "evrk_chapter_code": "24",
        "evrk_chapter_title": "Pagrindinių metalų gamyba",
        "evrk_group_code": "245",
        "evrk_group_title": "Metalų liejinių gamyba",
        "evrk_class_code": "2454",
        "evrk_class_title": "Kitų spalvotųjų metalų liejinių gamyba",
        "evrk_subclass_code": "245400",
        "evrk_subclass_title": "Kitų spalvotųjų metalų liejinių gamyba",
        "object_id": 894
      }
    },
    {
      "type": "Feature",
      "id": 895,
      "geometry": null,
      "properties": {
        "evrk_section_code": "C",
        "evrk_section_title": "Apdirbamoji gamyba",
        "evrk_chapter_code": "25",
        "evrk_chapter_title": "Metalo gaminių, išskyrus mašinas ir įrenginius, gamyba",
        "evrk_group_code": "256",
        "evrk_group_title": "Metalų apdorojimas ir dengimas; mechaninis apdirbimas",
        "evrk_class_code": "2560",
        "evrk_class_title": "Metalų apdorojimas ir dengimas; mechaninis apdirbimas",
        "evrk_subclass_code": "256000",
        "evrk_subclass_title": "Metalų apdorojimas ir dengimas; mechaninis apdirbimas",
        "object_id": 895
      }
    },
    {
      "type": "Feature",
      "id": 896,
      "geometry": null,
      "properties": {
        "evrk_section_code": "C",
        "evrk_section_title": "Apdirbamoji gamyba",
        "evrk_chapter_code": "25",
        "evrk_chapter_title": "Metalo gaminių, išskyrus mašinas ir įrenginius, gamyba",
        "evrk_group_code": "256",
        "evrk_group_title": "Metalų apdorojimas ir dengimas; mechaninis apdirbimas",
        "evrk_class_code": "2562",
        "evrk_class_title": "Mechaninis apdirbimas",
        "evrk_subclass_code": "256200",
        "evrk_subclass_title": "Mechaninis apdirbimas",
        "object_id": 896
      }
    },
    {
      "type": "Feature",
      "id": 897,
      "geometry": null,
      "properties": {
        "evrk_section_code": "C",
        "evrk_section_title": "Apdirbamoji gamyba",
        "evrk_chapter_code": "25",
        "evrk_chapter_title": "Metalo gaminių, išskyrus mašinas ir įrenginius, gamyba",
        "evrk_group_code": "257",
        "evrk_group_title": "Valgomųjų įrankių, kitų įrankių ir bendrųjų metalo dirbinių gamyba",
        "evrk_class_code": "2571",
        "evrk_class_title": "Valgomųjų ir kitų pjovimo įrankių gamyba",
        "evrk_subclass_code": "257100",
        "evrk_subclass_title": "Valgomųjų ir kitų pjovimo įrankių gamyba",
        "object_id": 897
      }
    },
    {
      "type": "Feature",
      "id": 898,
      "geometry": null,
      "properties": {
        "evrk_section_code": "C",
        "evrk_section_title": "Apdirbamoji gamyba",
        "evrk_chapter_code": "25",
        "evrk_chapter_title": "Metalo gaminių, išskyrus mašinas ir įrenginius, gamyba",
        "evrk_group_code": "259",
        "evrk_group_title": "Kitų metalo gaminių gamyba",
        "evrk_class_code": "2592",
        "evrk_class_title": "Lengvųjų metalų taros gamyba",
        "evrk_subclass_code": "259200",
        "evrk_subclass_title": "Lengvųjų metalų taros gamyba",
        "object_id": 898
      }
    },
    {
      "type": "Feature",
      "id": 899,
      "geometry": null,
      "properties": {
        "evrk_section_code": "C",
        "evrk_section_title": "Apdirbamoji gamyba",
        "evrk_chapter_code": "26",
        "evrk_chapter_title": "Kompiuterinių, elektroninių ir optinių gaminių gamyba",
        "evrk_group_code": "260",
        "evrk_group_title": "Kompiuterinių, elektroninių ir optinių gaminių gamyba",
        "evrk_class_code": "2600",
        "evrk_class_title": "Kompiuterinių, elektroninių ir optinių gaminių gamyba",
        "evrk_subclass_code": "260000",
        "evrk_subclass_title": "Kompiuterinių, elektroninių ir optinių gaminių gamyba",
        "object_id": 899
      }
    },
    {
      "type": "Feature",
      "id": 900,
      "geometry": null,
      "properties": {
        "evrk_section_code": "C",
        "evrk_section_title": "Apdirbamoji gamyba",
        "evrk_chapter_code": "26",
        "evrk_chapter_title": "Kompiuterinių, elektroninių ir optinių gaminių gamyba",
        "evrk_group_code": "261",
        "evrk_group_title": "Elektroninių komponentų ir plokščių gamyba",
        "evrk_class_code": "2611",
        "evrk_class_title": "Elektroninių komponentų gamyba",
        "evrk_subclass_code": "261100",
        "evrk_subclass_title": "Elektroninių komponentų gamyba",
        "object_id": 900
      }
    },
    {
      "type": "Feature",
      "id": 901,
      "geometry": null,
      "properties": {
        "evrk_section_code": "C",
        "evrk_section_title": "Apdirbamoji gamyba",
        "evrk_chapter_code": "26",
        "evrk_chapter_title": "Kompiuterinių, elektroninių ir optinių gaminių gamyba",
        "evrk_group_code": "264",
        "evrk_group_title": "Vartotojiškos elektroninės įrangos gamyba",
        "evrk_class_code": "2640",
        "evrk_class_title": "Vartotojiškos elektroninės įrangos gamyba",
        "evrk_subclass_code": "264000",
        "evrk_subclass_title": "Vartotojiškos elektroninės įrangos gamyba",
        "object_id": 901
      }
    },
    {
      "type": "Feature",
      "id": 902,
      "geometry": null,
      "properties": {
        "evrk_section_code": "C",
        "evrk_section_title": "Apdirbamoji gamyba",
        "evrk_chapter_code": "26",
        "evrk_chapter_title": "Kompiuterinių, elektroninių ir optinių gaminių gamyba",
        "evrk_group_code": "265",
        "evrk_group_title": "Matavimo, bandymo, navigacinės ir kontrolės įrangos gamyba; įvairių tipų laikrodžių gamyba",
        "evrk_class_code": "2650",
        "evrk_class_title": "Matavimo, bandymo, navigacinės ir kontrolės įrangos gamyba; įvairių tipų laikrodžių gamyba",
        "evrk_subclass_code": "265000",
        "evrk_subclass_title": "Matavimo, bandymo, navigacinės ir kontrolės įrangos gamyba; įvairių tipų laikrodžių gamyba",
        "object_id": 902
      }
    },
    {
      "type": "Feature",
      "id": 903,
      "geometry": null,
      "properties": {
        "evrk_section_code": "C",
        "evrk_section_title": "Apdirbamoji gamyba",
        "evrk_chapter_code": "26",
        "evrk_chapter_title": "Kompiuterinių, elektroninių ir optinių gaminių gamyba",
        "evrk_group_code": "265",
        "evrk_group_title": "Matavimo, bandymo, navigacinės ir kontrolės įrangos gamyba; įvairių tipų laikrodžių gamyba",
        "evrk_class_code": "2651",
        "evrk_class_title": "Matavimo, bandymo, navigacinės ir kontrolės įrangos prietaisų ir aparatų gamyba",
        "evrk_subclass_code": "265110",
        "evrk_subclass_title": "Elektros skaitiklių gamyba",
        "object_id": 903
      }
    },
    {
      "type": "Feature",
      "id": 904,
      "geometry": null,
      "properties": {
        "evrk_section_code": "C",
        "evrk_section_title": "Apdirbamoji gamyba",
        "evrk_chapter_code": "26",
        "evrk_chapter_title": "Kompiuterinių, elektroninių ir optinių gaminių gamyba",
        "evrk_group_code": "265",
        "evrk_group_title": "Matavimo, bandymo, navigacinės ir kontrolės įrangos gamyba; įvairių tipų laikrodžių gamyba",
        "evrk_class_code": "2651",
        "evrk_class_title": "Matavimo, bandymo, navigacinės ir kontrolės įrangos prietaisų ir aparatų gamyba",
        "evrk_subclass_code": "265120",
        "evrk_subclass_title": "Vandens skaitiklių gamyba",
        "object_id": 904
      }
    },
    {
      "type": "Feature",
      "id": 905,
      "geometry": null,
      "properties": {
        "evrk_section_code": "C",
        "evrk_section_title": "Apdirbamoji gamyba",
        "evrk_chapter_code": "26",
        "evrk_chapter_title": "Kompiuterinių, elektroninių ir optinių gaminių gamyba",
        "evrk_group_code": "265",
        "evrk_group_title": "Matavimo, bandymo, navigacinės ir kontrolės įrangos gamyba; įvairių tipų laikrodžių gamyba",
        "evrk_class_code": "2651",
        "evrk_class_title": "Matavimo, bandymo, navigacinės ir kontrolės įrangos prietaisų ir aparatų gamyba",
        "evrk_subclass_code": "265130",
        "evrk_subclass_title": "Dujų skaitiklių gamyba",
        "object_id": 905
      }
    },
    {
      "type": "Feature",
      "id": 906,
      "geometry": null,
      "properties": {
        "evrk_section_code": "C",
        "evrk_section_title": "Apdirbamoji gamyba",
        "evrk_chapter_code": "26",
        "evrk_chapter_title": "Kompiuterinių, elektroninių ir optinių gaminių gamyba",
        "evrk_group_code": "267",
        "evrk_group_title": "Optinių prietaisų ir fotografijos įrangos gamyba",
        "evrk_class_code": "2670",
        "evrk_class_title": "Optinių prietaisų ir fotografijos įrangos gamyba",
        "evrk_subclass_code": "267000",
        "evrk_subclass_title": "Optinių prietaisų ir fotografijos įrangos gamyba",
        "object_id": 906
      }
    },
    {
      "type": "Feature",
      "id": 907,
      "geometry": null,
      "properties": {
        "evrk_section_code": "C",
        "evrk_section_title": "Apdirbamoji gamyba",
        "evrk_chapter_code": "26",
        "evrk_chapter_title": "Kompiuterinių, elektroninių ir optinių gaminių gamyba",
        "evrk_group_code": "268",
        "evrk_group_title": "Magnetinių ir optinių laikmenų gamyba",
        "evrk_class_code": "2680",
        "evrk_class_title": "Magnetinių ir optinių laikmenų gamyba",
        "evrk_subclass_code": "268000",
        "evrk_subclass_title": "Magnetinių ir optinių laikmenų gamyba",
        "object_id": 907
      }
    },
    {
      "type": "Feature",
      "id": 908,
      "geometry": null,
      "properties": {
        "evrk_section_code": "C",
        "evrk_section_title": "Apdirbamoji gamyba",
        "evrk_chapter_code": "27",
        "evrk_chapter_title": "Elektros įrangos gamyba",
        "evrk_group_code": "272",
        "evrk_group_title": "Baterijų ir akumuliatorių gamyba",
        "evrk_class_code": "2720",
        "evrk_class_title": "Baterijų ir akumuliatorių gamyba",
        "evrk_subclass_code": "272000",
        "evrk_subclass_title": "Baterijų ir akumuliatorių gamyba",
        "object_id": 908
      }
    },
    {
      "type": "Feature",
      "id": 909,
      "geometry": null,
      "properties": {
        "evrk_section_code": "C",
        "evrk_section_title": "Apdirbamoji gamyba",
        "evrk_chapter_code": "27",
        "evrk_chapter_title": "Elektros įrangos gamyba",
        "evrk_group_code": "273",
        "evrk_group_title": "Laidų ir instaliacijos įtaisų gamyba",
        "evrk_class_code": "2730",
        "evrk_class_title": "Laidų ir instaliacijos įtaisų gamyba",
        "evrk_subclass_code": "273000",
        "evrk_subclass_title": "Laidų ir instaliacijos įtaisų gamyba",
        "object_id": 909
      }
    },
    {
      "type": "Feature",
      "id": 910,
      "geometry": null,
      "properties": {
        "evrk_section_code": "C",
        "evrk_section_title": "Apdirbamoji gamyba",
        "evrk_chapter_code": "27",
        "evrk_chapter_title": "Elektros įrangos gamyba",
        "evrk_group_code": "274",
        "evrk_group_title": "Elektros apšvietimo įrangos gamyba",
        "evrk_class_code": "2740",
        "evrk_class_title": "Elektros apšvietimo įrangos gamyba",
        "evrk_subclass_code": "274000",
        "evrk_subclass_title": "Elektros apšvietimo įrangos gamyba",
        "object_id": 910
      }
    },
    {
      "type": "Feature",
      "id": 911,
      "geometry": null,
      "properties": {
        "evrk_section_code": "C",
        "evrk_section_title": "Apdirbamoji gamyba",
        "evrk_chapter_code": "27",
        "evrk_chapter_title": "Elektros įrangos gamyba",
        "evrk_group_code": "279",
        "evrk_group_title": "Kitos elektros įrangos gamyba",
        "evrk_class_code": "2790",
        "evrk_class_title": "Kitos elektros įrangos gamyba",
        "evrk_subclass_code": "279000",
        "evrk_subclass_title": "Kitos elektros įrangos gamyba",
        "object_id": 911
      }
    },
    {
      "type": "Feature",
      "id": 912,
      "geometry": null,
      "properties": {
        "evrk_section_code": "C",
        "evrk_section_title": "Apdirbamoji gamyba",
        "evrk_chapter_code": "28",
        "evrk_chapter_title": "Niekur kitur nepriskirtų mašinų ir įrangos gamyba",
        "evrk_group_code": "281",
        "evrk_group_title": "Bendrosios paskirties mašinų gamyba",
        "evrk_class_code": "2810",
        "evrk_class_title": "Bendrosios paskirties mašinų gamyba",
        "evrk_subclass_code": "281000",
        "evrk_subclass_title": "Bendrosios paskirties mašinų gamyba",
        "object_id": 912
      }
    },
    {
      "type": "Feature",
      "id": 913,
      "geometry": null,
      "properties": {
        "evrk_section_code": "C",
        "evrk_section_title": "Apdirbamoji gamyba",
        "evrk_chapter_code": "28",
        "evrk_chapter_title": "Niekur kitur nepriskirtų mašinų ir įrangos gamyba",
        "evrk_group_code": "281",
        "evrk_group_title": "Bendrosios paskirties mašinų gamyba",
        "evrk_class_code": "2811",
        "evrk_class_title": "Variklių ir turbinų, išskyrus orlaivių, transporto priemonių ir motociklų variklius, gamyba",
        "evrk_subclass_code": "281100",
        "evrk_subclass_title": "Variklių ir turbinų, išskyrus orlaivių, transporto priemonių ir motociklų variklius, gamyba",
        "object_id": 913
      }
    },
    {
      "type": "Feature",
      "id": 914,
      "geometry": null,
      "properties": {
        "evrk_section_code": "C",
        "evrk_section_title": "Apdirbamoji gamyba",
        "evrk_chapter_code": "28",
        "evrk_chapter_title": "Niekur kitur nepriskirtų mašinų ir įrangos gamyba",
        "evrk_group_code": "281",
        "evrk_group_title": "Bendrosios paskirties mašinų gamyba",
        "evrk_class_code": "2812",
        "evrk_class_title": "Hidraulinės energijos įrangos gamyba",
        "evrk_subclass_code": "281200",
        "evrk_subclass_title": "Hidraulinės energijos įrangos gamyba",
        "object_id": 914
      }
    },
    {
      "type": "Feature",
      "id": 915,
      "geometry": null,
      "properties": {
        "evrk_section_code": "C",
        "evrk_section_title": "Apdirbamoji gamyba",
        "evrk_chapter_code": "28",
        "evrk_chapter_title": "Niekur kitur nepriskirtų mašinų ir įrangos gamyba",
        "evrk_group_code": "282",
        "evrk_group_title": "Kitų bendrosios paskirties mašinų ir įrangos gamyba",
        "evrk_class_code": "2822",
        "evrk_class_title": "Kėlimo ir krovimo įrangos gamyba",
        "evrk_subclass_code": "282200",
        "evrk_subclass_title": "Kėlimo ir krovimo įrangos gamyba",
        "object_id": 915
      }
    },
    {
      "type": "Feature",
      "id": 916,
      "geometry": null,
      "properties": {
        "evrk_section_code": "C",
        "evrk_section_title": "Apdirbamoji gamyba",
        "evrk_chapter_code": "28",
        "evrk_chapter_title": "Niekur kitur nepriskirtų mašinų ir įrangos gamyba",
        "evrk_group_code": "283",
        "evrk_group_title": "Žemės ir miškų ūkio mašinų gamyba",
        "evrk_class_code": "2830",
        "evrk_class_title": "Žemės ir miškų ūkio mašinų gamyba",
        "evrk_subclass_code": "283000",
        "evrk_subclass_title": "Žemės ir miškų ūkio mašinų gamyba",
        "object_id": 916
      }
    },
    {
      "type": "Feature",
      "id": 917,
      "geometry": null,
      "properties": {
        "evrk_section_code": "C",
        "evrk_section_title": "Apdirbamoji gamyba",
        "evrk_chapter_code": "28",
        "evrk_chapter_title": "Niekur kitur nepriskirtų mašinų ir įrangos gamyba",
        "evrk_group_code": "289",
        "evrk_group_title": "Kitų specialiosios paskirties mašinų gamyba",
        "evrk_class_code": "2895",
        "evrk_class_title": "Popieriaus ir kartono gamybos mašinų gamyba",
        "evrk_subclass_code": "289500",
        "evrk_subclass_title": "Popieriaus ir kartono gamybos mašinų gamyba",
        "object_id": 917
      }
    },
    {
      "type": "Feature",
      "id": 918,
      "geometry": null,
      "properties": {
        "evrk_section_code": "C",
        "evrk_section_title": "Apdirbamoji gamyba",
        "evrk_chapter_code": "29",
        "evrk_chapter_title": "Variklinių transporto priemonių, priekabų ir puspriekabių gamyba",
        "evrk_group_code": "293",
        "evrk_group_title": "Variklinių transporto priemonių dalių ir pagalbinių reikmenų gamyba",
        "evrk_class_code": "2930",
        "evrk_class_title": "Variklinių transporto priemonių dalių ir pagalbinių reikmenų gamyba",
        "evrk_subclass_code": "293000",
        "evrk_subclass_title": "Variklinių transporto priemonių dalių ir pagalbinių reikmenų gamyba",
        "object_id": 918
      }
    },
    {
      "type": "Feature",
      "id": 919,
      "geometry": null,
      "properties": {
        "evrk_section_code": "C",
        "evrk_section_title": "Apdirbamoji gamyba",
        "evrk_chapter_code": "29",
        "evrk_chapter_title": "Variklinių transporto priemonių, priekabų ir puspriekabių gamyba",
        "evrk_group_code": "293",
        "evrk_group_title": "Variklinių transporto priemonių dalių ir pagalbinių reikmenų gamyba",
        "evrk_class_code": "2931",
        "evrk_class_title": "Variklinių transporto priemonių elektros ir elektroninės įrangos gamyba",
        "evrk_subclass_code": "293100",
        "evrk_subclass_title": "Variklinių transporto priemonių elektros ir elektroninės įrangos gamyba",
        "object_id": 919
      }
    },
    {
      "type": "Feature",
      "id": 920,
      "geometry": null,
      "properties": {
        "evrk_section_code": "C",
        "evrk_section_title": "Apdirbamoji gamyba",
        "evrk_chapter_code": "30",
        "evrk_chapter_title": "Kitų transporto priemonių ir įrangos gamyba",
        "evrk_group_code": "304",
        "evrk_group_title": "Karinių kovinių transporto priemonių gamyba",
        "evrk_class_code": "3040",
        "evrk_class_title": "Karinių kovinių transporto priemonių gamyba",
        "evrk_subclass_code": "304000",
        "evrk_subclass_title": "Karinių kovinių transporto priemonių gamyba",
        "object_id": 920
      }
    },
    {
      "type": "Feature",
      "id": 921,
      "geometry": null,
      "properties": {
        "evrk_section_code": "C",
        "evrk_section_title": "Apdirbamoji gamyba",
        "evrk_chapter_code": "30",
        "evrk_chapter_title": "Kitų transporto priemonių ir įrangos gamyba",
        "evrk_group_code": "309",
        "evrk_group_title": "Niekur kitur nepriskirtų transporto priemonių gamyba",
        "evrk_class_code": "3091",
        "evrk_class_title": "Motociklų gamyba",
        "evrk_subclass_code": "309100",
        "evrk_subclass_title": "Motociklų gamyba",
        "object_id": 921
      }
    },
    {
      "type": "Feature",
      "id": 922,
      "geometry": null,
      "properties": {
        "evrk_section_code": "C",
        "evrk_section_title": "Apdirbamoji gamyba",
        "evrk_chapter_code": "31",
        "evrk_chapter_title": "Baldų gamyba",
        "evrk_group_code": "310",
        "evrk_group_title": "Baldų gamyba",
        "evrk_class_code": "3101",
        "evrk_class_title": "Įstaigos ir prekybos įmonių (parduotuvių) baldų gamyba",
        "evrk_subclass_code": "310100",
        "evrk_subclass_title": "Įstaigos ir prekybos įmonių (parduotuvių) baldų gamyba",
        "object_id": 922
      }
    },
    {
      "type": "Feature",
      "id": 923,
      "geometry": null,
      "properties": {
        "evrk_section_code": "C",
        "evrk_section_title": "Apdirbamoji gamyba",
        "evrk_chapter_code": "31",
        "evrk_chapter_title": "Baldų gamyba",
        "evrk_group_code": "310",
        "evrk_group_title": "Baldų gamyba",
        "evrk_class_code": "3103",
        "evrk_class_title": "Čiužinių gamyba",
        "evrk_subclass_code": "310300",
        "evrk_subclass_title": "Čiužinių gamyba",
        "object_id": 923
      }
    },
    {
      "type": "Feature",
      "id": 924,
      "geometry": null,
      "properties": {
        "evrk_section_code": "C",
        "evrk_section_title": "Apdirbamoji gamyba",
        "evrk_chapter_code": "32",
        "evrk_chapter_title": "Kita gamyba",
        "evrk_group_code": "324",
        "evrk_group_title": "Žaidimų ir žaislų gamyba",
        "evrk_class_code": "3240",
        "evrk_class_title": "Žaidimų ir žaislų gamyba",
        "evrk_subclass_code": "324060",
        "evrk_subclass_title": "Plastikinių triračių ir kitų žaislų su ratukais gamyba",
        "object_id": 924
      }
    },
    {
      "type": "Feature",
      "id": 925,
      "geometry": null,
      "properties": {
        "evrk_section_code": "C",
        "evrk_section_title": "Apdirbamoji gamyba",
        "evrk_chapter_code": "32",
        "evrk_chapter_title": "Kita gamyba",
        "evrk_group_code": "329",
        "evrk_group_title": "Niekur kitur nepriskirta gamyba",
        "evrk_class_code": "3290",
        "evrk_class_title": "Niekur kitur nepriskirta gamyba",
        "evrk_subclass_code": "329000",
        "evrk_subclass_title": "Niekur kitur nepriskirta gamyba",
        "object_id": 925
      }
    },
    {
      "type": "Feature",
      "id": 926,
      "geometry": null,
      "properties": {
        "evrk_section_code": "C",
        "evrk_section_title": "Apdirbamoji gamyba",
        "evrk_chapter_code": "33",
        "evrk_chapter_title": "Mašinų ir įrangos remontas ir įrengimas",
        "evrk_group_code": "331",
        "evrk_group_title": "Metalo gaminių, mašinų ir įrangos remontas",
        "evrk_class_code": "3311",
        "evrk_class_title": "Metalo gaminių remontas",
        "evrk_subclass_code": "331100",
        "evrk_subclass_title": "Metalo gaminių remontas",
        "object_id": 926
      }
    },
    {
      "type": "Feature",
      "id": 927,
      "geometry": null,
      "properties": {
        "evrk_section_code": "C",
        "evrk_section_title": "Apdirbamoji gamyba",
        "evrk_chapter_code": "33",
        "evrk_chapter_title": "Mašinų ir įrangos remontas ir įrengimas",
        "evrk_group_code": "331",
        "evrk_group_title": "Metalo gaminių, mašinų ir įrangos remontas",
        "evrk_class_code": "3312",
        "evrk_class_title": "Mašinų remontas",
        "evrk_subclass_code": "331200",
        "evrk_subclass_title": "Mašinų remontas",
        "object_id": 927
      }
    },
    {
      "type": "Feature",
      "id": 928,
      "geometry": null,
      "properties": {
        "evrk_section_code": "C",
        "evrk_section_title": "Apdirbamoji gamyba",
        "evrk_chapter_code": "33",
        "evrk_chapter_title": "Mašinų ir įrangos remontas ir įrengimas",
        "evrk_group_code": "331",
        "evrk_group_title": "Metalo gaminių, mašinų ir įrangos remontas",
        "evrk_class_code": "3313",
        "evrk_class_title": "Elektroninės ir optinės įrangos remontas",
        "evrk_subclass_code": "331300",
        "evrk_subclass_title": "Elektroninės ir optinės įrangos remontas",
        "object_id": 928
      }
    },
    {
      "type": "Feature",
      "id": 929,
      "geometry": null,
      "properties": {
        "evrk_section_code": "C",
        "evrk_section_title": "Apdirbamoji gamyba",
        "evrk_chapter_code": "33",
        "evrk_chapter_title": "Mašinų ir įrangos remontas ir įrengimas",
        "evrk_group_code": "331",
        "evrk_group_title": "Metalo gaminių, mašinų ir įrangos remontas",
        "evrk_class_code": "3315",
        "evrk_class_title": "Įvairių tipų laivų remontas ir techninė priežiūra",
        "evrk_subclass_code": "331500",
        "evrk_subclass_title": "Įvairių tipų laivų remontas ir techninė priežiūra",
        "object_id": 929
      }
    },
    {
      "type": "Feature",
      "id": 930,
      "geometry": null,
      "properties": {
        "evrk_section_code": "C",
        "evrk_section_title": "Apdirbamoji gamyba",
        "evrk_chapter_code": "33",
        "evrk_chapter_title": "Mašinų ir įrangos remontas ir įrengimas",
        "evrk_group_code": "331",
        "evrk_group_title": "Metalo gaminių, mašinų ir įrangos remontas",
        "evrk_class_code": "3319",
        "evrk_class_title": "Kitos įrangos remontas",
        "evrk_subclass_code": "331900",
        "evrk_subclass_title": "Kitos įrangos remontas",
        "object_id": 930
      }
    },
    {
      "type": "Feature",
      "id": 931,
      "geometry": null,
      "properties": {
        "evrk_section_code": "D",
        "evrk_section_title": "Elektros, dujų, garo tiekimas ir oro kondicionavimas",
        "evrk_chapter_code": "35",
        "evrk_chapter_title": "Elektros, dujų, garo tiekimas ir oro kondicionavimas",
        "evrk_group_code": "351",
        "evrk_group_title": "Elektros energijos gamyba, perdavimas ir paskirstymas",
        "evrk_class_code": "3510",
        "evrk_class_title": "Elektros energijos gamyba, perdavimas ir paskirstymas",
        "evrk_subclass_code": "351000",
        "evrk_subclass_title": "Elektros energijos gamyba, perdavimas ir paskirstymas",
        "object_id": 931
      }
    },
    {
      "type": "Feature",
      "id": 932,
      "geometry": null,
      "properties": {
        "evrk_section_code": "D",
        "evrk_section_title": "Elektros, dujų, garo tiekimas ir oro kondicionavimas",
        "evrk_chapter_code": "35",
        "evrk_chapter_title": "Elektros, dujų, garo tiekimas ir oro kondicionavimas",
        "evrk_group_code": "353",
        "evrk_group_title": "Garo tiekimas ir oro kondicionavimas",
        "evrk_class_code": "3530",
        "evrk_class_title": "Garo tiekimas ir oro kondicionavimas",
        "evrk_subclass_code": "353020",
        "evrk_subclass_title": "Karšto vandens tiekimas",
        "object_id": 932
      }
    },
    {
      "type": "Feature",
      "id": 933,
      "geometry": null,
      "properties": {
        "evrk_section_code": "E",
        "evrk_section_title": "Vandens tiekimas nuotekų valymas, atliekų tvarkymas ir regeneravimas",
        "evrk_chapter_code": "38",
        "evrk_chapter_title": "Atliekų surinkimas, tvarkymas ir šalinimas; medžiagų atgavimas",
        "evrk_group_code": "382",
        "evrk_group_title": "Atliekų tvarkymas ir šalinimas",
        "evrk_class_code": "3820",
        "evrk_class_title": "Atliekų tvarkymas ir šalinimas",
        "evrk_subclass_code": "382000",
        "evrk_subclass_title": "Atliekų tvarkymas ir šalinimas",
        "object_id": 933
      }
    },
    {
      "type": "Feature",
      "id": 934,
      "geometry": null,
      "properties": {
        "evrk_section_code": "F",
        "evrk_section_title": "Statyba",
        "evrk_chapter_code": "42",
        "evrk_chapter_title": "Inžinerinių statinių statyba",
        "evrk_group_code": "421",
        "evrk_group_title": "Kelių ir geležinkelių tiesimas",
        "evrk_class_code": "4211",
        "evrk_class_title": "Kelių ir automagistralių tiesimas",
        "evrk_subclass_code": "421110",
        "evrk_subclass_title": "Kelio dangos ir stovėjimo aikštelių ženklinimas",
        "object_id": 934
      }
    },
    {
      "type": "Feature",
      "id": 935,
      "geometry": null,
      "properties": {
        "evrk_section_code": "F",
        "evrk_section_title": "Statyba",
        "evrk_chapter_code": "42",
        "evrk_chapter_title": "Inžinerinių statinių statyba",
        "evrk_group_code": "429",
        "evrk_group_title": "Kitų inžinerinių statinių statyba",
        "evrk_class_code": "4291",
        "evrk_class_title": "Vandens statinių statyba",
        "evrk_subclass_code": "429100",
        "evrk_subclass_title": "Vandens statinių statyba",
        "object_id": 935
      }
    },
    {
      "type": "Feature",
      "id": 936,
      "geometry": null,
      "properties": {
        "evrk_section_code": "F",
        "evrk_section_title": "Statyba",
        "evrk_chapter_code": "43",
        "evrk_chapter_title": "Specializuota statybos veikla",
        "evrk_group_code": "431",
        "evrk_group_title": "Statinių nugriovimas ir statybvietės paruošimas",
        "evrk_class_code": "4312",
        "evrk_class_title": "Statybvietės paruošimas",
        "evrk_subclass_code": "431200",
        "evrk_subclass_title": "Statybvietės paruošimas",
        "object_id": 936
      }
    },
    {
      "type": "Feature",
      "id": 937,
      "geometry": null,
      "properties": {
        "evrk_section_code": "F",
        "evrk_section_title": "Statyba",
        "evrk_chapter_code": "43",
        "evrk_chapter_title": "Specializuota statybos veikla",
        "evrk_group_code": "432",
        "evrk_group_title": "Elektros, vandentiekio ir kitos įrangos įrengimas",
        "evrk_class_code": "4320",
        "evrk_class_title": "Elektros, vandentiekio ir kitos įrangos įrengimas",
        "evrk_subclass_code": "432000",
        "evrk_subclass_title": "Elektros, vandentiekio ir kitos įrangos įrengimas",
        "object_id": 937
      }
    },
    {
      "type": "Feature",
      "id": 938,
      "geometry": null,
      "properties": {
        "evrk_section_code": "F",
        "evrk_section_title": "Statyba",
        "evrk_chapter_code": "43",
        "evrk_chapter_title": "Specializuota statybos veikla",
        "evrk_group_code": "432",
        "evrk_group_title": "Elektros, vandentiekio ir kitos įrangos įrengimas",
        "evrk_class_code": "4321",
        "evrk_class_title": "Elektros sistemų įrengimas",
        "evrk_subclass_code": "432100",
        "evrk_subclass_title": "Elektros sistemų įrengimas",
        "object_id": 938
      }
    },
    {
      "type": "Feature",
      "id": 939,
      "geometry": null,
      "properties": {
        "evrk_section_code": "F",
        "evrk_section_title": "Statyba",
        "evrk_chapter_code": "43",
        "evrk_chapter_title": "Specializuota statybos veikla",
        "evrk_group_code": "432",
        "evrk_group_title": "Elektros, vandentiekio ir kitos įrangos įrengimas",
        "evrk_class_code": "4321",
        "evrk_class_title": "Elektros sistemų įrengimas",
        "evrk_subclass_code": "432130",
        "evrk_subclass_title": "Antenų, ryšio sistemų įrengimas",
        "object_id": 939
      }
    },
    {
      "type": "Feature",
      "id": 940,
      "geometry": null,
      "properties": {
        "evrk_section_code": "F",
        "evrk_section_title": "Statyba",
        "evrk_chapter_code": "43",
        "evrk_chapter_title": "Specializuota statybos veikla",
        "evrk_group_code": "432",
        "evrk_group_title": "Elektros, vandentiekio ir kitos įrangos įrengimas",
        "evrk_class_code": "4329",
        "evrk_class_title": "Kitos įrangos įrengimas",
        "evrk_subclass_code": "432900",
        "evrk_subclass_title": "Kitos įrangos įrengimas",
        "object_id": 940
      }
    },
    {
      "type": "Feature",
      "id": 941,
      "geometry": null,
      "properties": {
        "evrk_section_code": "F",
        "evrk_section_title": "Statyba",
        "evrk_chapter_code": "43",
        "evrk_chapter_title": "Specializuota statybos veikla",
        "evrk_group_code": "433",
        "evrk_group_title": "Statybos baigimas ir apdaila",
        "evrk_class_code": "4333",
        "evrk_class_title": "Grindų ir sienų dengimas",
        "evrk_subclass_code": "433300",
        "evrk_subclass_title": "Grindų ir sienų dengimas",
        "object_id": 941
      }
    },
    {
      "type": "Feature",
      "id": 942,
      "geometry": null,
      "properties": {
        "evrk_section_code": "G",
        "evrk_section_title": "Didmeninė ir mažmeninė prekyba; variklinių transporto priemonių ir motociklų remontas",
        "evrk_chapter_code": "45",
        "evrk_chapter_title": "Variklinių transporto priemonių ir motociklų didmeninė ir mažmeninė prekyba bei remontas",
        "evrk_group_code": "451",
        "evrk_group_title": "Variklinių transporto priemonių pardavimas",
        "evrk_class_code": "4510",
        "evrk_class_title": "Variklinių transporto priemonių pardavimas",
        "evrk_subclass_code": "451000",
        "evrk_subclass_title": "Variklinių transporto priemonių pardavimas",
        "object_id": 942
      }
    },
    {
      "type": "Feature",
      "id": 943,
      "geometry": null,
      "properties": {
        "evrk_section_code": "G",
        "evrk_section_title": "Didmeninė ir mažmeninė prekyba; variklinių transporto priemonių ir motociklų remontas",
        "evrk_chapter_code": "45",
        "evrk_chapter_title": "Variklinių transporto priemonių ir motociklų didmeninė ir mažmeninė prekyba bei remontas",
        "evrk_group_code": "451",
        "evrk_group_title": "Variklinių transporto priemonių pardavimas",
        "evrk_class_code": "4511",
        "evrk_class_title": "Automobilių ir lengvųjų variklinių transporto priemonių pardavimas",
        "evrk_subclass_code": "451100",
        "evrk_subclass_title": "Automobilių ir lengvųjų variklinių transporto priemonių pardavimas",
        "object_id": 943
      }
    },
    {
      "type": "Feature",
      "id": 944,
      "geometry": null,
      "properties": {
        "evrk_section_code": "H",
        "evrk_section_title": "Transportas ir saugojimas",
        "evrk_chapter_code": "49",
        "evrk_chapter_title": "Sausumos transportas ir transportavimas vamzdynais",
        "evrk_group_code": "494",
        "evrk_group_title": "Krovininis kelių transportas ir perkraustymo veikla",
        "evrk_class_code": "4941",
        "evrk_class_title": "Krovininis kelių transportas",
        "evrk_subclass_code": "494100",
        "evrk_subclass_title": "Krovininis kelių transportas",
        "object_id": 944
      }
    },
    {
      "type": "Feature",
      "id": 945,
      "geometry": null,
      "properties": {
        "evrk_section_code": "H",
        "evrk_section_title": "Transportas ir saugojimas",
        "evrk_chapter_code": "50",
        "evrk_chapter_title": "Vandens transportas",
        "evrk_group_code": "500",
        "evrk_group_title": "Vandens transportas",
        "evrk_class_code": "5000",
        "evrk_class_title": "Vandens transportas",
        "evrk_subclass_code": "500000",
        "evrk_subclass_title": "Vandens transportas",
        "object_id": 945
      }
    },
    {
      "type": "Feature",
      "id": 946,
      "geometry": null,
      "properties": {
        "evrk_section_code": "G",
        "evrk_section_title": "Didmeninė ir mažmeninė prekyba; variklinių transporto priemonių ir motociklų remontas",
        "evrk_chapter_code": "45",
        "evrk_chapter_title": "Variklinių transporto priemonių ir motociklų didmeninė ir mažmeninė prekyba bei remontas",
        "evrk_group_code": "453",
        "evrk_group_title": "Variklinių transporto priemonių atsarginių dalių ir pagalbinių reikmenų pardavimas",
        "evrk_class_code": "4531",
        "evrk_class_title": "Variklinių transporto priemonių atsarginių dalių ir pagalbinių reikmenų didmeninė prekyba",
        "evrk_subclass_code": "453100",
        "evrk_subclass_title": "Variklinių transporto priemonių atsarginių dalių ir pagalbinių reikmenų didmeninė prekyba",
        "object_id": 946
      }
    },
    {
      "type": "Feature",
      "id": 947,
      "geometry": null,
      "properties": {
        "evrk_section_code": "G",
        "evrk_section_title": "Didmeninė ir mažmeninė prekyba; variklinių transporto priemonių ir motociklų remontas",
        "evrk_chapter_code": "46",
        "evrk_chapter_title": "Didmeninė prekyba, išskyrus prekybą variklinėmis transporto priemonėmis ir motociklais",
        "evrk_group_code": "461",
        "evrk_group_title": "Didmeninė prekyba už atlygį ar pagal sutartį",
        "evrk_class_code": "4610",
        "evrk_class_title": "Didmeninė prekyba už atlygį ar pagal sutartį",
        "evrk_subclass_code": "461000",
        "evrk_subclass_title": "Didmeninė prekyba už atlygį ar pagal sutartį",
        "object_id": 947
      }
    },
    {
      "type": "Feature",
      "id": 948,
      "geometry": null,
      "properties": {
        "evrk_section_code": "G",
        "evrk_section_title": "Didmeninė ir mažmeninė prekyba; variklinių transporto priemonių ir motociklų remontas",
        "evrk_chapter_code": "46",
        "evrk_chapter_title": "Didmeninė prekyba, išskyrus prekybą variklinėmis transporto priemonėmis ir motociklais",
        "evrk_group_code": "461",
        "evrk_group_title": "Didmeninė prekyba už atlygį ar pagal sutartį",
        "evrk_class_code": "4612",
        "evrk_class_title": "Degalų, rūdų, metalų ir pramoninių cheminių preparatų pardavimo agentų veikla",
        "evrk_subclass_code": "461200",
        "evrk_subclass_title": "Degalų, rūdų, metalų ir pramoninių cheminių preparatų pardavimo agentų veikla",
        "object_id": 948
      }
    },
    {
      "type": "Feature",
      "id": 949,
      "geometry": null,
      "properties": {
        "evrk_section_code": "G",
        "evrk_section_title": "Didmeninė ir mažmeninė prekyba; variklinių transporto priemonių ir motociklų remontas",
        "evrk_chapter_code": "46",
        "evrk_chapter_title": "Didmeninė prekyba, išskyrus prekybą variklinėmis transporto priemonėmis ir motociklais",
        "evrk_group_code": "461",
        "evrk_group_title": "Didmeninė prekyba už atlygį ar pagal sutartį",
        "evrk_class_code": "4619",
        "evrk_class_title": "Įvairių prekių pardavimo agentų veikla",
        "evrk_subclass_code": "461900",
        "evrk_subclass_title": "Įvairių prekių pardavimo agentų veikla",
        "object_id": 949
      }
    },
    {
      "type": "Feature",
      "id": 950,
      "geometry": null,
      "properties": {
        "evrk_section_code": "G",
        "evrk_section_title": "Didmeninė ir mažmeninė prekyba; variklinių transporto priemonių ir motociklų remontas",
        "evrk_chapter_code": "46",
        "evrk_chapter_title": "Didmeninė prekyba, išskyrus prekybą variklinėmis transporto priemonėmis ir motociklais",
        "evrk_group_code": "462",
        "evrk_group_title": "Žemės ūkio žaliavų ir gyvų gyvulių didmeninė prekyba",
        "evrk_class_code": "4620",
        "evrk_class_title": "Žemės ūkio žaliavų ir gyvų gyvulių didmeninė prekyba",
        "evrk_subclass_code": "462000",
        "evrk_subclass_title": "Žemės ūkio žaliavų ir gyvų gyvulių didmeninė prekyba",
        "object_id": 950
      }
    },
    {
      "type": "Feature",
      "id": 951,
      "geometry": null,
      "properties": {
        "evrk_section_code": "G",
        "evrk_section_title": "Didmeninė ir mažmeninė prekyba; variklinių transporto priemonių ir motociklų remontas",
        "evrk_chapter_code": "46",
        "evrk_chapter_title": "Didmeninė prekyba, išskyrus prekybą variklinėmis transporto priemonėmis ir motociklais",
        "evrk_group_code": "463",
        "evrk_group_title": "Maisto produktų, gėrimų, tabako ir jo gaminių didmeninė prekyba",
        "evrk_class_code": "4631",
        "evrk_class_title": "Vaisių, uogų ir daržovių didmeninė prekyba",
        "evrk_subclass_code": "463100",
        "evrk_subclass_title": "Vaisių, uogų ir daržovių didmeninė prekyba",
        "object_id": 951
      }
    },
    {
      "type": "Feature",
      "id": 952,
      "geometry": null,
      "properties": {
        "evrk_section_code": "G",
        "evrk_section_title": "Didmeninė ir mažmeninė prekyba; variklinių transporto priemonių ir motociklų remontas",
        "evrk_chapter_code": "46",
        "evrk_chapter_title": "Didmeninė prekyba, išskyrus prekybą variklinėmis transporto priemonėmis ir motociklais",
        "evrk_group_code": "463",
        "evrk_group_title": "Maisto produktų, gėrimų, tabako ir jo gaminių didmeninė prekyba",
        "evrk_class_code": "4633",
        "evrk_class_title": "Pieno produktų, kiaušinių bei valgomųjų aliejaus ir riebalų didmeninė prekyba",
        "evrk_subclass_code": "463300",
        "evrk_subclass_title": "Pieno produktų, kiaušinių bei valgomųjų aliejaus ir riebalų didmeninė prekyba",
        "object_id": 952
      }
    },
    {
      "type": "Feature",
      "id": 953,
      "geometry": null,
      "properties": {
        "evrk_section_code": "G",
        "evrk_section_title": "Didmeninė ir mažmeninė prekyba; variklinių transporto priemonių ir motociklų remontas",
        "evrk_chapter_code": "46",
        "evrk_chapter_title": "Didmeninė prekyba, išskyrus prekybą variklinėmis transporto priemonėmis ir motociklais",
        "evrk_group_code": "463",
        "evrk_group_title": "Maisto produktų, gėrimų, tabako ir jo gaminių didmeninė prekyba",
        "evrk_class_code": "4634",
        "evrk_class_title": "Gėrimų didmeninė prekyba",
        "evrk_subclass_code": "463410",
        "evrk_subclass_title": "Alkoholinių gėrimų didmeninė prekyba",
        "object_id": 953
      }
    },
    {
      "type": "Feature",
      "id": 954,
      "geometry": null,
      "properties": {
        "evrk_section_code": "G",
        "evrk_section_title": "Didmeninė ir mažmeninė prekyba; variklinių transporto priemonių ir motociklų remontas",
        "evrk_chapter_code": "46",
        "evrk_chapter_title": "Didmeninė prekyba, išskyrus prekybą variklinėmis transporto priemonėmis ir motociklais",
        "evrk_group_code": "463",
        "evrk_group_title": "Maisto produktų, gėrimų, tabako ir jo gaminių didmeninė prekyba",
        "evrk_class_code": "4634",
        "evrk_class_title": "Gėrimų didmeninė prekyba",
        "evrk_subclass_code": "463420",
        "evrk_subclass_title": "Nealkoholinių gėrimų didmeninė prekyba",
        "object_id": 954
      }
    },
    {
      "type": "Feature",
      "id": 955,
      "geometry": null,
      "properties": {
        "evrk_section_code": "G",
        "evrk_section_title": "Didmeninė ir mažmeninė prekyba; variklinių transporto priemonių ir motociklų remontas",
        "evrk_chapter_code": "46",
        "evrk_chapter_title": "Didmeninė prekyba, išskyrus prekybą variklinėmis transporto priemonėmis ir motociklais",
        "evrk_group_code": "464",
        "evrk_group_title": "Namų ūkio reikmenų didmeninė prekyba",
        "evrk_class_code": "4642",
        "evrk_class_title": "Drabužių ir avalynės didmeninė prekyba",
        "evrk_subclass_code": "464210",
        "evrk_subclass_title": "Guminės avalynės didmeninė prekyba",
        "object_id": 955
      }
    },
    {
      "type": "Feature",
      "id": 956,
      "geometry": null,
      "properties": {
        "evrk_section_code": "G",
        "evrk_section_title": "Didmeninė ir mažmeninė prekyba; variklinių transporto priemonių ir motociklų remontas",
        "evrk_chapter_code": "46",
        "evrk_chapter_title": "Didmeninė prekyba, išskyrus prekybą variklinėmis transporto priemonėmis ir motociklais",
        "evrk_group_code": "464",
        "evrk_group_title": "Namų ūkio reikmenų didmeninė prekyba",
        "evrk_class_code": "4644",
        "evrk_class_title": "Porceliano ir stiklo dirbinių bei valymo priemonių didmeninė prekyba",
        "evrk_subclass_code": "464400",
        "evrk_subclass_title": "Porceliano ir stiklo dirbinių bei valymo priemonių didmeninė prekyba",
        "object_id": 956
      }
    },
    {
      "type": "Feature",
      "id": 957,
      "geometry": null,
      "properties": {
        "evrk_section_code": "G",
        "evrk_section_title": "Didmeninė ir mažmeninė prekyba; variklinių transporto priemonių ir motociklų remontas",
        "evrk_chapter_code": "46",
        "evrk_chapter_title": "Didmeninė prekyba, išskyrus prekybą variklinėmis transporto priemonėmis ir motociklais",
        "evrk_group_code": "464",
        "evrk_group_title": "Namų ūkio reikmenų didmeninė prekyba",
        "evrk_class_code": "4645",
        "evrk_class_title": "Kvepalų ir kosmetikos priemonių didmeninė prekyba",
        "evrk_subclass_code": "464500",
        "evrk_subclass_title": "Kvepalų ir kosmetikos priemonių didmeninė prekyba",
        "object_id": 957
      }
    },
    {
      "type": "Feature",
      "id": 958,
      "geometry": null,
      "properties": {
        "evrk_section_code": "G",
        "evrk_section_title": "Didmeninė ir mažmeninė prekyba; variklinių transporto priemonių ir motociklų remontas",
        "evrk_chapter_code": "46",
        "evrk_chapter_title": "Didmeninė prekyba, išskyrus prekybą variklinėmis transporto priemonėmis ir motociklais",
        "evrk_group_code": "464",
        "evrk_group_title": "Namų ūkio reikmenų didmeninė prekyba",
        "evrk_class_code": "4648",
        "evrk_class_title": "Laikrodžių, papuošalų ir juvelyrinių dirbinių didmeninė prekyba",
        "evrk_subclass_code": "464800",
        "evrk_subclass_title": "Laikrodžių, papuošalų ir juvelyrinių dirbinių didmeninė prekyba",
        "object_id": 958
      }
    },
    {
      "type": "Feature",
      "id": 959,
      "geometry": null,
      "properties": {
        "evrk_section_code": "G",
        "evrk_section_title": "Didmeninė ir mažmeninė prekyba; variklinių transporto priemonių ir motociklų remontas",
        "evrk_chapter_code": "46",
        "evrk_chapter_title": "Didmeninė prekyba, išskyrus prekybą variklinėmis transporto priemonėmis ir motociklais",
        "evrk_group_code": "467",
        "evrk_group_title": "Kita specializuota didmeninė prekyba",
        "evrk_class_code": "4671",
        "evrk_class_title": "Kietojo, skystojo ir dujinio kuro bei priedų didmeninė prekyba",
        "evrk_subclass_code": "467110",
        "evrk_subclass_title": "Kietojo kuro didmeninė prekyba",
        "object_id": 959
      }
    },
    {
      "type": "Feature",
      "id": 960,
      "geometry": null,
      "properties": {
        "evrk_section_code": "G",
        "evrk_section_title": "Didmeninė ir mažmeninė prekyba; variklinių transporto priemonių ir motociklų remontas",
        "evrk_chapter_code": "46",
        "evrk_chapter_title": "Didmeninė prekyba, išskyrus prekybą variklinėmis transporto priemonėmis ir motociklais",
        "evrk_group_code": "467",
        "evrk_group_title": "Kita specializuota didmeninė prekyba",
        "evrk_class_code": "4671",
        "evrk_class_title": "Kietojo, skystojo ir dujinio kuro bei priedų didmeninė prekyba",
        "evrk_subclass_code": "467140",
        "evrk_subclass_title": "Dyzelinio kuro didmeninė prekyba",
        "object_id": 960
      }
    },
    {
      "type": "Feature",
      "id": 961,
      "geometry": null,
      "properties": {
        "evrk_section_code": "G",
        "evrk_section_title": "Didmeninė ir mažmeninė prekyba; variklinių transporto priemonių ir motociklų remontas",
        "evrk_chapter_code": "46",
        "evrk_chapter_title": "Didmeninė prekyba, išskyrus prekybą variklinėmis transporto priemonėmis ir motociklais",
        "evrk_group_code": "467",
        "evrk_group_title": "Kita specializuota didmeninė prekyba",
        "evrk_class_code": "4673",
        "evrk_class_title": "Medienos, statybinių medžiagų ir sanitarinių įrenginių didmeninė prekyba",
        "evrk_subclass_code": "467300",
        "evrk_subclass_title": "Medienos, statybinių medžiagų ir sanitarinių įrenginių didmeninė prekyba",
        "object_id": 961
      }
    },
    {
      "type": "Feature",
      "id": 962,
      "geometry": null,
      "properties": {
        "evrk_section_code": "G",
        "evrk_section_title": "Didmeninė ir mažmeninė prekyba; variklinių transporto priemonių ir motociklų remontas",
        "evrk_chapter_code": "46",
        "evrk_chapter_title": "Didmeninė prekyba, išskyrus prekybą variklinėmis transporto priemonėmis ir motociklais",
        "evrk_group_code": "467",
        "evrk_group_title": "Kita specializuota didmeninė prekyba",
        "evrk_class_code": "4674",
        "evrk_class_title": "Metalinių dirbinių, vandentiekio ir šildymo įrangos bei reikmenų didmeninė prekyba",
        "evrk_subclass_code": "467430",
        "evrk_subclass_title": "Šildymo įrangos didmeninė prekyba",
        "object_id": 962
      }
    },
    {
      "type": "Feature",
      "id": 963,
      "geometry": null,
      "properties": {
        "evrk_section_code": "G",
        "evrk_section_title": "Didmeninė ir mažmeninė prekyba; variklinių transporto priemonių ir motociklų remontas",
        "evrk_chapter_code": "46",
        "evrk_chapter_title": "Didmeninė prekyba, išskyrus prekybą variklinėmis transporto priemonėmis ir motociklais",
        "evrk_group_code": "467",
        "evrk_group_title": "Kita specializuota didmeninė prekyba",
        "evrk_class_code": "4675",
        "evrk_class_title": "Chemijos produktų didmeninė prekyba",
        "evrk_subclass_code": "467520",
        "evrk_subclass_title": "Ne vaistinės paskirties stipriai veikiančiųjų ir nuodingųjų medžiagų didmeninė prekyba",
        "object_id": 963
      }
    },
    {
      "type": "Feature",
      "id": 964,
      "geometry": null,
      "properties": {
        "evrk_section_code": "G",
        "evrk_section_title": "Didmeninė ir mažmeninė prekyba; variklinių transporto priemonių ir motociklų remontas",
        "evrk_chapter_code": "47",
        "evrk_chapter_title": "Mažmeninė prekyba, išskyrus variklinių transporto priemonių ir motociklų prekybą",
        "evrk_group_code": "471",
        "evrk_group_title": "Mažmeninė prekyba nespecializuotose parduotuvėse",
        "evrk_class_code": "4710",
        "evrk_class_title": "Mažmeninė prekyba nespecializuotose parduotuvėse",
        "evrk_subclass_code": "471000",
        "evrk_subclass_title": "Mažmeninė prekyba nespecializuotose parduotuvėse",
        "object_id": 964
      }
    },
    {
      "type": "Feature",
      "id": 965,
      "geometry": null,
      "properties": {
        "evrk_section_code": "H",
        "evrk_section_title": "Transportas ir saugojimas",
        "evrk_chapter_code": "50",
        "evrk_chapter_title": "Vandens transportas",
        "evrk_group_code": "503",
        "evrk_group_title": "Vidaus vandenų keleivinis transportas",
        "evrk_class_code": "5030",
        "evrk_class_title": "Vidaus vandenų keleivinis transportas",
        "evrk_subclass_code": "503000",
        "evrk_subclass_title": "Vidaus vandenų keleivinis transportas",
        "object_id": 965
      }
    },
    {
      "type": "Feature",
      "id": 966,
      "geometry": null,
      "properties": {
        "evrk_section_code": "H",
        "evrk_section_title": "Transportas ir saugojimas",
        "evrk_chapter_code": "51",
        "evrk_chapter_title": "Oro transportas",
        "evrk_group_code": "512",
        "evrk_group_title": "Krovininis oro transportas ir kosminis transportas",
        "evrk_class_code": "5121",
        "evrk_class_title": "Krovininis oro transportas",
        "evrk_subclass_code": "512100",
        "evrk_subclass_title": "Krovininis oro transportas",
        "object_id": 966
      }
    },
    {
      "type": "Feature",
      "id": 967,
      "geometry": null,
      "properties": {
        "evrk_section_code": "G",
        "evrk_section_title": "Didmeninė ir mažmeninė prekyba; variklinių transporto priemonių ir motociklų remontas",
        "evrk_chapter_code": "47",
        "evrk_chapter_title": "Mažmeninė prekyba, išskyrus variklinių transporto priemonių ir motociklų prekybą",
        "evrk_group_code": "471",
        "evrk_group_title": "Mažmeninė prekyba nespecializuotose parduotuvėse",
        "evrk_class_code": "4711",
        "evrk_class_title": "Mažmeninė prekyba nespecializuotose parduotuvėse, kuriose vyrauja maistas, gėrimai ir tabakas",
        "evrk_subclass_code": "471100",
        "evrk_subclass_title": "Mažmeninė prekyba nespecializuotose parduotuvėse, kuriose vyrauja maistas, gėrimai ir tabakas",
        "object_id": 967
      }
    },
    {
      "type": "Feature",
      "id": 968,
      "geometry": null,
      "properties": {
        "evrk_section_code": "G",
        "evrk_section_title": "Didmeninė ir mažmeninė prekyba; variklinių transporto priemonių ir motociklų remontas",
        "evrk_chapter_code": "47",
        "evrk_chapter_title": "Mažmeninė prekyba, išskyrus variklinių transporto priemonių ir motociklų prekybą",
        "evrk_group_code": "472",
        "evrk_group_title": "Maisto, gėrimų ir tabako mažmeninė prekyba specializuotose parduotuvėse",
        "evrk_class_code": "4720",
        "evrk_class_title": "Maisto, gėrimų ir tabako mažmeninė prekyba specializuotose parduotuvėse",
        "evrk_subclass_code": "472000",
        "evrk_subclass_title": "Maisto, gėrimų ir tabako mažmeninė prekyba specializuotose parduotuvėse",
        "object_id": 968
      }
    },
    {
      "type": "Feature",
      "id": 969,
      "geometry": null,
      "properties": {
        "evrk_section_code": "G",
        "evrk_section_title": "Didmeninė ir mažmeninė prekyba; variklinių transporto priemonių ir motociklų remontas",
        "evrk_chapter_code": "47",
        "evrk_chapter_title": "Mažmeninė prekyba, išskyrus variklinių transporto priemonių ir motociklų prekybą",
        "evrk_group_code": "472",
        "evrk_group_title": "Maisto, gėrimų ir tabako mažmeninė prekyba specializuotose parduotuvėse",
        "evrk_class_code": "4722",
        "evrk_class_title": "Mėsos ir mėsos produktų mažmeninė prekyba specializuotose parduotuvėse",
        "evrk_subclass_code": "472200",
        "evrk_subclass_title": "Mėsos ir mėsos produktų mažmeninė prekyba specializuotose parduotuvėse",
        "object_id": 969
      }
    },
    {
      "type": "Feature",
      "id": 970,
      "geometry": null,
      "properties": {
        "evrk_section_code": "G",
        "evrk_section_title": "Didmeninė ir mažmeninė prekyba; variklinių transporto priemonių ir motociklų remontas",
        "evrk_chapter_code": "47",
        "evrk_chapter_title": "Mažmeninė prekyba, išskyrus variklinių transporto priemonių ir motociklų prekybą",
        "evrk_group_code": "472",
        "evrk_group_title": "Maisto, gėrimų ir tabako mažmeninė prekyba specializuotose parduotuvėse",
        "evrk_class_code": "4724",
        "evrk_class_title": "Duonos, bandelių, konditerijos gaminių ir cukraus saldumynų mažmeninė prekyba specializuotose parduotuvėse",
        "evrk_subclass_code": "472400",
        "evrk_subclass_title": "Duonos, bandelių, konditerijos gaminių ir cukraus saldumynų mažmeninė prekyba specializuotose parduotuvėse",
        "object_id": 970
      }
    },
    {
      "type": "Feature",
      "id": 971,
      "geometry": null,
      "properties": {
        "evrk_section_code": "G",
        "evrk_section_title": "Didmeninė ir mažmeninė prekyba; variklinių transporto priemonių ir motociklų remontas",
        "evrk_chapter_code": "47",
        "evrk_chapter_title": "Mažmeninė prekyba, išskyrus variklinių transporto priemonių ir motociklų prekybą",
        "evrk_group_code": "472",
        "evrk_group_title": "Maisto, gėrimų ir tabako mažmeninė prekyba specializuotose parduotuvėse",
        "evrk_class_code": "4725",
        "evrk_class_title": "Gėrimų mažmeninė prekyba specializuotose parduotuvėse",
        "evrk_subclass_code": "472500",
        "evrk_subclass_title": "Gėrimų mažmeninė prekyba specializuotose parduotuvėse",
        "object_id": 971
      }
    },
    {
      "type": "Feature",
      "id": 972,
      "geometry": null,
      "properties": {
        "evrk_section_code": "G",
        "evrk_section_title": "Didmeninė ir mažmeninė prekyba; variklinių transporto priemonių ir motociklų remontas",
        "evrk_chapter_code": "47",
        "evrk_chapter_title": "Mažmeninė prekyba, išskyrus variklinių transporto priemonių ir motociklų prekybą",
        "evrk_group_code": "472",
        "evrk_group_title": "Maisto, gėrimų ir tabako mažmeninė prekyba specializuotose parduotuvėse",
        "evrk_class_code": "4726",
        "evrk_class_title": "Tabako gaminių mažmeninė prekyba specializuotose parduotuvėse",
        "evrk_subclass_code": "472600",
        "evrk_subclass_title": "Tabako gaminių mažmeninė prekyba specializuotose parduotuvėse",
        "object_id": 972
      }
    },
    {
      "type": "Feature",
      "id": 973,
      "geometry": null,
      "properties": {
        "evrk_section_code": "G",
        "evrk_section_title": "Didmeninė ir mažmeninė prekyba; variklinių transporto priemonių ir motociklų remontas",
        "evrk_chapter_code": "47",
        "evrk_chapter_title": "Mažmeninė prekyba, išskyrus variklinių transporto priemonių ir motociklų prekybą",
        "evrk_group_code": "474",
        "evrk_group_title": "Informacijos ir ryšių technologijų (IRT) įrangos mažmeninė prekyba specializuotose parduotuvėse",
        "evrk_class_code": "4742",
        "evrk_class_title": "Telekomunikacijų įrangos mažmeninė prekyba specializuotose parduotuvėse",
        "evrk_subclass_code": "474200",
        "evrk_subclass_title": "Telekomunikacijų įrangos mažmeninė prekyba specializuotose parduotuvėse",
        "object_id": 973
      }
    },
    {
      "type": "Feature",
      "id": 974,
      "geometry": null,
      "properties": {
        "evrk_section_code": "G",
        "evrk_section_title": "Didmeninė ir mažmeninė prekyba; variklinių transporto priemonių ir motociklų remontas",
        "evrk_chapter_code": "47",
        "evrk_chapter_title": "Mažmeninė prekyba, išskyrus variklinių transporto priemonių ir motociklų prekybą",
        "evrk_group_code": "475",
        "evrk_group_title": "Kitos namų ūkio įrangos mažmeninė prekyba specializuotose parduotuvėse",
        "evrk_class_code": "4752",
        "evrk_class_title": "Metalo dirbinių, dažų ir stiklo mažmeninė prekyba specializuotose parduotuvėse",
        "evrk_subclass_code": "475210",
        "evrk_subclass_title": "Dažų, lakų ir politūrų mažmeninė prekyba",
        "object_id": 974
      }
    },
    {
      "type": "Feature",
      "id": 975,
      "geometry": null,
      "properties": {
        "evrk_section_code": "G",
        "evrk_section_title": "Didmeninė ir mažmeninė prekyba; variklinių transporto priemonių ir motociklų remontas",
        "evrk_chapter_code": "47",
        "evrk_chapter_title": "Mažmeninė prekyba, išskyrus variklinių transporto priemonių ir motociklų prekybą",
        "evrk_group_code": "475",
        "evrk_group_title": "Kitos namų ūkio įrangos mažmeninė prekyba specializuotose parduotuvėse",
        "evrk_class_code": "4753",
        "evrk_class_title": "Kilimų, kilimėlių, sienų ir grindų dangų mažmeninė prekyba specializuotose parduotuvėse",
        "evrk_subclass_code": "475300",
        "evrk_subclass_title": "Kilimų, kilimėlių, sienų ir grindų dangų mažmeninė prekyba specializuotose parduotuvėse",
        "object_id": 975
      }
    },
    {
      "type": "Feature",
      "id": 976,
      "geometry": null,
      "properties": {
        "evrk_section_code": "G",
        "evrk_section_title": "Didmeninė ir mažmeninė prekyba; variklinių transporto priemonių ir motociklų remontas",
        "evrk_chapter_code": "47",
        "evrk_chapter_title": "Mažmeninė prekyba, išskyrus variklinių transporto priemonių ir motociklų prekybą",
        "evrk_group_code": "476",
        "evrk_group_title": "Kultūros ir poilsio prekių mažmeninė prekyba specializuotose parduotuvėse",
        "evrk_class_code": "4763",
        "evrk_class_title": "Muzikos ir vaizdo įrašų mažmeninė prekyba specializuotose parduotuvėse",
        "evrk_subclass_code": "476300",
        "evrk_subclass_title": "Muzikos ir vaizdo įrašų mažmeninė prekyba specializuotose parduotuvėse",
        "object_id": 976
      }
    },
    {
      "type": "Feature",
      "id": 977,
      "geometry": null,
      "properties": {
        "evrk_section_code": "G",
        "evrk_section_title": "Didmeninė ir mažmeninė prekyba; variklinių transporto priemonių ir motociklų remontas",
        "evrk_chapter_code": "47",
        "evrk_chapter_title": "Mažmeninė prekyba, išskyrus variklinių transporto priemonių ir motociklų prekybą",
        "evrk_group_code": "477",
        "evrk_group_title": "Kitų prekių mažmeninė prekyba specializuotose parduotuvėse",
        "evrk_class_code": "4774",
        "evrk_class_title": "Medicinos ir ortopedinių prekių mažmeninė prekyba specializuotose parduotuvėse",
        "evrk_subclass_code": "477400",
        "evrk_subclass_title": "Medicinos ir ortopedinių prekių mažmeninė prekyba specializuotose parduotuvėse",
        "object_id": 977
      }
    },
    {
      "type": "Feature",
      "id": 978,
      "geometry": null,
      "properties": {
        "evrk_section_code": "G",
        "evrk_section_title": "Didmeninė ir mažmeninė prekyba; variklinių transporto priemonių ir motociklų remontas",
        "evrk_chapter_code": "47",
        "evrk_chapter_title": "Mažmeninė prekyba, išskyrus variklinių transporto priemonių ir motociklų prekybą",
        "evrk_group_code": "477",
        "evrk_group_title": "Kitų prekių mažmeninė prekyba specializuotose parduotuvėse",
        "evrk_class_code": "4778",
        "evrk_class_title": "Kita naujų prekių mažmeninė prekyba specializuotose parduotuvėse",
        "evrk_subclass_code": "477810",
        "evrk_subclass_title": "Suvenyrų, meno dirbinių ir religinių reikmenų specializuota mažmeninė prekyba",
        "object_id": 978
      }
    },
    {
      "type": "Feature",
      "id": 979,
      "geometry": null,
      "properties": {
        "evrk_section_code": "G",
        "evrk_section_title": "Didmeninė ir mažmeninė prekyba; variklinių transporto priemonių ir motociklų remontas",
        "evrk_chapter_code": "47",
        "evrk_chapter_title": "Mažmeninė prekyba, išskyrus variklinių transporto priemonių ir motociklų prekybą",
        "evrk_group_code": "477",
        "evrk_group_title": "Kitų prekių mažmeninė prekyba specializuotose parduotuvėse",
        "evrk_class_code": "4778",
        "evrk_class_title": "Kita naujų prekių mažmeninė prekyba specializuotose parduotuvėse",
        "evrk_subclass_code": "477890",
        "evrk_subclass_title": "Kita specializuota mažmeninė prekyba",
        "object_id": 979
      }
    },
    {
      "type": "Feature",
      "id": 980,
      "geometry": null,
      "properties": {
        "evrk_section_code": "G",
        "evrk_section_title": "Didmeninė ir mažmeninė prekyba; variklinių transporto priemonių ir motociklų remontas",
        "evrk_chapter_code": "47",
        "evrk_chapter_title": "Mažmeninė prekyba, išskyrus variklinių transporto priemonių ir motociklų prekybą",
        "evrk_group_code": "479",
        "evrk_group_title": "Mažmeninė prekyba ne parduotuvėse, kioskuose ar prekyvietėse",
        "evrk_class_code": "4791",
        "evrk_class_title": "Užsakomasis pardavimas paštu arba internetu",
        "evrk_subclass_code": "479100",
        "evrk_subclass_title": "Užsakomasis pardavimas paštu arba internetu",
        "object_id": 980
      }
    },
    {
      "type": "Feature",
      "id": 981,
      "geometry": null,
      "properties": {
        "evrk_section_code": "G",
        "evrk_section_title": "Didmeninė ir mažmeninė prekyba; variklinių transporto priemonių ir motociklų remontas",
        "evrk_chapter_code": "47",
        "evrk_chapter_title": "Mažmeninė prekyba, išskyrus variklinių transporto priemonių ir motociklų prekybą",
        "evrk_group_code": "479",
        "evrk_group_title": "Mažmeninė prekyba ne parduotuvėse, kioskuose ar prekyvietėse",
        "evrk_class_code": "4799",
        "evrk_class_title": "Kita mažmeninė prekyba ne parduotuvėse, kioskuose ar prekyvietėse",
        "evrk_subclass_code": "479900",
        "evrk_subclass_title": "Kita mažmeninė prekyba ne parduotuvėse, kioskuose ar prekyvietėse",
        "object_id": 981
      }
    },
    {
      "type": "Feature",
      "id": 982,
      "geometry": null,
      "properties": {
        "evrk_section_code": "H",
        "evrk_section_title": "Transportas ir saugojimas",
        "evrk_chapter_code": "49",
        "evrk_chapter_title": "Sausumos transportas ir transportavimas vamzdynais",
        "evrk_group_code": "492",
        "evrk_group_title": "Krovininis geležinkelio transportas",
        "evrk_class_code": "4920",
        "evrk_class_title": "Krovininis geležinkelio transportas",
        "evrk_subclass_code": "492000",
        "evrk_subclass_title": "Krovininis geležinkelio transportas",
        "object_id": 982
      }
    },
    {
      "type": "Feature",
      "id": 983,
      "geometry": null,
      "properties": {
        "evrk_section_code": "H",
        "evrk_section_title": "Transportas ir saugojimas",
        "evrk_chapter_code": "49",
        "evrk_chapter_title": "Sausumos transportas ir transportavimas vamzdynais",
        "evrk_group_code": "493",
        "evrk_group_title": "Kitas keleivinis sausumos transportas",
        "evrk_class_code": "4930",
        "evrk_class_title": "Kitas keleivinis sausumos transportas",
        "evrk_subclass_code": "493000",
        "evrk_subclass_title": "Kitas keleivinis sausumos transportas",
        "object_id": 983
      }
    },
    {
      "type": "Feature",
      "id": 984,
      "geometry": null,
      "properties": {
        "evrk_section_code": "H",
        "evrk_section_title": "Transportas ir saugojimas",
        "evrk_chapter_code": "49",
        "evrk_chapter_title": "Sausumos transportas ir transportavimas vamzdynais",
        "evrk_group_code": "493",
        "evrk_group_title": "Kitas keleivinis sausumos transportas",
        "evrk_class_code": "4939",
        "evrk_class_title": "Kitas, niekur kitur nepriskirtas, keleivinis sausumos transportas",
        "evrk_subclass_code": "493900",
        "evrk_subclass_title": "Kitas, niekur kitur nepriskirtas, keleivinis sausumos transportas",
        "object_id": 984
      }
    },
    {
      "type": "Feature",
      "id": 985,
      "geometry": null,
      "properties": {
        "evrk_section_code": "H",
        "evrk_section_title": "Transportas ir saugojimas",
        "evrk_chapter_code": "49",
        "evrk_chapter_title": "Sausumos transportas ir transportavimas vamzdynais",
        "evrk_group_code": "494",
        "evrk_group_title": "Krovininis kelių transportas ir perkraustymo veikla",
        "evrk_class_code": "4940",
        "evrk_class_title": "Krovininis kelių transportas ir perkraustymo veikla",
        "evrk_subclass_code": "494000",
        "evrk_subclass_title": "Krovininis kelių transportas ir perkraustymo veikla",
        "object_id": 985
      }
    },
    {
      "type": "Feature",
      "id": 986,
      "geometry": null,
      "properties": {
        "evrk_section_code": "C",
        "evrk_section_title": "Apdirbamoji gamyba",
        "evrk_chapter_code": "13",
        "evrk_chapter_title": "Tekstilės gaminių gamyba",
        "evrk_group_code": "132",
        "evrk_group_title": "Tekstilės audimas",
        "evrk_class_code": "1320",
        "evrk_class_title": "Tekstilės audimas",
        "evrk_subclass_code": "132000",
        "evrk_subclass_title": "Tekstilės audimas",
        "object_id": 986
      }
    },
    {
      "type": "Feature",
      "id": 987,
      "geometry": null,
      "properties": {
        "evrk_section_code": "H",
        "evrk_section_title": "Transportas ir saugojimas",
        "evrk_chapter_code": "52",
        "evrk_chapter_title": "Sandėliavimas ir transportui būdingų paslaugų veikla",
        "evrk_group_code": "522",
        "evrk_group_title": "Transportui būdingų paslaugų veikla",
        "evrk_class_code": "5221",
        "evrk_class_title": "Sausumos transportui būdingų paslaugų veikla",
        "evrk_subclass_code": "522110",
        "evrk_subclass_title": "Traukinių eismo organizavimas ir reguliavimas",
        "object_id": 987
      }
    },
    {
      "type": "Feature",
      "id": 988,
      "geometry": null,
      "properties": {
        "evrk_section_code": "H",
        "evrk_section_title": "Transportas ir saugojimas",
        "evrk_chapter_code": "52",
        "evrk_chapter_title": "Sandėliavimas ir transportui būdingų paslaugų veikla",
        "evrk_group_code": "522",
        "evrk_group_title": "Transportui būdingų paslaugų veikla",
        "evrk_class_code": "5229",
        "evrk_class_title": "Kita transportui būdingų paslaugų veikla",
        "evrk_subclass_code": "522920",
        "evrk_subclass_title": "Krovinių gabenimo agentų ir ekspeditorių veikla",
        "object_id": 988
      }
    },
    {
      "type": "Feature",
      "id": 989,
      "geometry": null,
      "properties": {
        "evrk_section_code": "H",
        "evrk_section_title": "Transportas ir saugojimas",
        "evrk_chapter_code": "53",
        "evrk_chapter_title": "Pašto ir pasiuntinių (kurjerių) veikla",
        "evrk_group_code": "530",
        "evrk_group_title": "Pašto ir pasiuntinių (kurjerių) veikla",
        "evrk_class_code": "5300",
        "evrk_class_title": "Pašto ir pasiuntinių (kurjerių) veikla",
        "evrk_subclass_code": "530000",
        "evrk_subclass_title": "Pašto ir pasiuntinių (kurjerių) veikla",
        "object_id": 989
      }
    },
    {
      "type": "Feature",
      "id": 990,
      "geometry": null,
      "properties": {
        "evrk_section_code": "H",
        "evrk_section_title": "Transportas ir saugojimas",
        "evrk_chapter_code": "53",
        "evrk_chapter_title": "Pašto ir pasiuntinių (kurjerių) veikla",
        "evrk_group_code": "532",
        "evrk_group_title": "Kita pašto ir pasiuntinių (kurjerių) veikla",
        "evrk_class_code": "5320",
        "evrk_class_title": "Kita pašto ir pasiuntinių (kurjerių) veikla",
        "evrk_subclass_code": "532000",
        "evrk_subclass_title": "Kita pašto ir pasiuntinių (kurjerių) veikla",
        "object_id": 990
      }
    },
    {
      "type": "Feature",
      "id": 991,
      "geometry": null,
      "properties": {
        "evrk_section_code": "I",
        "evrk_section_title": "Apgyvendinimo ir maitinimo paslaugų veikla",
        "evrk_chapter_code": "55",
        "evrk_chapter_title": "Apgyvendinimo veikla",
        "evrk_group_code": "559",
        "evrk_group_title": "Kita apgyvendinimo veikla",
        "evrk_class_code": "5590",
        "evrk_class_title": "Kita apgyvendinimo veikla",
        "evrk_subclass_code": "559000",
        "evrk_subclass_title": "Kita apgyvendinimo veikla",
        "object_id": 991
      }
    },
    {
      "type": "Feature",
      "id": 992,
      "geometry": null,
      "properties": {
        "evrk_section_code": "I",
        "evrk_section_title": "Apgyvendinimo ir maitinimo paslaugų veikla",
        "evrk_chapter_code": "56",
        "evrk_chapter_title": "Maitinimo ir gėrimų teikimo veikla",
        "evrk_group_code": "562",
        "evrk_group_title": "Pagaminto valgio tiekimas renginiams ir kitų maitinimo paslaugų veikla",
        "evrk_class_code": "5620",
        "evrk_class_title": "Pagaminto valgio tiekimas renginiams ir kitų maitinimo paslaugų veikla",
        "evrk_subclass_code": "562000",
        "evrk_subclass_title": "Pagaminto valgio tiekimas renginiams ir kitų maitinimo paslaugų veikla",
        "object_id": 992
      }
    },
    {
      "type": "Feature",
      "id": 993,
      "geometry": null,
      "properties": {
        "evrk_section_code": "J",
        "evrk_section_title": "Informacija ir ryšiai",
        "evrk_chapter_code": "58",
        "evrk_chapter_title": "Leidybinė veikla",
        "evrk_group_code": "582",
        "evrk_group_title": "Programinės įrangos leidyba",
        "evrk_class_code": "5820",
        "evrk_class_title": "Programinės įrangos leidyba",
        "evrk_subclass_code": "582000",
        "evrk_subclass_title": "Programinės įrangos leidyba",
        "object_id": 993
      }
    },
    {
      "type": "Feature",
      "id": 994,
      "geometry": null,
      "properties": {
        "evrk_section_code": "J",
        "evrk_section_title": "Informacija ir ryšiai",
        "evrk_chapter_code": "59",
        "evrk_chapter_title": "Kino filmų, vaizdo filmų ir televizijos programų gamyba, garso įrašymo ir muzikos įrašų leidybos veikla",
        "evrk_group_code": "590",
        "evrk_group_title": "Kino filmų, vaizdo filmų ir televizijos programų gamyba, garso įrašymo ir muzikos įrašų leidybos veikla",
        "evrk_class_code": "5900",
        "evrk_class_title": "Kino filmų, vaizdo filmų ir televizijos programų gamyba, garso įrašymo ir muzikos įrašų leidybos veikla",
        "evrk_subclass_code": "590000",
        "evrk_subclass_title": "Kino filmų, vaizdo filmų ir televizijos programų gamyba, garso įrašymo ir muzikos įrašų leidybos veikla",
        "object_id": 994
      }
    },
    {
      "type": "Feature",
      "id": 995,
      "geometry": null,
      "properties": {
        "evrk_section_code": "J",
        "evrk_section_title": "Informacija ir ryšiai",
        "evrk_chapter_code": "59",
        "evrk_chapter_title": "Kino filmų, vaizdo filmų ir televizijos programų gamyba, garso įrašymo ir muzikos įrašų leidybos veikla",
        "evrk_group_code": "591",
        "evrk_group_title": "Kino filmų, vaizdo filmų ir televizijos programų rengėjų veikla",
        "evrk_class_code": "5911",
        "evrk_class_title": "Kino filmų, vaizdo filmų ir televizijos programų gamyba",
        "evrk_subclass_code": "591100",
        "evrk_subclass_title": "Kino filmų, vaizdo filmų ir televizijos programų gamyba",
        "object_id": 995
      }
    },
    {
      "type": "Feature",
      "id": 996,
      "geometry": null,
      "properties": {
        "evrk_section_code": "J",
        "evrk_section_title": "Informacija ir ryšiai",
        "evrk_chapter_code": "59",
        "evrk_chapter_title": "Kino filmų, vaizdo filmų ir televizijos programų gamyba, garso įrašymo ir muzikos įrašų leidybos veikla",
        "evrk_group_code": "591",
        "evrk_group_title": "Kino filmų, vaizdo filmų ir televizijos programų rengėjų veikla",
        "evrk_class_code": "5914",
        "evrk_class_title": "Kino filmų rodymas",
        "evrk_subclass_code": "591400",
        "evrk_subclass_title": "Kino filmų rodymas",
        "object_id": 996
      }
    },
    {
      "type": "Feature",
      "id": 997,
      "geometry": null,
      "properties": {
        "evrk_section_code": "J",
        "evrk_section_title": "Informacija ir ryšiai",
        "evrk_chapter_code": "60",
        "evrk_chapter_title": "Programų rengimas ir transliavimas",
        "evrk_group_code": "600",
        "evrk_group_title": "Programų rengimas ir transliavimas",
        "evrk_class_code": "6000",
        "evrk_class_title": "Programų rengimas ir transliavimas",
        "evrk_subclass_code": "600000",
        "evrk_subclass_title": "Programų rengimas ir transliavimas",
        "object_id": 997
      }
    },
    {
      "type": "Feature",
      "id": 998,
      "geometry": null,
      "properties": {
        "evrk_section_code": "J",
        "evrk_section_title": "Informacija ir ryšiai",
        "evrk_chapter_code": "61",
        "evrk_chapter_title": "Telekomunikacijos",
        "evrk_group_code": "619",
        "evrk_group_title": "Kitų ryšių paslaugų veikla",
        "evrk_class_code": "6190",
        "evrk_class_title": "Kitų ryšių paslaugų veikla",
        "evrk_subclass_code": "619000",
        "evrk_subclass_title": "Kitų ryšių paslaugų veikla",
        "object_id": 998
      }
    },
    {
      "type": "Feature",
      "id": 999,
      "geometry": null,
      "properties": {
        "evrk_section_code": "J",
        "evrk_section_title": "Informacija ir ryšiai",
        "evrk_chapter_code": "62",
        "evrk_chapter_title": "Kompiuterių programavimo, konsultacinė ir susijusi veikla",
        "evrk_group_code": "620",
        "evrk_group_title": "Kompiuterių programavimo, konsultacinė ir susijusi veikla",
        "evrk_class_code": "6201",
        "evrk_class_title": "Kompiuterių programavimo veikla",
        "evrk_subclass_code": "620100",
        "evrk_subclass_title": "Kompiuterių programavimo veikla",
        "object_id": 999
      }
    },
    {
      "type": "Feature",
      "id": 1000,
      "geometry": null,
      "properties": {
        "evrk_section_code": "J",
        "evrk_section_title": "Informacija ir ryšiai",
        "evrk_chapter_code": "62",
        "evrk_chapter_title": "Kompiuterių programavimo, konsultacinė ir susijusi veikla",
        "evrk_group_code": "620",
        "evrk_group_title": "Kompiuterių programavimo, konsultacinė ir susijusi veikla",
        "evrk_class_code": "6202",
        "evrk_class_title": "Kompiuterių konsultacinė veikla",
        "evrk_subclass_code": "620200",
        "evrk_subclass_title": "Kompiuterių konsultacinė veikla",
        "object_id": 1000
      }
    },
    {
      "type": "Feature",
      "id": 1001,
      "geometry": null,
      "properties": {
        "evrk_section_code": "J",
        "evrk_section_title": "Informacija ir ryšiai",
        "evrk_chapter_code": "63",
        "evrk_chapter_title": "Informacinių paslaugų veikla",
        "evrk_group_code": "630",
        "evrk_group_title": "Informacinių paslaugų veikla",
        "evrk_class_code": "6300",
        "evrk_class_title": "Informacinių paslaugų veikla",
        "evrk_subclass_code": "630000",
        "evrk_subclass_title": "Informacinių paslaugų veikla",
        "object_id": 1001
      }
    },
    {
      "type": "Feature",
      "id": 1002,
      "geometry": null,
      "properties": {
        "evrk_section_code": "J",
        "evrk_section_title": "Informacija ir ryšiai",
        "evrk_chapter_code": "63",
        "evrk_chapter_title": "Informacinių paslaugų veikla",
        "evrk_group_code": "639",
        "evrk_group_title": "Kita informacinių paslaugų veikla",
        "evrk_class_code": "6391",
        "evrk_class_title": "Naujienų agentūrų veikla",
        "evrk_subclass_code": "639100",
        "evrk_subclass_title": "Naujienų agentūrų veikla",
        "object_id": 1002
      }
    },
    {
      "type": "Feature",
      "id": 1003,
      "geometry": null,
      "properties": {
        "evrk_section_code": "K",
        "evrk_section_title": "Finansinė ir draudimo veikla",
        "evrk_chapter_code": "64",
        "evrk_chapter_title": "Finansinių paslaugų veikla, išskyrus draudimą ir pensijų lėšų kaupimą",
        "evrk_group_code": "641",
        "evrk_group_title": "Piniginis tarpininkavimas",
        "evrk_class_code": "6419",
        "evrk_class_title": "Kitas piniginis tarpininkavimas",
        "evrk_subclass_code": "641900",
        "evrk_subclass_title": "Kitas piniginis tarpininkavimas",
        "object_id": 1003
      }
    },
    {
      "type": "Feature",
      "id": 1004,
      "geometry": null,
      "properties": {
        "evrk_section_code": "K",
        "evrk_section_title": "Finansinė ir draudimo veikla",
        "evrk_chapter_code": "66",
        "evrk_chapter_title": "Pagalbinė finansinių paslaugų ir draudimo veikla",
        "evrk_group_code": "662",
        "evrk_group_title": "Pagalbinė draudimo ir pensijų lėšų kaupimo veikla",
        "evrk_class_code": "6620",
        "evrk_class_title": "Pagalbinė draudimo ir pensijų lėšų kaupimo veikla",
        "evrk_subclass_code": "662000",
        "evrk_subclass_title": "Pagalbinė draudimo ir pensijų lėšų kaupimo veikla",
        "object_id": 1004
      }
    },
    {
      "type": "Feature",
      "id": 1005,
      "geometry": null,
      "properties": {
        "evrk_section_code": "K",
        "evrk_section_title": "Finansinė ir draudimo veikla",
        "evrk_chapter_code": "66",
        "evrk_chapter_title": "Pagalbinė finansinių paslaugų ir draudimo veikla",
        "evrk_group_code": "663",
        "evrk_group_title": "Fondų valdymo veikla",
        "evrk_class_code": "6630",
        "evrk_class_title": "Fondų valdymo veikla",
        "evrk_subclass_code": "663000",
        "evrk_subclass_title": "Fondų valdymo veikla",
        "object_id": 1005
      }
    },
    {
      "type": "Feature",
      "id": 1006,
      "geometry": null,
      "properties": {
        "evrk_section_code": "L",
        "evrk_section_title": "Nekilnojamojo turto operacijos",
        "evrk_chapter_code": "68",
        "evrk_chapter_title": "Nekilnojamojo turto operacijos",
        "evrk_group_code": "683",
        "evrk_group_title": "Nekilnojamojo turto operacijos už atlygį arba pagal sutartį",
        "evrk_class_code": "6832",
        "evrk_class_title": "Nekilnojamojo turto tvarkyba už atlygį arba pagal sutartį",
        "evrk_subclass_code": "683200",
        "evrk_subclass_title": "Nekilnojamojo turto tvarkyba už atlygį arba pagal sutartį",
        "object_id": 1006
      }
    },
    {
      "type": "Feature",
      "id": 1007,
      "geometry": null,
      "properties": {
        "evrk_section_code": "M",
        "evrk_section_title": "Profesinė, mokslinė ir techninė veikla",
        "evrk_chapter_code": "69",
        "evrk_chapter_title": "Teisinė ir apskaitos veikla",
        "evrk_group_code": "690",
        "evrk_group_title": "Teisinė ir apskaitos veikla",
        "evrk_class_code": "6900",
        "evrk_class_title": "Teisinė ir apskaitos veikla",
        "evrk_subclass_code": "690000",
        "evrk_subclass_title": "Teisinė ir apskaitos veikla",
        "object_id": 1007
      }
    },
    {
      "type": "Feature",
      "id": 1008,
      "geometry": null,
      "properties": {
        "evrk_section_code": "M",
        "evrk_section_title": "Profesinė, mokslinė ir techninė veikla",
        "evrk_chapter_code": "69",
        "evrk_chapter_title": "Teisinė ir apskaitos veikla",
        "evrk_group_code": "691",
        "evrk_group_title": "Teisinė veikla",
        "evrk_class_code": "6910",
        "evrk_class_title": "Teisinė veikla",
        "evrk_subclass_code": "691020",
        "evrk_subclass_title": "Konsultacijos ir atstovavimas darbo ginčuose",
        "object_id": 1008
      }
    },
    {
      "type": "Feature",
      "id": 1009,
      "geometry": null,
      "properties": {
        "evrk_section_code": "M",
        "evrk_section_title": "Profesinė, mokslinė ir techninė veikla",
        "evrk_chapter_code": "69",
        "evrk_chapter_title": "Teisinė ir apskaitos veikla",
        "evrk_group_code": "692",
        "evrk_group_title": "Apskaitos, buhalterijos ir audito veikla; konsultacijos mokesčių klausimais",
        "evrk_class_code": "6920",
        "evrk_class_title": "Apskaitos, buhalterijos ir audito veikla; konsultacijos mokesčių klausimais",
        "evrk_subclass_code": "692000",
        "evrk_subclass_title": "Apskaitos, buhalterijos ir audito veikla; konsultacijos mokesčių klausimais",
        "object_id": 1009
      }
    },
    {
      "type": "Feature",
      "id": 1010,
      "geometry": null,
      "properties": {
        "evrk_section_code": "M",
        "evrk_section_title": "Profesinė, mokslinė ir techninė veikla",
        "evrk_chapter_code": "69",
        "evrk_chapter_title": "Teisinė ir apskaitos veikla",
        "evrk_group_code": "692",
        "evrk_group_title": "Apskaitos, buhalterijos ir audito veikla; konsultacijos mokesčių klausimais",
        "evrk_class_code": "6920",
        "evrk_class_title": "Apskaitos, buhalterijos ir audito veikla; konsultacijos mokesčių klausimais",
        "evrk_subclass_code": "692030",
        "evrk_subclass_title": "Firmų ir kitų bendrovių komercinių operacijų apskaitos tvarkymas",
        "object_id": 1010
      }
    },
    {
      "type": "Feature",
      "id": 1011,
      "geometry": null,
      "properties": {
        "evrk_section_code": "M",
        "evrk_section_title": "Profesinė, mokslinė ir techninė veikla",
        "evrk_chapter_code": "69",
        "evrk_chapter_title": "Teisinė ir apskaitos veikla",
        "evrk_group_code": "692",
        "evrk_group_title": "Apskaitos, buhalterijos ir audito veikla; konsultacijos mokesčių klausimais",
        "evrk_class_code": "6920",
        "evrk_class_title": "Apskaitos, buhalterijos ir audito veikla; konsultacijos mokesčių klausimais",
        "evrk_subclass_code": "692040",
        "evrk_subclass_title": "Mokesčių konsultacijos",
        "object_id": 1011
      }
    },
    {
      "type": "Feature",
      "id": 1012,
      "geometry": null,
      "properties": {
        "evrk_section_code": "M",
        "evrk_section_title": "Profesinė, mokslinė ir techninė veikla",
        "evrk_chapter_code": "70",
        "evrk_chapter_title": "Pagrindinių buveinių veikla; konsultacinė valdymo veikla",
        "evrk_group_code": "702",
        "evrk_group_title": "Konsultacinė valdymo veikla",
        "evrk_class_code": "7021",
        "evrk_class_title": "Viešųjų ryšių ir komunikacijos veikla",
        "evrk_subclass_code": "702100",
        "evrk_subclass_title": "Viešųjų ryšių ir komunikacijos veikla",
        "object_id": 1012
      }
    },
    {
      "type": "Feature",
      "id": 1013,
      "geometry": null,
      "properties": {
        "evrk_section_code": "M",
        "evrk_section_title": "Profesinė, mokslinė ir techninė veikla",
        "evrk_chapter_code": "71",
        "evrk_chapter_title": "Architektūros ir inžinerijos veikla; techninis tikrinimas ir analizė",
        "evrk_group_code": "710",
        "evrk_group_title": "Architektūros ir inžinerijos veikla; techninis tikrinimas ir analizė",
        "evrk_class_code": "7100",
        "evrk_class_title": "Architektūros ir inžinerijos veikla; techninis tikrinimas ir analizė",
        "evrk_subclass_code": "710000",
        "evrk_subclass_title": "Architektūros ir inžinerijos veikla; techninis tikrinimas ir analizė",
        "object_id": 1013
      }
    },
    {
      "type": "Feature",
      "id": 1014,
      "geometry": null,
      "properties": {
        "evrk_section_code": "M",
        "evrk_section_title": "Profesinė, mokslinė ir techninė veikla",
        "evrk_chapter_code": "71",
        "evrk_chapter_title": "Architektūros ir inžinerijos veikla; techninis tikrinimas ir analizė",
        "evrk_group_code": "711",
        "evrk_group_title": "Architektūros ir inžinerijos veikla bei su ja susijusios techninės konsultacijos",
        "evrk_class_code": "7112",
        "evrk_class_title": "Inžinerijos veikla ir su ja susijusios techninės konsultacijos",
        "evrk_subclass_code": "711200",
        "evrk_subclass_title": "Inžinerijos veikla ir su ja susijusios techninės konsultacijos",
        "object_id": 1014
      }
    },
    {
      "type": "Feature",
      "id": 1015,
      "geometry": null,
      "properties": {
        "evrk_section_code": "M",
        "evrk_section_title": "Profesinė, mokslinė ir techninė veikla",
        "evrk_chapter_code": "71",
        "evrk_chapter_title": "Architektūros ir inžinerijos veikla; techninis tikrinimas ir analizė",
        "evrk_group_code": "711",
        "evrk_group_title": "Architektūros ir inžinerijos veikla bei su ja susijusios techninės konsultacijos",
        "evrk_class_code": "7112",
        "evrk_class_title": "Inžinerijos veikla ir su ja susijusios techninės konsultacijos",
        "evrk_subclass_code": "711240",
        "evrk_subclass_title": "Geodezinė veikla",
        "object_id": 1015
      }
    },
    {
      "type": "Feature",
      "id": 1016,
      "geometry": null,
      "properties": {
        "evrk_section_code": "M",
        "evrk_section_title": "Profesinė, mokslinė ir techninė veikla",
        "evrk_chapter_code": "71",
        "evrk_chapter_title": "Architektūros ir inžinerijos veikla; techninis tikrinimas ir analizė",
        "evrk_group_code": "711",
        "evrk_group_title": "Architektūros ir inžinerijos veikla bei su ja susijusios techninės konsultacijos",
        "evrk_class_code": "7112",
        "evrk_class_title": "Inžinerijos veikla ir su ja susijusios techninės konsultacijos",
        "evrk_subclass_code": "711260",
        "evrk_subclass_title": "Miškotvarka ir žemėtvarka",
        "object_id": 1016
      }
    },
    {
      "type": "Feature",
      "id": 1017,
      "geometry": null,
      "properties": {
        "evrk_section_code": "M",
        "evrk_section_title": "Profesinė, mokslinė ir techninė veikla",
        "evrk_chapter_code": "71",
        "evrk_chapter_title": "Architektūros ir inžinerijos veikla; techninis tikrinimas ir analizė",
        "evrk_group_code": "712",
        "evrk_group_title": "Techninis tikrinimas ir analizė",
        "evrk_class_code": "7120",
        "evrk_class_title": "Techninis tikrinimas ir analizė",
        "evrk_subclass_code": "712010",
        "evrk_subclass_title": "Aplinkos kontrolė, ekologinis monitoringas",
        "object_id": 1017
      }
    },
    {
      "type": "Feature",
      "id": 1018,
      "geometry": null,
      "properties": {
        "evrk_section_code": "M",
        "evrk_section_title": "Profesinė, mokslinė ir techninė veikla",
        "evrk_chapter_code": "72",
        "evrk_chapter_title": "Moksliniai tyrimai ir taikomoji veikla",
        "evrk_group_code": "720",
        "evrk_group_title": "Moksliniai tyrimai ir taikomoji veikla",
        "evrk_class_code": "7200",
        "evrk_class_title": "Moksliniai tyrimai ir taikomoji veikla",
        "evrk_subclass_code": "720000",
        "evrk_subclass_title": "Moksliniai tyrimai ir taikomoji veikla",
        "object_id": 1018
      }
    },
    {
      "type": "Feature",
      "id": 1019,
      "geometry": null,
      "properties": {
        "evrk_section_code": "M",
        "evrk_section_title": "Profesinė, mokslinė ir techninė veikla",
        "evrk_chapter_code": "72",
        "evrk_chapter_title": "Moksliniai tyrimai ir taikomoji veikla",
        "evrk_group_code": "721",
        "evrk_group_title": "Gamtos mokslų ir inžinerijos moksliniai tyrimai ir taikomoji veikla",
        "evrk_class_code": "7219",
        "evrk_class_title": "Kiti gamtos mokslų ir inžinerijos moksliniai tyrimai ir taikomoji veikla",
        "evrk_subclass_code": "721910",
        "evrk_subclass_title": "Agrarinių mokslų tiriamieji ir taikomieji darbai",
        "object_id": 1019
      }
    },
    {
      "type": "Feature",
      "id": 1020,
      "geometry": null,
      "properties": {
        "evrk_section_code": "M",
        "evrk_section_title": "Profesinė, mokslinė ir techninė veikla",
        "evrk_chapter_code": "73",
        "evrk_chapter_title": "Reklama ir rinkos tyrimas",
        "evrk_group_code": "731",
        "evrk_group_title": "Reklama",
        "evrk_class_code": "7311",
        "evrk_class_title": "Reklamos agentūrų veikla",
        "evrk_subclass_code": "731100",
        "evrk_subclass_title": "Reklamos agentūrų veikla",
        "object_id": 1020
      }
    },
    {
      "type": "Feature",
      "id": 1021,
      "geometry": null,
      "properties": {
        "evrk_section_code": "M",
        "evrk_section_title": "Profesinė, mokslinė ir techninė veikla",
        "evrk_chapter_code": "74",
        "evrk_chapter_title": "Kita profesinė, mokslinė ir techninė veikla",
        "evrk_group_code": "742",
        "evrk_group_title": "Fotografavimo veikla",
        "evrk_class_code": "7420",
        "evrk_class_title": "Fotografavimo veikla",
        "evrk_subclass_code": "742000",
        "evrk_subclass_title": "Fotografavimo veikla",
        "object_id": 1021
      }
    },
    {
      "type": "Feature",
      "id": 1022,
      "geometry": null,
      "properties": {
        "evrk_section_code": "M",
        "evrk_section_title": "Profesinė, mokslinė ir techninė veikla",
        "evrk_chapter_code": "75",
        "evrk_chapter_title": "Veterinarinė veikla",
        "evrk_group_code": "750",
        "evrk_group_title": "Veterinarinė veikla",
        "evrk_class_code": "7500",
        "evrk_class_title": "Veterinarinė veikla",
        "evrk_subclass_code": "750030",
        "evrk_subclass_title": "Veterinarinė diagnostinė veikla",
        "object_id": 1022
      }
    },
    {
      "type": "Feature",
      "id": 1023,
      "geometry": null,
      "properties": {
        "evrk_section_code": "N",
        "evrk_section_title": "Administracinė ir aptarnavimo veikla",
        "evrk_chapter_code": "77",
        "evrk_chapter_title": "Nuoma ir išperkamoji nuoma",
        "evrk_group_code": "771",
        "evrk_group_title": "Variklinių transporto priemonių nuoma ir išperkamoji nuoma",
        "evrk_class_code": "7712",
        "evrk_class_title": "Sunkiasvorių variklinių transporto priemonių nuoma ir išperkamoji nuoma",
        "evrk_subclass_code": "771220",
        "evrk_subclass_title": "Turistinių autobusų nuoma",
        "object_id": 1023
      }
    },
    {
      "type": "Feature",
      "id": 1024,
      "geometry": null,
      "properties": {
        "evrk_section_code": "N",
        "evrk_section_title": "Administracinė ir aptarnavimo veikla",
        "evrk_chapter_code": "77",
        "evrk_chapter_title": "Nuoma ir išperkamoji nuoma",
        "evrk_group_code": "772",
        "evrk_group_title": "Asmeninių ir namų ūkio prekių nuoma ir išperkamoji nuoma",
        "evrk_class_code": "7720",
        "evrk_class_title": "Asmeninių ir namų ūkio prekių nuoma ir išperkamoji nuoma",
        "evrk_subclass_code": "772000",
        "evrk_subclass_title": "Asmeninių ir namų ūkio prekių nuoma ir išperkamoji nuoma",
        "object_id": 1024
      }
    },
    {
      "type": "Feature",
      "id": 1025,
      "geometry": null,
      "properties": {
        "evrk_section_code": "N",
        "evrk_section_title": "Administracinė ir aptarnavimo veikla",
        "evrk_chapter_code": "77",
        "evrk_chapter_title": "Nuoma ir išperkamoji nuoma",
        "evrk_group_code": "772",
        "evrk_group_title": "Asmeninių ir namų ūkio prekių nuoma ir išperkamoji nuoma",
        "evrk_class_code": "7721",
        "evrk_class_title": "Poilsio ir sporto reikmenų nuoma ir išperkamoji nuoma",
        "evrk_subclass_code": "772110",
        "evrk_subclass_title": "Pramoginių valčių nuoma",
        "object_id": 1025
      }
    },
    {
      "type": "Feature",
      "id": 1026,
      "geometry": null,
      "properties": {
        "evrk_section_code": "N",
        "evrk_section_title": "Administracinė ir aptarnavimo veikla",
        "evrk_chapter_code": "77",
        "evrk_chapter_title": "Nuoma ir išperkamoji nuoma",
        "evrk_group_code": "772",
        "evrk_group_title": "Asmeninių ir namų ūkio prekių nuoma ir išperkamoji nuoma",
        "evrk_class_code": "7721",
        "evrk_class_title": "Poilsio ir sporto reikmenų nuoma ir išperkamoji nuoma",
        "evrk_subclass_code": "772120",
        "evrk_subclass_title": "Jojamųjų žirgų nuoma",
        "object_id": 1026
      }
    },
    {
      "type": "Feature",
      "id": 1027,
      "geometry": null,
      "properties": {
        "evrk_section_code": "N",
        "evrk_section_title": "Administracinė ir aptarnavimo veikla",
        "evrk_chapter_code": "77",
        "evrk_chapter_title": "Nuoma ir išperkamoji nuoma",
        "evrk_group_code": "772",
        "evrk_group_title": "Asmeninių ir namų ūkio prekių nuoma ir išperkamoji nuoma",
        "evrk_class_code": "7722",
        "evrk_class_title": "Vaizdajuosčių ir kompaktinių diskų nuoma",
        "evrk_subclass_code": "772200",
        "evrk_subclass_title": "Vaizdajuosčių ir kompaktinių diskų nuoma",
        "object_id": 1027
      }
    },
    {
      "type": "Feature",
      "id": 1028,
      "geometry": null,
      "properties": {
        "evrk_section_code": "N",
        "evrk_section_title": "Administracinė ir aptarnavimo veikla",
        "evrk_chapter_code": "77",
        "evrk_chapter_title": "Nuoma ir išperkamoji nuoma",
        "evrk_group_code": "772",
        "evrk_group_title": "Asmeninių ir namų ūkio prekių nuoma ir išperkamoji nuoma",
        "evrk_class_code": "7729",
        "evrk_class_title": "Kitų asmeninių ir namų ūkio prekių nuoma ir išperkamoji nuoma",
        "evrk_subclass_code": "772900",
        "evrk_subclass_title": "Kitų asmeninių ir namų ūkio prekių nuoma ir išperkamoji nuoma",
        "object_id": 1028
      }
    },
    {
      "type": "Feature",
      "id": 1029,
      "geometry": null,
      "properties": {
        "evrk_section_code": "N",
        "evrk_section_title": "Administracinė ir aptarnavimo veikla",
        "evrk_chapter_code": "77",
        "evrk_chapter_title": "Nuoma ir išperkamoji nuoma",
        "evrk_group_code": "772",
        "evrk_group_title": "Asmeninių ir namų ūkio prekių nuoma ir išperkamoji nuoma",
        "evrk_class_code": "7729",
        "evrk_class_title": "Kitų asmeninių ir namų ūkio prekių nuoma ir išperkamoji nuoma",
        "evrk_subclass_code": "772920",
        "evrk_subclass_title": "Baldų ir kitų asmeniniam naudojimui skirtų daiktų nuoma",
        "object_id": 1029
      }
    },
    {
      "type": "Feature",
      "id": 1030,
      "geometry": null,
      "properties": {
        "evrk_section_code": "N",
        "evrk_section_title": "Administracinė ir aptarnavimo veikla",
        "evrk_chapter_code": "77",
        "evrk_chapter_title": "Nuoma ir išperkamoji nuoma",
        "evrk_group_code": "772",
        "evrk_group_title": "Asmeninių ir namų ūkio prekių nuoma ir išperkamoji nuoma",
        "evrk_class_code": "7729",
        "evrk_class_title": "Kitų asmeninių ir namų ūkio prekių nuoma ir išperkamoji nuoma",
        "evrk_subclass_code": "772930",
        "evrk_subclass_title": "Muzikos instrumentų, teatro dekoracijų ir kostiumų nuoma",
        "object_id": 1030
      }
    },
    {
      "type": "Feature",
      "id": 1031,
      "geometry": null,
      "properties": {
        "evrk_section_code": "N",
        "evrk_section_title": "Administracinė ir aptarnavimo veikla",
        "evrk_chapter_code": "77",
        "evrk_chapter_title": "Nuoma ir išperkamoji nuoma",
        "evrk_group_code": "773",
        "evrk_group_title": "Kitų mašinų, įrangos ir materialiųjų vertybių nuoma ir išperkamoji nuoma",
        "evrk_class_code": "7732",
        "evrk_class_title": "Statybos ir inžinerinių statybos darbų mašinų ir įrenginių nuoma ir išperkamoji nuoma",
        "evrk_subclass_code": "773200",
        "evrk_subclass_title": "Statybos ir inžinerinių statybos darbų mašinų ir įrenginių nuoma ir išperkamoji nuoma",
        "object_id": 1031
      }
    },
    {
      "type": "Feature",
      "id": 1032,
      "geometry": null,
      "properties": {
        "evrk_section_code": "N",
        "evrk_section_title": "Administracinė ir aptarnavimo veikla",
        "evrk_chapter_code": "77",
        "evrk_chapter_title": "Nuoma ir išperkamoji nuoma",
        "evrk_group_code": "773",
        "evrk_group_title": "Kitų mašinų, įrangos ir materialiųjų vertybių nuoma ir išperkamoji nuoma",
        "evrk_class_code": "7733",
        "evrk_class_title": "Įstaigos mašinų ir įrangos, įskaitant kompiuterius, nuoma ir išperkamoji nuoma",
        "evrk_subclass_code": "773300",
        "evrk_subclass_title": "Įstaigos mašinų ir įrangos, įskaitant kompiuterius, nuoma ir išperkamoji nuoma",
        "object_id": 1032
      }
    },
    {
      "type": "Feature",
      "id": 1033,
      "geometry": null,
      "properties": {
        "evrk_section_code": "N",
        "evrk_section_title": "Administracinė ir aptarnavimo veikla",
        "evrk_chapter_code": "77",
        "evrk_chapter_title": "Nuoma ir išperkamoji nuoma",
        "evrk_group_code": "773",
        "evrk_group_title": "Kitų mašinų, įrangos ir materialiųjų vertybių nuoma ir išperkamoji nuoma",
        "evrk_class_code": "7739",
        "evrk_class_title": "Kitų, niekur kitur nepriskirtų, mašinų, įrangos ir materialiųjų vertybių nuoma ir išperkamoji nuoma",
        "evrk_subclass_code": "773940",
        "evrk_subclass_title": "Konteinerių, kilnojamųjų platformų ir padėklų nuoma",
        "object_id": 1033
      }
    },
    {
      "type": "Feature",
      "id": 1034,
      "geometry": null,
      "properties": {
        "evrk_section_code": "N",
        "evrk_section_title": "Administracinė ir aptarnavimo veikla",
        "evrk_chapter_code": "77",
        "evrk_chapter_title": "Nuoma ir išperkamoji nuoma",
        "evrk_group_code": "774",
        "evrk_group_title": "Intelektinės nuosavybės ir panašių produktų, išskyrus autorių teisių saugomus objektus, išperkamoji nuoma",
        "evrk_class_code": "7740",
        "evrk_class_title": "Intelektinės nuosavybės ir panašių produktų, išskyrus autorių teisių saugomus objektus, išperkamoji nuoma",
        "evrk_subclass_code": "774000",
        "evrk_subclass_title": "Intelektinės nuosavybės ir panašių produktų, išskyrus autorių teisių saugomus objektus, išperkamoji nuoma",
        "object_id": 1034
      }
    },
    {
      "type": "Feature",
      "id": 1035,
      "geometry": null,
      "properties": {
        "evrk_section_code": "N",
        "evrk_section_title": "Administracinė ir aptarnavimo veikla",
        "evrk_chapter_code": "79",
        "evrk_chapter_title": "Kelionių agentūrų, ekskursijų organizatorių, išankstinio užsakymo paslaugų ir susijusi veikla",
        "evrk_group_code": "790",
        "evrk_group_title": "Kelionių agentūrų, ekskursijų organizatorių, išankstinio užsakymo paslaugų ir susijusi veikla",
        "evrk_class_code": "7900",
        "evrk_class_title": "Kelionių agentūrų, ekskursijų organizatorių, išankstinio užsakymo paslaugų ir susijusi veikla",
        "evrk_subclass_code": "790000",
        "evrk_subclass_title": "Kelionių agentūrų, ekskursijų organizatorių, išankstinio užsakymo paslaugų ir susijusi veikla",
        "object_id": 1035
      }
    },
    {
      "type": "Feature",
      "id": 1036,
      "geometry": null,
      "properties": {
        "evrk_section_code": "N",
        "evrk_section_title": "Administracinė ir aptarnavimo veikla",
        "evrk_chapter_code": "79",
        "evrk_chapter_title": "Kelionių agentūrų, ekskursijų organizatorių, išankstinio užsakymo paslaugų ir susijusi veikla",
        "evrk_group_code": "791",
        "evrk_group_title": "Kelionių agentūrų ir ekskursijų organizatorių veikla",
        "evrk_class_code": "7910",
        "evrk_class_title": "Kelionių agentūrų ir ekskursijų organizatorių veikla",
        "evrk_subclass_code": "791000",
        "evrk_subclass_title": "Kelionių agentūrų ir ekskursijų organizatorių veikla",
        "object_id": 1036
      }
    },
    {
      "type": "Feature",
      "id": 1037,
      "geometry": null,
      "properties": {
        "evrk_section_code": "N",
        "evrk_section_title": "Administracinė ir aptarnavimo veikla",
        "evrk_chapter_code": "82",
        "evrk_chapter_title": "Administracinė veikla, įstaigų ir kitų verslo įmonių aptarnavimo veikla",
        "evrk_group_code": "820",
        "evrk_group_title": "Administracinė veikla, įstaigų ir kitų verslo įmonių aptarnavimo veikla",
        "evrk_class_code": "8200",
        "evrk_class_title": "Administracinė veikla, įstaigų ir kitų verslo įmonių aptarnavimo veikla",
        "evrk_subclass_code": "820000",
        "evrk_subclass_title": "Administracinė veikla, įstaigų ir kitų verslo įmonių aptarnavimo veikla",
        "object_id": 1037
      }
    },
    {
      "type": "Feature",
      "id": 1038,
      "geometry": null,
      "properties": {
        "evrk_section_code": "N",
        "evrk_section_title": "Administracinė ir aptarnavimo veikla",
        "evrk_chapter_code": "82",
        "evrk_chapter_title": "Administracinė veikla, įstaigų ir kitų verslo įmonių aptarnavimo veikla",
        "evrk_group_code": "821",
        "evrk_group_title": "Įstaigų administracinė ir aptarnavimo veikla",
        "evrk_class_code": "8210",
        "evrk_class_title": "Įstaigų administracinė ir aptarnavimo veikla",
        "evrk_subclass_code": "821000",
        "evrk_subclass_title": "Įstaigų administracinė ir aptarnavimo veikla",
        "object_id": 1038
      }
    },
    {
      "type": "Feature",
      "id": 1039,
      "geometry": null,
      "properties": {
        "evrk_section_code": "N",
        "evrk_section_title": "Administracinė ir aptarnavimo veikla",
        "evrk_chapter_code": "82",
        "evrk_chapter_title": "Administracinė veikla, įstaigų ir kitų verslo įmonių aptarnavimo veikla",
        "evrk_group_code": "821",
        "evrk_group_title": "Įstaigų administracinė ir aptarnavimo veikla",
        "evrk_class_code": "8211",
        "evrk_class_title": "Kombinuotųjų įstaigos administracinių paslaugų veikla",
        "evrk_subclass_code": "821100",
        "evrk_subclass_title": "Kombinuotųjų įstaigos administracinių paslaugų veikla",
        "object_id": 1039
      }
    },
    {
      "type": "Feature",
      "id": 1040,
      "geometry": null,
      "properties": {
        "evrk_section_code": "N",
        "evrk_section_title": "Administracinė ir aptarnavimo veikla",
        "evrk_chapter_code": "82",
        "evrk_chapter_title": "Administracinė veikla, įstaigų ir kitų verslo įmonių aptarnavimo veikla",
        "evrk_group_code": "829",
        "evrk_group_title": "Niekur kitur nepriskirta verslui būdingų paslaugų veikla",
        "evrk_class_code": "8290",
        "evrk_class_title": "Niekur kitur nepriskirta verslui būdingų paslaugų veikla",
        "evrk_subclass_code": "829000",
        "evrk_subclass_title": "Niekur kitur nepriskirta verslui būdingų paslaugų veikla",
        "object_id": 1040
      }
    },
    {
      "type": "Feature",
      "id": 1041,
      "geometry": null,
      "properties": {
        "evrk_section_code": "O",
        "evrk_section_title": "Viešasis valdymas ir gynyba; privalomasis socialinis draudimas",
        "evrk_chapter_code": "84",
        "evrk_chapter_title": "Viešasis valdymas ir gynyba; privalomasis socialinis draudimas",
        "evrk_group_code": "841",
        "evrk_group_title": "Valstybės valdymas ir bendroji ekonominė bei socialinė bendruomenės politika",
        "evrk_class_code": "8411",
        "evrk_class_title": "Bendroji viešojo valdymo veikla",
        "evrk_subclass_code": "841160",
        "evrk_subclass_title": "Centrinių administracinių institucijų įstatymų leidžiamoji ir vykdomoji veikla",
        "object_id": 1041
      }
    },
    {
      "type": "Feature",
      "id": 1042,
      "geometry": null,
      "properties": {
        "evrk_section_code": "O",
        "evrk_section_title": "Viešasis valdymas ir gynyba; privalomasis socialinis draudimas",
        "evrk_chapter_code": "84",
        "evrk_chapter_title": "Viešasis valdymas ir gynyba; privalomasis socialinis draudimas",
        "evrk_group_code": "841",
        "evrk_group_title": "Valstybės valdymas ir bendroji ekonominė bei socialinė bendruomenės politika",
        "evrk_class_code": "8413",
        "evrk_class_title": "Verslo veiklos reguliavimas ir parama efektyviau ją organizuoti",
        "evrk_subclass_code": "841300",
        "evrk_subclass_title": "Verslo veiklos reguliavimas ir parama efektyviau ją organizuoti",
        "object_id": 1042
      }
    },
    {
      "type": "Feature",
      "id": 1043,
      "geometry": null,
      "properties": {
        "evrk_section_code": "P",
        "evrk_section_title": "Švietimas",
        "evrk_chapter_code": "85",
        "evrk_chapter_title": "Švietimas",
        "evrk_group_code": "853",
        "evrk_group_title": "Vidurinis ugdymas",
        "evrk_class_code": "8531",
        "evrk_class_title": "Bendrasis vidurinis ugdymas",
        "evrk_subclass_code": "853100",
        "evrk_subclass_title": "Bendrasis vidurinis ugdymas",
        "object_id": 1043
      }
    },
    {
      "type": "Feature",
      "id": 1044,
      "geometry": null,
      "properties": {
        "evrk_section_code": "P",
        "evrk_section_title": "Švietimas",
        "evrk_chapter_code": "85",
        "evrk_chapter_title": "Švietimas",
        "evrk_group_code": "853",
        "evrk_group_title": "Vidurinis ugdymas",
        "evrk_class_code": "8532",
        "evrk_class_title": "Techninis ir profesinis vidurinis mokymas",
        "evrk_subclass_code": "853200",
        "evrk_subclass_title": "Techninis ir profesinis vidurinis mokymas",
        "object_id": 1044
      }
    },
    {
      "type": "Feature",
      "id": 1045,
      "geometry": null,
      "properties": {
        "evrk_section_code": "P",
        "evrk_section_title": "Švietimas",
        "evrk_chapter_code": "85",
        "evrk_chapter_title": "Švietimas",
        "evrk_group_code": "854",
        "evrk_group_title": "Aukštasis mokslas",
        "evrk_class_code": "8540",
        "evrk_class_title": "Aukštasis mokslas",
        "evrk_subclass_code": "854000",
        "evrk_subclass_title": "Aukštasis mokslas",
        "object_id": 1045
      }
    },
    {
      "type": "Feature",
      "id": 1046,
      "geometry": null,
      "properties": {
        "evrk_section_code": "Q",
        "evrk_section_title": "Žmonių sveikatos priežiūra ir socialinis darbas",
        "evrk_chapter_code": "86",
        "evrk_chapter_title": "Žmonių sveikatos priežiūros veikla",
        "evrk_group_code": "860",
        "evrk_group_title": "Žmonių sveikatos priežiūros veikla",
        "evrk_class_code": "8600",
        "evrk_class_title": "Žmonių sveikatos priežiūros veikla",
        "evrk_subclass_code": "860000",
        "evrk_subclass_title": "Žmonių sveikatos priežiūros veikla",
        "object_id": 1046
      }
    },
    {
      "type": "Feature",
      "id": 1047,
      "geometry": null,
      "properties": {
        "evrk_section_code": "Q",
        "evrk_section_title": "Žmonių sveikatos priežiūra ir socialinis darbas",
        "evrk_chapter_code": "86",
        "evrk_chapter_title": "Žmonių sveikatos priežiūros veikla",
        "evrk_group_code": "861",
        "evrk_group_title": "Ligoninių veikla",
        "evrk_class_code": "8610",
        "evrk_class_title": "Ligoninių veikla",
        "evrk_subclass_code": "861030",
        "evrk_subclass_title": "Reabilitacijos ligoninių veikla",
        "object_id": 1047
      }
    },
    {
      "type": "Feature",
      "id": 1048,
      "geometry": null,
      "properties": {
        "evrk_section_code": "Q",
        "evrk_section_title": "Žmonių sveikatos priežiūra ir socialinis darbas",
        "evrk_chapter_code": "86",
        "evrk_chapter_title": "Žmonių sveikatos priežiūros veikla",
        "evrk_group_code": "862",
        "evrk_group_title": "Medicininės ir odontologinės praktikos veikla",
        "evrk_class_code": "8620",
        "evrk_class_title": "Medicininės ir odontologinės praktikos veikla",
        "evrk_subclass_code": "862000",
        "evrk_subclass_title": "Medicininės ir odontologinės praktikos veikla",
        "object_id": 1048
      }
    },
    {
      "type": "Feature",
      "id": 1049,
      "geometry": null,
      "properties": {
        "evrk_section_code": "Q",
        "evrk_section_title": "Žmonių sveikatos priežiūra ir socialinis darbas",
        "evrk_chapter_code": "86",
        "evrk_chapter_title": "Žmonių sveikatos priežiūros veikla",
        "evrk_group_code": "869",
        "evrk_group_title": "Kita žmonių sveikatos priežiūros veikla",
        "evrk_class_code": "8690",
        "evrk_class_title": "Kita žmonių sveikatos priežiūros veikla",
        "evrk_subclass_code": "869030",
        "evrk_subclass_title": "Medicinos laboratorijų veikla",
        "object_id": 1049
      }
    },
    {
      "type": "Feature",
      "id": 1050,
      "geometry": null,
      "properties": {
        "evrk_section_code": "Q",
        "evrk_section_title": "Žmonių sveikatos priežiūra ir socialinis darbas",
        "evrk_chapter_code": "87",
        "evrk_chapter_title": "Kita stacionarinė globos veikla",
        "evrk_group_code": "870",
        "evrk_group_title": "Kita stacionarinė globos veikla",
        "evrk_class_code": "8700",
        "evrk_class_title": "Kita stacionarinė globos veikla",
        "evrk_subclass_code": "870000",
        "evrk_subclass_title": "Kita stacionarinė globos veikla",
        "object_id": 1050
      }
    },
    {
      "type": "Feature",
      "id": 1051,
      "geometry": null,
      "properties": {
        "evrk_section_code": "Q",
        "evrk_section_title": "Žmonių sveikatos priežiūra ir socialinis darbas",
        "evrk_chapter_code": "87",
        "evrk_chapter_title": "Kita stacionarinė globos veikla",
        "evrk_group_code": "872",
        "evrk_group_title": "Stacionarinė protiškai atsilikusių, psichikos ligonių, sergančiųjų priklausomybės ligomis globos veikla",
        "evrk_class_code": "8720",
        "evrk_class_title": "Stacionarinė protiškai atsilikusių, psichikos ligonių, sergančiųjų priklausomybės ligomis globos veikla",
        "evrk_subclass_code": "872000",
        "evrk_subclass_title": "Stacionarinė protiškai atsilikusių, psichikos ligonių, sergančiųjų priklausomybės ligomis globos veikla",
        "object_id": 1051
      }
    },
    {
      "type": "Feature",
      "id": 1052,
      "geometry": null,
      "properties": {
        "evrk_section_code": "Q",
        "evrk_section_title": "Žmonių sveikatos priežiūra ir socialinis darbas",
        "evrk_chapter_code": "88",
        "evrk_chapter_title": "Nesusijusio su apgyvendinimu socialinio darbo veikla",
        "evrk_group_code": "880",
        "evrk_group_title": "Nesusijusio su apgyvendinimu socialinio darbo veikla",
        "evrk_class_code": "8800",
        "evrk_class_title": "Nesusijusio su apgyvendinimu socialinio darbo veikla",
        "evrk_subclass_code": "880000",
        "evrk_subclass_title": "Nesusijusio su apgyvendinimu socialinio darbo veikla",
        "object_id": 1052
      }
    },
    {
      "type": "Feature",
      "id": 1053,
      "geometry": null,
      "properties": {
        "evrk_section_code": "Q",
        "evrk_section_title": "Žmonių sveikatos priežiūra ir socialinis darbas",
        "evrk_chapter_code": "88",
        "evrk_chapter_title": "Nesusijusio su apgyvendinimu socialinio darbo veikla",
        "evrk_group_code": "889",
        "evrk_group_title": "Kita, nesusijusi su apgyvendinimu, socialinio darbo veikla",
        "evrk_class_code": "8899",
        "evrk_class_title": "Kita, niekur kitur nepriskirta, nesusijusi su apgyvendinimu socialinio darbo veikla",
        "evrk_subclass_code": "889900",
        "evrk_subclass_title": "Kita, niekur kitur nepriskirta, nesusijusi su apgyvendinimu socialinio darbo veikla",
        "object_id": 1053
      }
    },
    {
      "type": "Feature",
      "id": 1054,
      "geometry": null,
      "properties": {
        "evrk_section_code": "R",
        "evrk_section_title": "Meninė, pramoginė ir poilsio organizavimo veikla",
        "evrk_chapter_code": "90",
        "evrk_chapter_title": "Kūrybinė, meninė ir pramogų organizavimo veikla",
        "evrk_group_code": "900",
        "evrk_group_title": "Kūrybinė, meninė ir pramogų organizavimo veikla",
        "evrk_class_code": "9000",
        "evrk_class_title": "Kūrybinė, meninė ir pramogų organizavimo veikla",
        "evrk_subclass_code": "900000",
        "evrk_subclass_title": "Kūrybinė, meninė ir pramogų organizavimo veikla",
        "object_id": 1054
      }
    },
    {
      "type": "Feature",
      "id": 1055,
      "geometry": null,
      "properties": {
        "evrk_section_code": "R",
        "evrk_section_title": "Meninė, pramoginė ir poilsio organizavimo veikla",
        "evrk_chapter_code": "90",
        "evrk_chapter_title": "Kūrybinė, meninė ir pramogų organizavimo veikla",
        "evrk_group_code": "900",
        "evrk_group_title": "Kūrybinė, meninė ir pramogų organizavimo veikla",
        "evrk_class_code": "9002",
        "evrk_class_title": "Scenos pastatymams būdingų paslaugų veikla",
        "evrk_subclass_code": "900200",
        "evrk_subclass_title": "Scenos pastatymams būdingų paslaugų veikla",
        "object_id": 1055
      }
    },
    {
      "type": "Feature",
      "id": 1056,
      "geometry": null,
      "properties": {
        "evrk_section_code": "R",
        "evrk_section_title": "Meninė, pramoginė ir poilsio organizavimo veikla",
        "evrk_chapter_code": "93",
        "evrk_chapter_title": "Sportinė veikla, pramogų ir poilsio organizavimo veikla",
        "evrk_group_code": "931",
        "evrk_group_title": "Sportinė veikla",
        "evrk_class_code": "9311",
        "evrk_class_title": "Sporto įrenginių eksploatavimas",
        "evrk_subclass_code": "931100",
        "evrk_subclass_title": "Sporto įrenginių eksploatavimas",
        "object_id": 1056
      }
    },
    {
      "type": "Feature",
      "id": 1057,
      "geometry": null,
      "properties": {
        "evrk_section_code": "R",
        "evrk_section_title": "Meninė, pramoginė ir poilsio organizavimo veikla",
        "evrk_chapter_code": "93",
        "evrk_chapter_title": "Sportinė veikla, pramogų ir poilsio organizavimo veikla",
        "evrk_group_code": "931",
        "evrk_group_title": "Sportinė veikla",
        "evrk_class_code": "9319",
        "evrk_class_title": "Kita sportinė veikla",
        "evrk_subclass_code": "931910",
        "evrk_subclass_title": "Sportinė ar mėgėjų medžioklė ir su ja susijusi veikla",
        "object_id": 1057
      }
    },
    {
      "type": "Feature",
      "id": 1058,
      "geometry": null,
      "properties": {
        "evrk_section_code": "R",
        "evrk_section_title": "Meninė, pramoginė ir poilsio organizavimo veikla",
        "evrk_chapter_code": "93",
        "evrk_chapter_title": "Sportinė veikla, pramogų ir poilsio organizavimo veikla",
        "evrk_group_code": "931",
        "evrk_group_title": "Sportinė veikla",
        "evrk_class_code": "9319",
        "evrk_class_title": "Kita sportinė veikla",
        "evrk_subclass_code": "931920",
        "evrk_subclass_title": "Sportinė ar mėgėjų žvejyba ir su ja susijusi veikla",
        "object_id": 1058
      }
    },
    {
      "type": "Feature",
      "id": 1059,
      "geometry": null,
      "properties": {
        "evrk_section_code": "S",
        "evrk_section_title": "Kita aptarnavimo veikla",
        "evrk_chapter_code": "94",
        "evrk_chapter_title": "Narystės organizacijų veikla",
        "evrk_group_code": "940",
        "evrk_group_title": "Narystės organizacijų veikla",
        "evrk_class_code": "9400",
        "evrk_class_title": "Narystės organizacijų veikla",
        "evrk_subclass_code": "940000",
        "evrk_subclass_title": "Narystės organizacijų veikla",
        "object_id": 1059
      }
    },
    {
      "type": "Feature",
      "id": 1060,
      "geometry": null,
      "properties": {
        "evrk_section_code": "S",
        "evrk_section_title": "Kita aptarnavimo veikla",
        "evrk_chapter_code": "95",
        "evrk_chapter_title": "Kompiuterių ir asmeninių bei namų ūkio reikmenų taisymas",
        "evrk_group_code": "951",
        "evrk_group_title": "Kompiuterių ir ryšių įrangos remontas",
        "evrk_class_code": "9511",
        "evrk_class_title": "Kompiuterių ir išorinės įrangos remontas",
        "evrk_subclass_code": "951100",
        "evrk_subclass_title": "Kompiuterių ir išorinės įrangos remontas",
        "object_id": 1060
      }
    },
    {
      "type": "Feature",
      "id": 1061,
      "geometry": null,
      "properties": {
        "evrk_section_code": "S",
        "evrk_section_title": "Kita aptarnavimo veikla",
        "evrk_chapter_code": "95",
        "evrk_chapter_title": "Kompiuterių ir asmeninių bei namų ūkio reikmenų taisymas",
        "evrk_group_code": "951",
        "evrk_group_title": "Kompiuterių ir ryšių įrangos remontas",
        "evrk_class_code": "9512",
        "evrk_class_title": "Ryšių įrangos remontas",
        "evrk_subclass_code": "951210",
        "evrk_subclass_title": "Ryšio sistemų techninė priežiūra",
        "object_id": 1061
      }
    },
    {
      "type": "Feature",
      "id": 1062,
      "geometry": null,
      "properties": {
        "evrk_section_code": "S",
        "evrk_section_title": "Kita aptarnavimo veikla",
        "evrk_chapter_code": "95",
        "evrk_chapter_title": "Kompiuterių ir asmeninių bei namų ūkio reikmenų taisymas",
        "evrk_group_code": "952",
        "evrk_group_title": "Asmeninių ir namų ūkio reikmenų taisymas",
        "evrk_class_code": "9521",
        "evrk_class_title": "Vartotojiškos elektroninės įrangos remontas",
        "evrk_subclass_code": "952100",
        "evrk_subclass_title": "Vartotojiškos elektroninės įrangos remontas",
        "object_id": 1062
      }
    },
    {
      "type": "Feature",
      "id": 1063,
      "geometry": null,
      "properties": {
        "evrk_section_code": "S",
        "evrk_section_title": "Kita aptarnavimo veikla",
        "evrk_chapter_code": "95",
        "evrk_chapter_title": "Kompiuterių ir asmeninių bei namų ūkio reikmenų taisymas",
        "evrk_group_code": "952",
        "evrk_group_title": "Asmeninių ir namų ūkio reikmenų taisymas",
        "evrk_class_code": "9522",
        "evrk_class_title": "Buitinių aparatų ir prietaisų, namų bei sodo įrangos remontas",
        "evrk_subclass_code": "952200",
        "evrk_subclass_title": "Buitinių aparatų ir prietaisų, namų bei sodo įrangos remontas",
        "object_id": 1063
      }
    },
    {
      "type": "Feature",
      "id": 1064,
      "geometry": null,
      "properties": {
        "evrk_section_code": "S",
        "evrk_section_title": "Kita aptarnavimo veikla",
        "evrk_chapter_code": "96",
        "evrk_chapter_title": "Kita asmenų aptarnavimo veikla",
        "evrk_group_code": "960",
        "evrk_group_title": "Kita asmenų aptarnavimo veikla",
        "evrk_class_code": "9601",
        "evrk_class_title": "Tekstilės ir kailių gaminių skalbimas ir (sausasis) valymas",
        "evrk_subclass_code": "960100",
        "evrk_subclass_title": "Tekstilės ir kailių gaminių skalbimas ir (sausasis) valymas",
        "object_id": 1064
      }
    },
    {
      "type": "Feature",
      "id": 1065,
      "geometry": null,
      "properties": {
        "evrk_section_code": "S",
        "evrk_section_title": "Kita aptarnavimo veikla",
        "evrk_chapter_code": "96",
        "evrk_chapter_title": "Kita asmenų aptarnavimo veikla",
        "evrk_group_code": "960",
        "evrk_group_title": "Kita asmenų aptarnavimo veikla",
        "evrk_class_code": "9609",
        "evrk_class_title": "Kita, niekur kitur nepriskirta, asmenų aptarnavimo veikla",
        "evrk_subclass_code": "960900",
        "evrk_subclass_title": "Kita, niekur kitur nepriskirta, asmenų aptarnavimo veikla",
        "object_id": 1065
      }
    },
    {
      "type": "Feature",
      "id": 1066,
      "geometry": null,
      "properties": {
        "evrk_section_code": "T",
        "evrk_section_title": "Namų ūkių, samdančių darbininkus, veikla; namų ūkių veikla, susijusi su savoms reikmėms tenkinti skirtų nediferencijuojamų gaminių gamyba ir paslaugų teikimu",
        "evrk_chapter_code": "97",
        "evrk_chapter_title": "Namų ūkių, samdančių namų ūkio personalą, veikla",
        "evrk_group_code": "970",
        "evrk_group_title": "Namų ūkių, samdančių namų ūkio personalą, veikla",
        "evrk_class_code": "9700",
        "evrk_class_title": "Namų ūkių, samdančių namų ūkio personalą, veikla",
        "evrk_subclass_code": "970000",
        "evrk_subclass_title": "Namų ūkių, samdančių namų ūkio personalą, veikla",
        "object_id": 1066
      }
    },
    {
      "type": "Feature",
      "id": 1067,
      "geometry": null,
      "properties": {
        "evrk_section_code": "T",
        "evrk_section_title": "Namų ūkių, samdančių darbininkus, veikla; namų ūkių veikla, susijusi su savoms reikmėms tenkinti skirtų nediferencijuojamų gaminių gamyba ir paslaugų teikimu",
        "evrk_chapter_code": "98",
        "evrk_chapter_title": "Privačių namų ūkių veikla, susijusi su savoms reikmėms tenkinti skirtų nediferencijuojamų gaminių gamyba ir paslaugų teikimu",
        "evrk_group_code": "981",
        "evrk_group_title": "Privačių namų ūkių veikla, susijusi su savoms reikmėms tenkinti skirtų nediferencijuojamų gaminių ar reikmenų gamyba",
        "evrk_class_code": "9810",
        "evrk_class_title": "Privačių namų ūkių veikla, susijusi su savoms reikmėms tenkinti skirtų nediferencijuojamų gaminių ar reikmenų gamyba",
        "evrk_subclass_code": "981000",
        "evrk_subclass_title": "Privačių namų ūkių veikla, susijusi su savoms reikmėms tenkinti skirtų nediferencijuojamų gaminių ar reikmenų gamyba",
        "object_id": 1067
      }
    },
    {
      "type": "Feature",
      "id": 1068,
      "geometry": null,
      "properties": {
        "evrk_section_code": "C",
        "evrk_section_title": "Apdirbamoji gamyba",
        "evrk_chapter_code": "16",
        "evrk_chapter_title": "Medienos bei medienos ir kamštienos gaminių, išskyrus baldus, gamyba; gaminių iš šiaudų ir pynimo medžiagų gamyba",
        "evrk_group_code": "160",
        "evrk_group_title": "Medienos bei medienos ir kamštienos gaminių, išskyrus baldus, gamyba; gaminių iš šiaudų ir pynimo medžiagų gamyba",
        "evrk_class_code": "1600",
        "evrk_class_title": "Medienos bei medienos ir kamštienos gaminių, išskyrus baldus, gamyba; gaminių iš šiaudų ir pynimo medžiagų gamyba",
        "evrk_subclass_code": "160000",
        "evrk_subclass_title": "Medienos bei medienos ir kamštienos gaminių, išskyrus baldus, gamyba; gaminių iš šiaudų ir pynimo medžiagų gamyba",
        "object_id": 1068
      }
    },
    {
      "type": "Feature",
      "id": 1069,
      "geometry": null,
      "properties": {
        "evrk_section_code": "C",
        "evrk_section_title": "Apdirbamoji gamyba",
        "evrk_chapter_code": "20",
        "evrk_chapter_title": "Chemikalų ir chemijos produktų gamyba",
        "evrk_group_code": "203",
        "evrk_group_title": "Dažų, lakų ir panašių dangų medžiagų, spaustuvinių dažų ir mastikų gamyba",
        "evrk_class_code": "2030",
        "evrk_class_title": "Dažų, lakų ir panašių dangų medžiagų, spaustuvinių dažų ir mastikų gamyba",
        "evrk_subclass_code": "203000",
        "evrk_subclass_title": "Dažų, lakų ir panašių dangų medžiagų, spaustuvinių dažų ir mastikų gamyba",
        "object_id": 1069
      }
    },
    {
      "type": "Feature",
      "id": 1070,
      "geometry": null,
      "properties": {
        "evrk_section_code": "C",
        "evrk_section_title": "Apdirbamoji gamyba",
        "evrk_chapter_code": "20",
        "evrk_chapter_title": "Chemikalų ir chemijos produktų gamyba",
        "evrk_group_code": "205",
        "evrk_group_title": "Kitų cheminių medžiagų gamyba",
        "evrk_class_code": "2059",
        "evrk_class_title": "Kitų, niekur kitur nepriskirtų, cheminių medžiagų gamyba",
        "evrk_subclass_code": "205900",
        "evrk_subclass_title": "Kitų, niekur kitur nepriskirtų, cheminių medžiagų gamyba",
        "object_id": 1070
      }
    },
    {
      "type": "Feature",
      "id": 1071,
      "geometry": null,
      "properties": {
        "evrk_section_code": "C",
        "evrk_section_title": "Apdirbamoji gamyba",
        "evrk_chapter_code": "22",
        "evrk_chapter_title": "Guminių ir plastikinių gaminių gamyba",
        "evrk_group_code": "222",
        "evrk_group_title": "Plastikinių gaminių gamyba",
        "evrk_class_code": "2220",
        "evrk_class_title": "Plastikinių gaminių gamyba",
        "evrk_subclass_code": "222000",
        "evrk_subclass_title": "Plastikinių gaminių gamyba",
        "object_id": 1071
      }
    },
    {
      "type": "Feature",
      "id": 1072,
      "geometry": null,
      "properties": {
        "evrk_section_code": "F",
        "evrk_section_title": "Statyba",
        "evrk_chapter_code": "43",
        "evrk_chapter_title": "Specializuota statybos veikla",
        "evrk_group_code": "433",
        "evrk_group_title": "Statybos baigimas ir apdaila",
        "evrk_class_code": "4330",
        "evrk_class_title": "Statybos baigimas ir apdaila",
        "evrk_subclass_code": "433000",
        "evrk_subclass_title": "Statybos baigimas ir apdaila",
        "object_id": 1072
      }
    },
    {
      "type": "Feature",
      "id": 1073,
      "geometry": null,
      "properties": {
        "evrk_section_code": "H",
        "evrk_section_title": "Transportas ir saugojimas",
        "evrk_chapter_code": "52",
        "evrk_chapter_title": "Sandėliavimas ir transportui būdingų paslaugų veikla",
        "evrk_group_code": "522",
        "evrk_group_title": "Transportui būdingų paslaugų veikla",
        "evrk_class_code": "5222",
        "evrk_class_title": "Vandens transportui būdingų paslaugų veikla",
        "evrk_subclass_code": "522200",
        "evrk_subclass_title": "Vandens transportui būdingų paslaugų veikla",
        "object_id": 1073
      }
    },
    {
      "type": "Feature",
      "id": 1074,
      "geometry": null,
      "properties": {
        "evrk_section_code": "K",
        "evrk_section_title": "Finansinė ir draudimo veikla",
        "evrk_chapter_code": "64",
        "evrk_chapter_title": "Finansinių paslaugų veikla, išskyrus draudimą ir pensijų lėšų kaupimą",
        "evrk_group_code": "649",
        "evrk_group_title": "Kita finansinių paslaugų veikla, išskyrus draudimą ir pensijų lėšų kaupimą",
        "evrk_class_code": "6490",
        "evrk_class_title": "Kita finansinių paslaugų veikla, išskyrus draudimą ir pensijų lėšų kaupimą",
        "evrk_subclass_code": "649000",
        "evrk_subclass_title": "Kita finansinių paslaugų veikla, išskyrus draudimą ir pensijų lėšų kaupimą",
        "object_id": 1074
      }
    },
    {
      "type": "Feature",
      "id": 1075,
      "geometry": null,
      "properties": {
        "evrk_section_code": "M",
        "evrk_section_title": "Profesinė, mokslinė ir techninė veikla",
        "evrk_chapter_code": "69",
        "evrk_chapter_title": "Teisinė ir apskaitos veikla",
        "evrk_group_code": "691",
        "evrk_group_title": "Teisinė veikla",
        "evrk_class_code": "6910",
        "evrk_class_title": "Teisinė veikla",
        "evrk_subclass_code": "691000",
        "evrk_subclass_title": "Teisinė veikla",
        "object_id": 1075
      }
    },
    {
      "type": "Feature",
      "id": 1076,
      "geometry": null,
      "properties": {
        "evrk_section_code": "M",
        "evrk_section_title": "Profesinė, mokslinė ir techninė veikla",
        "evrk_chapter_code": "71",
        "evrk_chapter_title": "Architektūros ir inžinerijos veikla; techninis tikrinimas ir analizė",
        "evrk_group_code": "712",
        "evrk_group_title": "Techninis tikrinimas ir analizė",
        "evrk_class_code": "7120",
        "evrk_class_title": "Techninis tikrinimas ir analizė",
        "evrk_subclass_code": "712000",
        "evrk_subclass_title": "Techninis tikrinimas ir analizė",
        "object_id": 1076
      }
    },
    {
      "type": "Feature",
      "id": 1077,
      "geometry": null,
      "properties": {
        "evrk_section_code": "M",
        "evrk_section_title": "Profesinė, mokslinė ir techninė veikla",
        "evrk_chapter_code": "72",
        "evrk_chapter_title": "Moksliniai tyrimai ir taikomoji veikla",
        "evrk_group_code": "721",
        "evrk_group_title": "Gamtos mokslų ir inžinerijos moksliniai tyrimai ir taikomoji veikla",
        "evrk_class_code": "7211",
        "evrk_class_title": "Biotechnologijos moksliniai tyrimai ir taikomoji veikla",
        "evrk_subclass_code": "721100",
        "evrk_subclass_title": "Biotechnologijos moksliniai tyrimai ir taikomoji veikla",
        "object_id": 1077
      }
    },
    {
      "type": "Feature",
      "id": 1078,
      "geometry": null,
      "properties": {
        "evrk_section_code": "N",
        "evrk_section_title": "Administracinė ir aptarnavimo veikla",
        "evrk_chapter_code": "81",
        "evrk_chapter_title": "Pastatų aptarnavimas ir kraštovaizdžio tvarkymas",
        "evrk_group_code": "813",
        "evrk_group_title": "Kraštovaizdžio tvarkymas",
        "evrk_class_code": "8130",
        "evrk_class_title": "Kraštovaizdžio tvarkymas",
        "evrk_subclass_code": "813000",
        "evrk_subclass_title": "Kraštovaizdžio tvarkymas",
        "object_id": 1078
      }
    }
  ]
}
