evrk_section_code,evrk_section_title,evrk_chapter_code,evrk_chapter_title,evrk_group_code,evrk_group_title,evrk_class_code,evrk_class_title,evrk_subclass_code,evrk_subclass_title,object_id
A,"Žemės ūkis, miškininkystė ir žuvininkystė",01,"Augalininkystė ir gyvulininkystė, medžioklė ir susijusių paslaugų veikla",011,Vienmečių augalų auginimas,0110,Vienmečių augalų auginimas,011000,Vienmečių augalų auginimas,1
A,"Žemės ūkis, miškininkystė ir žuvininkystė",01,"Augalininkystė ir gyvulininkystė, medžioklė ir susijusių paslaugų veikla",011,Vienmečių augalų auginimas,0113,"Daržovių ir melionų, šakniavaisių ir gumbavaisių auginimas",011300,"Daržovių ir melionų, šakniavaisių ir gumbavaisių auginimas",2
A,"Žemės ūkis, miškininkystė ir žuvininkystė",01,"Augalininkystė ir gyvulininkystė, medžioklė ir susijusių paslaugų veikla",011,Vienmečių augalų auginimas,0113,"Daržovių ir melionų, šakniavaisių ir gumbavaisių auginimas",011350,Daržovių sėklų gavyba,3
A,"Žemės ūkis, miškininkystė ir žuvininkystė",01,"Augalininkystė ir gyvulininkystė, medžioklė ir susijusių paslaugų veikla",011,Vienmečių augalų auginimas,0113,"Daržovių ir melionų, šakniavaisių ir gumbavaisių auginimas",011360,Grybų ir valgomųjų trumų auginimas,4
A,"Žemės ūkis, miškininkystė ir žuvininkystė",01,"Augalininkystė ir gyvulininkystė, medžioklė ir susijusių paslaugų veikla",011,Vienmečių augalų auginimas,0119,Kitų vienmečių augalų auginimas,011900,Kitų vienmečių augalų auginimas,5
A,"Žemės ūkis, miškininkystė ir žuvininkystė",01,"Augalininkystė ir gyvulininkystė, medžioklė ir susijusių paslaugų veikla",012,Daugiamečių augalų auginimas,0120,Daugiamečių augalų auginimas,012000,Daugiamečių augalų auginimas,6
A,"Žemės ūkis, miškininkystė ir žuvininkystė",01,"Augalininkystė ir gyvulininkystė, medžioklė ir susijusių paslaugų veikla",012,Daugiamečių augalų auginimas,0123,Citrusų vaisių auginimas,012300,Citrusų vaisių auginimas,7
A,"Žemės ūkis, miškininkystė ir žuvininkystė",01,"Augalininkystė ir gyvulininkystė, medžioklė ir susijusių paslaugų veikla",012,Daugiamečių augalų auginimas,0128,"Prieskoninių, kvapiųjų, vaistinių ir kitokių farmacijos pramonėje naudojamų augalų auginimas",012800,"Prieskoninių, kvapiųjų, vaistinių ir kitokių farmacijos pramonėje naudojamų augalų auginimas",8
A,"Žemės ūkis, miškininkystė ir žuvininkystė",01,"Augalininkystė ir gyvulininkystė, medžioklė ir susijusių paslaugų veikla",013,Augalų dauginimas,0130,Augalų dauginimas,013000,Augalų dauginimas,9
A,"Žemės ūkis, miškininkystė ir žuvininkystė",01,"Augalininkystė ir gyvulininkystė, medžioklė ir susijusių paslaugų veikla",014,Gyvulininkystė,0142,Kitų galvijų ir buivolų auginimas,014210,Galvijų auginimas ir penėjimas mėsai,10
A,"Žemės ūkis, miškininkystė ir žuvininkystė",01,"Augalininkystė ir gyvulininkystė, medžioklė ir susijusių paslaugų veikla",014,Gyvulininkystė,0142,Kitų galvijų ir buivolų auginimas,014240,Veislinių bulių spermos gavyba,11
A,"Žemės ūkis, miškininkystė ir žuvininkystė",01,"Augalininkystė ir gyvulininkystė, medžioklė ir susijusių paslaugų veikla",014,Gyvulininkystė,0146,Kiaulių auginimas,014620,Veislinių kiaulių auginimas,12
A,"Žemės ūkis, miškininkystė ir žuvininkystė",01,"Augalininkystė ir gyvulininkystė, medžioklė ir susijusių paslaugų veikla",014,Gyvulininkystė,0149,Kitų gyvūnų auginimas,014910,Švelniakailių žvėrelių auginimas,13
A,"Žemės ūkis, miškininkystė ir žuvininkystė",01,"Augalininkystė ir gyvulininkystė, medžioklė ir susijusių paslaugų veikla",015,Mišrusis žemės ūkis,0150,Mišrusis žemės ūkis,015000,Mišrusis žemės ūkis,14
A,"Žemės ūkis, miškininkystė ir žuvininkystė",01,"Augalininkystė ir gyvulininkystė, medžioklė ir susijusių paslaugų veikla",016,Žemės ūkiui būdingų paslaugų ir derliaus apdorojimo veikla,0160,Žemės ūkiui būdingų paslaugų ir derliaus apdorojimo veikla,016000,Žemės ūkiui būdingų paslaugų ir derliaus apdorojimo veikla,15
A,"Žemės ūkis, miškininkystė ir žuvininkystė",01,"Augalininkystė ir gyvulininkystė, medžioklė ir susijusių paslaugų veikla",016,Žemės ūkiui būdingų paslaugų ir derliaus apdorojimo veikla,0161,Augalininkystei būdingų paslaugų veikla,016100,Augalininkystei būdingų paslaugų veikla,16
A,"Žemės ūkis, miškininkystė ir žuvininkystė",01,"Augalininkystė ir gyvulininkystė, medžioklė ir susijusių paslaugų veikla",016,Žemės ūkiui būdingų paslaugų ir derliaus apdorojimo veikla,0164,Sėklininkystė,016400,Sėklininkystė,17
A,"Žemės ūkis, miškininkystė ir žuvininkystė",02,Miškininkystė ir medienos ruoša,020,Miškininkystė ir medienos ruoša,0200,Miškininkystė ir medienos ruoša,020000,Miškininkystė ir medienos ruoša,18
A,"Žemės ūkis, miškininkystė ir žuvininkystė",02,Miškininkystė ir medienos ruoša,024,Miškininkystei būdingų paslaugų veikla,0240,Miškininkystei būdingų paslaugų veikla,024000,Miškininkystei būdingų paslaugų veikla,19
A,"Žemės ūkis, miškininkystė ir žuvininkystė",03,Žvejyba ir akvakultūra,031,Žvejyba,0311,Jūrinė žvejyba,031100,Jūrinė žvejyba,20
A,"Žemės ūkis, miškininkystė ir žuvininkystė",03,Žvejyba ir akvakultūra,031,Žvejyba,0312,Gėlųjų vandenų žvejyba,031200,Gėlųjų vandenų žvejyba,21
A,"Žemės ūkis, miškininkystė ir žuvininkystė",03,Žvejyba ir akvakultūra,032,Akvakultūra,0322,Gėlųjų vandenų akvakultūra,032200,Gėlųjų vandenų akvakultūra,22
B,Kasyba ir karjerų eksploatavimas,08,Kita kasyba ir karjerų eksploatavimas,081,"Akmens, smėlio ir molio karjerų eksploatavimas",0810,"Akmens, smėlio ir molio karjerų eksploatavimas",081000,"Akmens, smėlio ir molio karjerų eksploatavimas",23
B,Kasyba ir karjerų eksploatavimas,08,Kita kasyba ir karjerų eksploatavimas,081,"Akmens, smėlio ir molio karjerų eksploatavimas",0811,"Dekoratyvinio ir statybinio akmens, klinčių, gipso, kreidos ir skalūno karjerų eksploatavimas",081100,"Dekoratyvinio ir statybinio akmens, klinčių, gipso, kreidos ir skalūno karjerų eksploatavimas",24
C,Apdirbamoji gamyba,10,Maisto produktų gamyba,101,Mėsos perdirbimas ir konservavimas ir mėsos produktų gamyba,1011,Mėsos perdirbimas ir konservavimas,101100,Mėsos perdirbimas ir konservavimas,25
C,Apdirbamoji gamyba,10,Maisto produktų gamyba,101,Mėsos perdirbimas ir konservavimas ir mėsos produktų gamyba,1012,Paukštienos perdirbimas ir konservavimas,101200,Paukštienos perdirbimas ir konservavimas,26
C,Apdirbamoji gamyba,10,Maisto produktų gamyba,101,Mėsos perdirbimas ir konservavimas ir mėsos produktų gamyba,1013,Mėsos ir paukštienos produktų gamyba,101310,Rūkytų mėsos ir paukštienos produktų gamyba,27
C,Apdirbamoji gamyba,10,Maisto produktų gamyba,103,Vaisių ir daržovių perdirbimas ir konservavimas,1031,Bulvių perdirbimas ir konservavimas,103100,Bulvių perdirbimas ir konservavimas,28
C,Apdirbamoji gamyba,10,Maisto produktų gamyba,104,Gyvūninių ir augalinių riebalų bei aliejaus gamyba,1040,Gyvūninių ir augalinių riebalų bei aliejaus gamyba,104000,Gyvūninių ir augalinių riebalų bei aliejaus gamyba,29
C,Apdirbamoji gamyba,10,Maisto produktų gamyba,104,Gyvūninių ir augalinių riebalų bei aliejaus gamyba,1041,Aliejaus ir riebalų gamyba,104100,Aliejaus ir riebalų gamyba,30
C,Apdirbamoji gamyba,10,Maisto produktų gamyba,105,Pieno produktų gamyba,1051,Pieninių veikla ir sūrių gamyba,105100,Pieninių veikla ir sūrių gamyba,31
C,Apdirbamoji gamyba,10,Maisto produktų gamyba,107,Kepyklos ir miltinių produktų gamyba,1071,Duonos gamyba; šviežių konditerijos kepinių ir pyragaičių gamyba,107100,Duonos gamyba; šviežių konditerijos kepinių ir pyragaičių gamyba,32
C,Apdirbamoji gamyba,10,Maisto produktų gamyba,108,Kitų maisto produktų gamyba,1082,"Kakavos, šokolado ir cukraus saldumynų gamyba",108200,"Kakavos, šokolado ir cukraus saldumynų gamyba",33
C,Apdirbamoji gamyba,10,Maisto produktų gamyba,108,Kitų maisto produktų gamyba,1084,Užgardų ir pagardų gamyba,108410,Acto gamyba,34
C,Apdirbamoji gamyba,10,Maisto produktų gamyba,109,Paruoštų pašarų gyvuliams gamyba,1092,Paruošto ėdalo naminiams gyvūnėliams gamyba,109200,Paruošto ėdalo naminiams gyvūnėliams gamyba,35
C,Apdirbamoji gamyba,11,Gėrimų gamyba,110,Gėrimų gamyba,1100,Gėrimų gamyba,110000,Gėrimų gamyba,36
C,Apdirbamoji gamyba,11,Gėrimų gamyba,110,Gėrimų gamyba,1101,"Spirito distiliavimas, rektifikavimas ir maišymas",110100,"Spirito distiliavimas, rektifikavimas ir maišymas",37
C,Apdirbamoji gamyba,11,Gėrimų gamyba,110,Gėrimų gamyba,1102,Vynuogių vyno gamyba,110200,Vynuogių vyno gamyba,38
C,Apdirbamoji gamyba,11,Gėrimų gamyba,110,Gėrimų gamyba,1103,"Sidro ir kitokių vaisių, uogų vynų gamyba",110300,"Sidro ir kitokių vaisių, uogų vynų gamyba",39
C,Apdirbamoji gamyba,11,Gėrimų gamyba,110,Gėrimų gamyba,1104,Kitų nedistiliuotų fermentuotų gėrimų gamyba,110400,Kitų nedistiliuotų fermentuotų gėrimų gamyba,40
C,Apdirbamoji gamyba,11,Gėrimų gamyba,110,Gėrimų gamyba,1105,Alaus gamyba,110500,Alaus gamyba,41
C,Apdirbamoji gamyba,11,Gėrimų gamyba,110,Gėrimų gamyba,1107,"Nealkoholinių gėrimų gamyba; mineralinio ir kito, pilstomo į butelius, vandens gamyba",110720,"Natūralaus mineralinio ir kito, pilstomo į butelius, vandens gamyba",42
C,Apdirbamoji gamyba,12,Tabako gaminių gamyba,120,Tabako gaminių gamyba,1200,Tabako gaminių gamyba,120000,Tabako gaminių gamyba,43
C,Apdirbamoji gamyba,13,Tekstilės gaminių gamyba,139,Kitų tekstilės gaminių ir dirbinių gamyba,1390,Kitų tekstilės gaminių ir dirbinių gamyba,139000,Kitų tekstilės gaminių ir dirbinių gamyba,44
C,Apdirbamoji gamyba,13,Tekstilės gaminių gamyba,139,Kitų tekstilės gaminių ir dirbinių gamyba,1391,Megztų (trikotažinių) ir nertų medžiagų gamyba,139100,Megztų (trikotažinių) ir nertų medžiagų gamyba,45
C,Apdirbamoji gamyba,13,Tekstilės gaminių gamyba,139,Kitų tekstilės gaminių ir dirbinių gamyba,1395,"Neaustinių medžiagų ir neaustinių medžiagų gaminių ir dirbinių, išskyrus drabužius, gamyba",139500,"Neaustinių medžiagų ir neaustinių medžiagų gaminių ir dirbinių, išskyrus drabužius, gamyba",46
C,Apdirbamoji gamyba,13,Tekstilės gaminių gamyba,139,Kitų tekstilės gaminių ir dirbinių gamyba,1396,Kitų techninės ir pramoninės tekstilės gaminių ir dirbinių gamyba,139600,Kitų techninės ir pramoninės tekstilės gaminių ir dirbinių gamyba,47
C,Apdirbamoji gamyba,14,Drabužių siuvimas (gamyba),141,"Drabužių, išskyrus kailinius drabužius, siuvimas (gamyba)",1411,Odinių drabužių siuvimas,141100,Odinių drabužių siuvimas,48
C,Apdirbamoji gamyba,14,Drabužių siuvimas (gamyba),142,Kailinių dirbinių ir gaminių gamyba,1420,Kailinių dirbinių ir gaminių gamyba,142000,Kailinių dirbinių ir gaminių gamyba,49
C,Apdirbamoji gamyba,14,Drabužių siuvimas (gamyba),143,Megztų (trikotažinių) ir nertų drabužių gamyba,1430,Megztų (trikotažinių) ir nertų drabužių gamyba,143000,Megztų (trikotažinių) ir nertų drabužių gamyba,50
C,Apdirbamoji gamyba,14,Drabužių siuvimas (gamyba),143,Megztų (trikotažinių) ir nertų drabužių gamyba,1431,"Pėdkelnių, triko, kojinių ir kitų panašių megztų (trikotažinių) ir nertų gaminių bei dirbinių gamyba",143100,"Pėdkelnių, triko, kojinių ir kitų panašių megztų (trikotažinių) ir nertų gaminių bei dirbinių gamyba",51
C,Apdirbamoji gamyba,14,Drabužių siuvimas (gamyba),143,Megztų (trikotažinių) ir nertų drabužių gamyba,1439,Kitų megztų (trikotažinių) ir nertų drabužių gamyba,143900,Kitų megztų (trikotažinių) ir nertų drabužių gamyba,52
C,Apdirbamoji gamyba,15,Odos ir odos dirbinių gamyba,150,Odos ir odos dirbinių gamyba,1500,Odos ir odos dirbinių gamyba,150000,Odos ir odos dirbinių gamyba,53
C,Apdirbamoji gamyba,15,Odos ir odos dirbinių gamyba,151,"Odų rauginimas ir išdirbimas; lagaminų, rankinių, balno reikmenų ir pakinktų gamyba; kailių išdirbimas ir dažymas",1511,Odų rauginimas ir išdirbimas; kailių išdirbimas ir dažymas,151100,Odų rauginimas ir išdirbimas; kailių išdirbimas ir dažymas,54
C,Apdirbamoji gamyba,16,"Medienos bei medienos ir kamštienos gaminių, išskyrus baldus, gamyba; gaminių iš šiaudų ir pynimo medžiagų gamyba",161,Medienos pjaustymas ir obliavimas,1610,Medienos pjaustymas ir obliavimas,161010,Cheminis medienos apdorojimas konservantais,55
C,Apdirbamoji gamyba,16,"Medienos bei medienos ir kamštienos gaminių, išskyrus baldus, gamyba; gaminių iš šiaudų ir pynimo medžiagų gamyba",162,"Gaminių ir dirbinių iš medienos, kamštienos, šiaudų ir pynimo medžiagų gamyba",1621,Faneravimo dangos ir medienos plokščių gamyba,162110,"Medienos plaušo plokščių, padengtų dekoratyvine plėvele, gamyba",56
C,Apdirbamoji gamyba,16,"Medienos bei medienos ir kamštienos gaminių, išskyrus baldus, gamyba; gaminių iš šiaudų ir pynimo medžiagų gamyba",162,"Gaminių ir dirbinių iš medienos, kamštienos, šiaudų ir pynimo medžiagų gamyba",1623,Kitų statybinių dailidžių ir stalių dirbinių gamyba,162320,Medinių surenkamųjų statinių ar jų detalių gamyba,57
C,Apdirbamoji gamyba,16,"Medienos bei medienos ir kamštienos gaminių, išskyrus baldus, gamyba; gaminių iš šiaudų ir pynimo medžiagų gamyba",162,"Gaminių ir dirbinių iš medienos, kamštienos, šiaudų ir pynimo medžiagų gamyba",1623,Kitų statybinių dailidžių ir stalių dirbinių gamyba,162330,Medinių sieninių plokščių ir spintų gamyba,58
C,Apdirbamoji gamyba,17,Popieriaus ir popieriaus gaminių gamyba,171,"Plaušienos, popieriaus ir kartono gamyba",1710,"Plaušienos, popieriaus ir kartono gamyba",171000,"Plaušienos, popieriaus ir kartono gamyba",59
C,Apdirbamoji gamyba,17,Popieriaus ir popieriaus gaminių gamyba,172,Popieriaus ir kartoninių gaminių gamyba,1722,Buitinių ir higienos reikmenų bei tualeto reikmenų gamyba,172210,Tualetinio popieriaus gamyba,60
C,Apdirbamoji gamyba,17,Popieriaus ir popieriaus gaminių gamyba,172,Popieriaus ir kartoninių gaminių gamyba,1723,Popierinių raštinės reikmenų gamyba,172310,Kopijavimo popieriaus gamyba,61
C,Apdirbamoji gamyba,18,Spausdinimas ir įrašytų laikmenų tiražavimas,181,Spausdinimas ir su spausdinimu susijusios paslaugos,1812,Kitas spausdinimas,181200,Kitas spausdinimas,62
C,Apdirbamoji gamyba,19,Kokso ir rafinuotų naftos produktų gamyba,192,Rafinuotų naftos produktų gamyba,1920,Rafinuotų naftos produktų gamyba,192030,Parafino ir techninio vazelino gamyba,63
C,Apdirbamoji gamyba,20,Chemikalų ir chemijos produktų gamyba,201,"Pagrindinių chemikalų, trąšų ir azoto junginių, pirminių plastikų ir pirminio sintetinio kaučiuko gamyba",2012,Dažiklių ir pigmentų gamyba,201200,Dažiklių ir pigmentų gamyba,64
C,Apdirbamoji gamyba,20,Chemikalų ir chemijos produktų gamyba,201,"Pagrindinių chemikalų, trąšų ir azoto junginių, pirminių plastikų ir pirminio sintetinio kaučiuko gamyba",2014,Kitų pagrindinių organinių chemikalų gamyba,201400,Kitų pagrindinių organinių chemikalų gamyba,65
C,Apdirbamoji gamyba,20,Chemikalų ir chemijos produktų gamyba,201,"Pagrindinių chemikalų, trąšų ir azoto junginių, pirminių plastikų ir pirminio sintetinio kaučiuko gamyba",2015,Trąšų ir azoto junginių gamyba,201510,Grynųjų ar kompleksinių azoto ir fosforo trąšų gamyba,66
C,Apdirbamoji gamyba,20,Chemikalų ir chemijos produktų gamyba,202,Pesticidų ir kitų agrocheminių medžiagų gamyba,2020,Pesticidų ir kitų agrocheminių medžiagų gamyba,202000,Pesticidų ir kitų agrocheminių medžiagų gamyba,67
C,Apdirbamoji gamyba,20,Chemikalų ir chemijos produktų gamyba,203,"Dažų, lakų ir panašių dangų medžiagų, spaustuvinių dažų ir mastikų gamyba",2030,"Dažų, lakų ir panašių dangų medžiagų, spaustuvinių dažų ir mastikų gamyba",203010,Emalinių dažų ir lakų gamyba,68
C,Apdirbamoji gamyba,20,Chemikalų ir chemijos produktų gamyba,205,Kitų cheminių medžiagų gamyba,2050,Kitų cheminių medžiagų gamyba,205000,Kitų cheminių medžiagų gamyba,69
C,Apdirbamoji gamyba,20,Chemikalų ir chemijos produktų gamyba,205,Kitų cheminių medžiagų gamyba,2052,Klijų gamyba,205200,Klijų gamyba,70
C,Apdirbamoji gamyba,20,Chemikalų ir chemijos produktų gamyba,205,Kitų cheminių medžiagų gamyba,2053,Eterinio aliejaus gamyba,205300,Eterinio aliejaus gamyba,71
C,Apdirbamoji gamyba,22,Guminių ir plastikinių gaminių gamyba,221,Guminių gaminių gamyba,2210,Guminių gaminių gamyba,221000,Guminių gaminių gamyba,72
C,Apdirbamoji gamyba,22,Guminių ir plastikinių gaminių gamyba,222,Plastikinių gaminių gamyba,2221,"Plastikinių plokščių, lakštų, vamzdžių ir profiliuočių gamyba",222100,"Plastikinių plokščių, lakštų, vamzdžių ir profiliuočių gamyba",73
C,Apdirbamoji gamyba,23,Kitų nemetalo mineralinių produktų gamyba,231,Stiklo ir stiklo gaminių bei dirbinių gamyba,2313,Tuščiavidurio stiklo gamyba,231310,Stiklinių talpyklų gamyba,74
C,Apdirbamoji gamyba,23,Kitų nemetalo mineralinių produktų gamyba,231,Stiklo ir stiklo gaminių bei dirbinių gamyba,2319,"Kito stiklo, įskaitant skirto techninėms reikmėms, gamyba ir apdorojimas",231910,Stiklinių izoliatorių ir stiklinių izoliacinių jungiamųjų detalių gamyba,75
C,Apdirbamoji gamyba,23,Kitų nemetalo mineralinių produktų gamyba,232,Ugniai atsparių gaminių gamyba,2320,Ugniai atsparių gaminių gamyba,232000,Ugniai atsparių gaminių gamyba,76
C,Apdirbamoji gamyba,23,Kitų nemetalo mineralinių produktų gamyba,233,Statybinių medžiagų iš molio gamyba,2331,Keraminių apdailos ir šaligatvio plytelių gamyba,233100,Keraminių apdailos ir šaligatvio plytelių gamyba,77
C,Apdirbamoji gamyba,23,Kitų nemetalo mineralinių produktų gamyba,234,Kitų porcelianinių ir keraminių gaminių bei dirbinių gamyba,2341,Keraminių buities ir puošybos gaminių bei dirbinių gamyba,234100,Keraminių buities ir puošybos gaminių bei dirbinių gamyba,78
C,Apdirbamoji gamyba,23,Kitų nemetalo mineralinių produktų gamyba,239,Abrazyvinių gaminių ir niekur kitur nepriskirtų nemetalo mineralinių produktų gamyba,2391,Abrazyvinių gaminių gamyba,239100,Abrazyvinių gaminių gamyba,79
C,Apdirbamoji gamyba,23,Kitų nemetalo mineralinių produktų gamyba,239,Abrazyvinių gaminių ir niekur kitur nepriskirtų nemetalo mineralinių produktų gamyba,2399,"Kitų, niekur kitur nepriskirtų, nemetalo mineralinių produktų gamyba",239940,Dirbinių iš bitumo gamyba,80
C,Apdirbamoji gamyba,24,Pagrindinių metalų gamyba,240,Pagrindinių metalų gamyba,2400,Pagrindinių metalų gamyba,240000,Pagrindinių metalų gamyba,81
C,Apdirbamoji gamyba,24,Pagrindinių metalų gamyba,241,Tomo ketaus ir plieno bei ferolydinių gamyba,2410,Tomo ketaus ir plieno bei ferolydinių gamyba,241000,Tomo ketaus ir plieno bei ferolydinių gamyba,82
C,Apdirbamoji gamyba,24,Pagrindinių metalų gamyba,243,Kitų plieno pirminio apdirbimo gaminių gamyba,2432,Šaltasis siaurų juostų valcavimas,243200,Šaltasis siaurų juostų valcavimas,83
C,Apdirbamoji gamyba,24,Pagrindinių metalų gamyba,244,Pagrindinių tauriųjų ir kitų spalvotųjų metalų gamyba,2440,Pagrindinių tauriųjų ir kitų spalvotųjų metalų gamyba,244000,Pagrindinių tauriųjų ir kitų spalvotųjų metalų gamyba,84
C,Apdirbamoji gamyba,24,Pagrindinių metalų gamyba,244,Pagrindinių tauriųjų ir kitų spalvotųjų metalų gamyba,2442,Aliuminio gamyba,244200,Aliuminio gamyba,85
C,Apdirbamoji gamyba,24,Pagrindinių metalų gamyba,244,Pagrindinių tauriųjų ir kitų spalvotųjų metalų gamyba,2443,"Švino, cinko ir alavo gamyba",244300,"Švino, cinko ir alavo gamyba",86
C,Apdirbamoji gamyba,24,Pagrindinių metalų gamyba,245,Metalų liejinių gamyba,2450,Metalų liejinių gamyba,245000,Metalų liejinių gamyba,87
C,Apdirbamoji gamyba,24,Pagrindinių metalų gamyba,245,Metalų liejinių gamyba,2453,Lengvųjų metalų liejinių gamyba,245300,Lengvųjų metalų liejinių gamyba,88
C,Apdirbamoji gamyba,25,"Metalo gaminių, išskyrus mašinas ir įrenginius, gamyba",251,Konstrukcinių metalo gaminių gamyba,2512,Metalinių durų ir langų gamyba,251200,Metalinių durų ir langų gamyba,89
C,Apdirbamoji gamyba,25,"Metalo gaminių, išskyrus mašinas ir įrenginius, gamyba",252,"Metalinių cisternų, rezervuarų ir talpyklų gamyba",2520,"Metalinių cisternų, rezervuarų ir talpyklų gamyba",252000,"Metalinių cisternų, rezervuarų ir talpyklų gamyba",90
C,Apdirbamoji gamyba,25,"Metalo gaminių, išskyrus mašinas ir įrenginius, gamyba",252,"Metalinių cisternų, rezervuarų ir talpyklų gamyba",2521,Centrinio šildymo radiatorių ir katilų gamyba,252100,Centrinio šildymo radiatorių ir katilų gamyba,91
C,Apdirbamoji gamyba,25,"Metalo gaminių, išskyrus mašinas ir įrenginius, gamyba",252,"Metalinių cisternų, rezervuarų ir talpyklų gamyba",2529,"Kitų metalinių cisternų, rezervuarų ir talpyklų gamyba",252900,"Kitų metalinių cisternų, rezervuarų ir talpyklų gamyba",92
C,Apdirbamoji gamyba,25,"Metalo gaminių, išskyrus mašinas ir įrenginius, gamyba",254,Ginklų ir šaudmenų gamyba,2540,Ginklų ir šaudmenų gamyba,254000,Ginklų ir šaudmenų gamyba,93
C,Apdirbamoji gamyba,25,"Metalo gaminių, išskyrus mašinas ir įrenginius, gamyba",256,Metalų apdorojimas ir dengimas; mechaninis apdirbimas,2561,Metalų apdorojimas ir dengimas,256100,Metalų apdorojimas ir dengimas,94
C,Apdirbamoji gamyba,25,"Metalo gaminių, išskyrus mašinas ir įrenginius, gamyba",257,"Valgomųjų įrankių, kitų įrankių ir bendrųjų metalo dirbinių gamyba",2570,"Valgomųjų įrankių, kitų įrankių ir bendrųjų metalo dirbinių gamyba",257000,"Valgomųjų įrankių, kitų įrankių ir bendrųjų metalo dirbinių gamyba",95
C,Apdirbamoji gamyba,25,"Metalo gaminių, išskyrus mašinas ir įrenginius, gamyba",257,"Valgomųjų įrankių, kitų įrankių ir bendrųjų metalo dirbinių gamyba",2572,Spynų ir vyrių gamyba,257200,Spynų ir vyrių gamyba,96
C,Apdirbamoji gamyba,26,"Kompiuterinių, elektroninių ir optinių gaminių gamyba",261,Elektroninių komponentų ir plokščių gamyba,2610,Elektroninių komponentų ir plokščių gamyba,261000,Elektroninių komponentų ir plokščių gamyba,97
C,Apdirbamoji gamyba,26,"Kompiuterinių, elektroninių ir optinių gaminių gamyba",263,Ryšių įrangos gamyba,2630,Ryšių įrangos gamyba,263000,Ryšių įrangos gamyba,98
C,Apdirbamoji gamyba,27,Elektros įrangos gamyba,270,Elektros įrangos gamyba,2700,Elektros įrangos gamyba,270000,Elektros įrangos gamyba,99
C,Apdirbamoji gamyba,27,Elektros įrangos gamyba,275,Buitinių aparatų ir prietaisų gamyba,2750,Buitinių aparatų ir prietaisų gamyba,275000,Buitinių aparatų ir prietaisų gamyba,100
C,Apdirbamoji gamyba,27,Elektros įrangos gamyba,275,Buitinių aparatų ir prietaisų gamyba,2752,Buitinių neelektrinių aparatų ir prietaisų gamyba,275200,Buitinių neelektrinių aparatų ir prietaisų gamyba,101
C,Apdirbamoji gamyba,28,Niekur kitur nepriskirtų mašinų ir įrangos gamyba,280,Niekur kitur nepriskirtų mašinų ir įrangos gamyba,2800,Niekur kitur nepriskirtų mašinų ir įrangos gamyba,280000,Niekur kitur nepriskirtų mašinų ir įrangos gamyba,102
C,Apdirbamoji gamyba,28,Niekur kitur nepriskirtų mašinų ir įrangos gamyba,282,Kitų bendrosios paskirties mašinų ir įrangos gamyba,2824,Variklinių rankinių įrankių gamyba,282400,Variklinių rankinių įrankių gamyba,103
C,Apdirbamoji gamyba,28,Niekur kitur nepriskirtų mašinų ir įrangos gamyba,289,Kitų specialiosios paskirties mašinų gamyba,2890,Kitų specialiosios paskirties mašinų gamyba,289000,Kitų specialiosios paskirties mašinų gamyba,104
C,Apdirbamoji gamyba,28,Niekur kitur nepriskirtų mašinų ir įrangos gamyba,289,Kitų specialiosios paskirties mašinų gamyba,2896,Plastikų ir gumos gamybos mašinų gamyba,289600,Plastikų ir gumos gamybos mašinų gamyba,105
C,Apdirbamoji gamyba,29,"Variklinių transporto priemonių, priekabų ir puspriekabių gamyba",291,Variklinių transporto priemonių gamyba,2910,Variklinių transporto priemonių gamyba,291000,Variklinių transporto priemonių gamyba,106
C,Apdirbamoji gamyba,29,"Variklinių transporto priemonių, priekabų ir puspriekabių gamyba",292,Variklinių transporto priemonių kėbulų gamyba; priekabų ir puspriekabių gamyba,2920,Variklinių transporto priemonių kėbulų gamyba; priekabų ir puspriekabių gamyba,292000,Variklinių transporto priemonių kėbulų gamyba; priekabų ir puspriekabių gamyba,107
C,Apdirbamoji gamyba,30,Kitų transporto priemonių ir įrangos gamyba,300,Kitų transporto priemonių ir įrangos gamyba,3000,Kitų transporto priemonių ir įrangos gamyba,300000,Kitų transporto priemonių ir įrangos gamyba,108
C,Apdirbamoji gamyba,30,Kitų transporto priemonių ir įrangos gamyba,301,Įvairių tipų laivų statyba,3011,Laivų ir plūdriųjų konstrukcijų statyba,301100,Laivų ir plūdriųjų konstrukcijų statyba,109
C,Apdirbamoji gamyba,30,Kitų transporto priemonių ir įrangos gamyba,301,Įvairių tipų laivų statyba,3012,Pramoginių ir sportinių katerių (laivų) statyba,301200,Pramoginių ir sportinių katerių (laivų) statyba,110
C,Apdirbamoji gamyba,30,Kitų transporto priemonių ir įrangos gamyba,302,Geležinkelio lokomotyvų bei riedmenų gamyba,3020,Geležinkelio lokomotyvų bei riedmenų gamyba,302000,Geležinkelio lokomotyvų bei riedmenų gamyba,111
C,Apdirbamoji gamyba,30,Kitų transporto priemonių ir įrangos gamyba,309,Niekur kitur nepriskirtų transporto priemonių gamyba,3090,Niekur kitur nepriskirtų transporto priemonių gamyba,309000,Niekur kitur nepriskirtų transporto priemonių gamyba,112
C,Apdirbamoji gamyba,31,Baldų gamyba,310,Baldų gamyba,3102,Virtuvės baldų gamyba,310200,Virtuvės baldų gamyba,113
C,Apdirbamoji gamyba,31,Baldų gamyba,310,Baldų gamyba,3109,Kitų baldų gamyba,310900,Kitų baldų gamyba,114
C,Apdirbamoji gamyba,32,Kita gamyba,320,Kita gamyba,3200,Kita gamyba,320000,Kita gamyba,115
C,Apdirbamoji gamyba,32,Kita gamyba,321,"Papuošalų, juvelyrinių, bižuterijos ir panašių dirbinių gamyba",3210,"Papuošalų, juvelyrinių, bižuterijos ir panašių dirbinių gamyba",321000,"Papuošalų, juvelyrinių, bižuterijos ir panašių dirbinių gamyba",116
C,Apdirbamoji gamyba,32,Kita gamyba,325,"Medicinos ir odontologijos prietaisų, instrumentų ir reikmenų gamyba",3250,"Medicinos ir odontologijos prietaisų, instrumentų ir reikmenų gamyba",325000,"Medicinos ir odontologijos prietaisų, instrumentų ir reikmenų gamyba",117
C,Apdirbamoji gamyba,32,Kita gamyba,325,"Medicinos ir odontologijos prietaisų, instrumentų ir reikmenų gamyba",3250,"Medicinos ir odontologijos prietaisų, instrumentų ir reikmenų gamyba",325010,Odontologinio cemento gamyba,118
C,Apdirbamoji gamyba,32,Kita gamyba,325,"Medicinos ir odontologijos prietaisų, instrumentų ir reikmenų gamyba",3250,"Medicinos ir odontologijos prietaisų, instrumentų ir reikmenų gamyba",325030,Protezų gamyba,119
C,Apdirbamoji gamyba,33,Mašinų ir įrangos remontas ir įrengimas,330,Mašinų ir įrangos remontas ir įrengimas,3300,Mašinų ir įrangos remontas ir įrengimas,330000,Mašinų ir įrangos remontas ir įrengimas,120
C,Apdirbamoji gamyba,33,Mašinų ir įrangos remontas ir įrengimas,331,"Metalo gaminių, mašinų ir įrangos remontas",3317,Kitų transporto priemonių remontas ir techninė priežiūra,331700,Kitų transporto priemonių remontas ir techninė priežiūra,121
C,Apdirbamoji gamyba,33,Mašinų ir įrangos remontas ir įrengimas,332,Pramoninių mašinų ir įrangos įrengimas,3320,Pramoninių mašinų ir įrangos įrengimas,332000,Pramoninių mašinų ir įrangos įrengimas,122
D,"Elektros, dujų, garo tiekimas ir oro kondicionavimas",35,"Elektros, dujų, garo tiekimas ir oro kondicionavimas",351,"Elektros energijos gamyba, perdavimas ir paskirstymas",3514,Elektros pardavimas,351400,Elektros pardavimas,123
D,"Elektros, dujų, garo tiekimas ir oro kondicionavimas",35,"Elektros, dujų, garo tiekimas ir oro kondicionavimas",352,Dujų gamyba; dujinio kuro paskirstymas dujotiekiais,3521,Dujų gamyba,352100,Dujų gamyba,124
E,"Vandens tiekimas nuotekų valymas, atliekų tvarkymas ir regeneravimas",36,"Vandens surinkimas, valymas ir tiekimas",360,"Vandens surinkimas, valymas ir tiekimas",3600,"Vandens surinkimas, valymas ir tiekimas",360000,"Vandens surinkimas, valymas ir tiekimas",125
E,"Vandens tiekimas nuotekų valymas, atliekų tvarkymas ir regeneravimas",36,"Vandens surinkimas, valymas ir tiekimas",360,"Vandens surinkimas, valymas ir tiekimas",3600,"Vandens surinkimas, valymas ir tiekimas",360010,Vandens surinkimas ir valymas,126
E,"Vandens tiekimas nuotekų valymas, atliekų tvarkymas ir regeneravimas",36,"Vandens surinkimas, valymas ir tiekimas",360,"Vandens surinkimas, valymas ir tiekimas",3600,"Vandens surinkimas, valymas ir tiekimas",360030,Vandens tiekimas gyventojams,127
F,Statyba,43,Specializuota statybos veikla,439,Kita specializuota statybos veikla,4391,Stogų dengimas,439100,Stogų dengimas,128
E,"Vandens tiekimas nuotekų valymas, atliekų tvarkymas ir regeneravimas",38,"Atliekų surinkimas, tvarkymas ir šalinimas; medžiagų atgavimas",381,Atliekų surinkimas,3812,Pavojingų atliekų surinkimas,381200,Pavojingų atliekų surinkimas,129
E,"Vandens tiekimas nuotekų valymas, atliekų tvarkymas ir regeneravimas",38,"Atliekų surinkimas, tvarkymas ir šalinimas; medžiagų atgavimas",382,Atliekų tvarkymas ir šalinimas,3822,Pavojingų atliekų tvarkymas ir šalinimas,382200,Pavojingų atliekų tvarkymas ir šalinimas,130
E,"Vandens tiekimas nuotekų valymas, atliekų tvarkymas ir regeneravimas",39,Regeneravimas ir kita atliekų tvarkyba,390,Regeneravimas ir kita atliekų tvarkyba,3900,Regeneravimas ir kita atliekų tvarkyba,390000,Regeneravimas ir kita atliekų tvarkyba,131
F,Statyba,41,Pastatų statyba,410,Pastatų statyba,4100,Pastatų statyba,410000,Pastatų statyba,132
F,Statyba,41,Pastatų statyba,411,Statybų plėtra,4110,Statybų plėtra,411000,Statybų plėtra,133
F,Statyba,42,Inžinerinių statinių statyba,422,Komunalinių statinių statyba,4220,Komunalinių statinių statyba,422000,Komunalinių statinių statyba,134
F,Statyba,42,Inžinerinių statinių statyba,429,Kitų inžinerinių statinių statyba,4290,Kitų inžinerinių statinių statyba,429000,Kitų inžinerinių statinių statyba,135
F,Statyba,42,Inžinerinių statinių statyba,429,Kitų inžinerinių statinių statyba,4299,"Kitų, niekur kitur nepriskirtų, inžinerinių statinių statyba",429900,"Kitų, niekur kitur nepriskirtų, inžinerinių statinių statyba",136
F,Statyba,43,Specializuota statybos veikla,433,Statybos baigimas ir apdaila,4331,Tinkavimas,433100,Tinkavimas,137
F,Statyba,43,Specializuota statybos veikla,439,Kita specializuota statybos veikla,4399,"Kita, niekur kitur nepriskirta, specializuota statybos veikla",439900,"Kita, niekur kitur nepriskirta, specializuota statybos veikla",138
G,Didmeninė ir mažmeninė prekyba; variklinių transporto priemonių ir motociklų remontas,45,Variklinių transporto priemonių ir motociklų didmeninė ir mažmeninė prekyba bei remontas,453,Variklinių transporto priemonių atsarginių dalių ir pagalbinių reikmenų pardavimas,4532,Variklinių transporto priemonių atsarginių dalių ir pagalbinių reikmenų mažmeninė prekyba,453200,Variklinių transporto priemonių atsarginių dalių ir pagalbinių reikmenų mažmeninė prekyba,139
G,Didmeninė ir mažmeninė prekyba; variklinių transporto priemonių ir motociklų remontas,46,"Didmeninė prekyba, išskyrus prekybą variklinėmis transporto priemonėmis ir motociklais",461,Didmeninė prekyba už atlygį ar pagal sutartį,4611,"Žemės ūkio žaliavų, gyvų gyvulių, tekstilės žaliavų ir pusgaminių pardavimo agentų veikla",461100,"Žemės ūkio žaliavų, gyvų gyvulių, tekstilės žaliavų ir pusgaminių pardavimo agentų veikla",140
G,Didmeninė ir mažmeninė prekyba; variklinių transporto priemonių ir motociklų remontas,46,"Didmeninė prekyba, išskyrus prekybą variklinėmis transporto priemonėmis ir motociklais",461,Didmeninė prekyba už atlygį ar pagal sutartį,4613,Statybinio miško ir statybinių medžiagų pardavimo agentų veikla,461300,Statybinio miško ir statybinių medžiagų pardavimo agentų veikla,141
G,Didmeninė ir mažmeninė prekyba; variklinių transporto priemonių ir motociklų remontas,46,"Didmeninė prekyba, išskyrus prekybą variklinėmis transporto priemonėmis ir motociklais",462,Žemės ūkio žaliavų ir gyvų gyvulių didmeninė prekyba,4623,Gyvų gyvulių didmeninė prekyba,462300,Gyvų gyvulių didmeninė prekyba,142
G,Didmeninė ir mažmeninė prekyba; variklinių transporto priemonių ir motociklų remontas,46,"Didmeninė prekyba, išskyrus prekybą variklinėmis transporto priemonėmis ir motociklais",464,Namų ūkio reikmenų didmeninė prekyba,4644,Porceliano ir stiklo dirbinių bei valymo priemonių didmeninė prekyba,464410,Porceliano ir stiklo dirbinių didmeninė prekyba,143
G,Didmeninė ir mažmeninė prekyba; variklinių transporto priemonių ir motociklų remontas,46,"Didmeninė prekyba, išskyrus prekybą variklinėmis transporto priemonėmis ir motociklais",464,Namų ūkio reikmenų didmeninė prekyba,4644,Porceliano ir stiklo dirbinių bei valymo priemonių didmeninė prekyba,464420,Valymo priemonių didmeninė prekyba,144
G,Didmeninė ir mažmeninė prekyba; variklinių transporto priemonių ir motociklų remontas,46,"Didmeninė prekyba, išskyrus prekybą variklinėmis transporto priemonėmis ir motociklais",464,Namų ūkio reikmenų didmeninė prekyba,4646,Farmacijos prekių didmeninė prekyba,464610,Chirurginių ir ortopedinių instrumentų bei protezų didmeninė prekyba,145
G,Didmeninė ir mažmeninė prekyba; variklinių transporto priemonių ir motociklų remontas,46,"Didmeninė prekyba, išskyrus prekybą variklinėmis transporto priemonėmis ir motociklais",465,Informacijos ir ryšių technologijų (IRT) įrangos didmeninė prekyba,4651,"Kompiuterių, jų išorinės ir programinės įrangos didmeninė prekyba",465100,"Kompiuterių, jų išorinės ir programinės įrangos didmeninė prekyba",146
G,Didmeninė ir mažmeninė prekyba; variklinių transporto priemonių ir motociklų remontas,46,"Didmeninė prekyba, išskyrus prekybą variklinėmis transporto priemonėmis ir motociklais",466,"Kitų mašinų, įrangos ir reikmenų didmeninė prekyba",4664,Tekstilės pramonės mašinų bei siuvamųjų ir mezgimo mašinų didmeninė prekyba,466400,Tekstilės pramonės mašinų bei siuvamųjų ir mezgimo mašinų didmeninė prekyba,147
G,Didmeninė ir mažmeninė prekyba; variklinių transporto priemonių ir motociklų remontas,46,"Didmeninė prekyba, išskyrus prekybą variklinėmis transporto priemonėmis ir motociklais",467,Kita specializuota didmeninė prekyba,4671,"Kietojo, skystojo ir dujinio kuro bei priedų didmeninė prekyba",467120,Benzino didmeninė prekyba,148
G,Didmeninė ir mažmeninė prekyba; variklinių transporto priemonių ir motociklų remontas,46,"Didmeninė prekyba, išskyrus prekybą variklinėmis transporto priemonėmis ir motociklais",467,Kita specializuota didmeninė prekyba,4671,"Kietojo, skystojo ir dujinio kuro bei priedų didmeninė prekyba",467150,Tepalų didmeninė prekyba,149
G,Didmeninė ir mažmeninė prekyba; variklinių transporto priemonių ir motociklų remontas,46,"Didmeninė prekyba, išskyrus prekybą variklinėmis transporto priemonėmis ir motociklais",467,Kita specializuota didmeninė prekyba,4676,Kitų tarpinių produktų didmeninė prekyba,467610,Popieriaus ritinių ir kartono didmeninė prekyba,150
G,Didmeninė ir mažmeninė prekyba; variklinių transporto priemonių ir motociklų remontas,47,"Mažmeninė prekyba, išskyrus variklinių transporto priemonių ir motociklų prekybą",472,"Maisto, gėrimų ir tabako mažmeninė prekyba specializuotose parduotuvėse",4724,"Duonos, bandelių, konditerijos gaminių ir cukraus saldumynų mažmeninė prekyba specializuotose parduotuvėse",472410,"Duonos, pyrago ir kitų miltinių produktų mažmeninė prekyba",151
G,Didmeninė ir mažmeninė prekyba; variklinių transporto priemonių ir motociklų remontas,47,"Mažmeninė prekyba, išskyrus variklinių transporto priemonių ir motociklų prekybą",472,"Maisto, gėrimų ir tabako mažmeninė prekyba specializuotose parduotuvėse",4725,Gėrimų mažmeninė prekyba specializuotose parduotuvėse,472520,Gaivinamųjų gėrimų mažmeninė prekyba,152
G,Didmeninė ir mažmeninė prekyba; variklinių transporto priemonių ir motociklų remontas,47,"Mažmeninė prekyba, išskyrus variklinių transporto priemonių ir motociklų prekybą",472,"Maisto, gėrimų ir tabako mažmeninė prekyba specializuotose parduotuvėse",4729,Kita maisto produktų mažmeninė prekyba specializuotose parduotuvėse,472900,Kita maisto produktų mažmeninė prekyba specializuotose parduotuvėse,153
G,Didmeninė ir mažmeninė prekyba; variklinių transporto priemonių ir motociklų remontas,47,"Mažmeninė prekyba, išskyrus variklinių transporto priemonių ir motociklų prekybą",475,Kitos namų ūkio įrangos mažmeninė prekyba specializuotose parduotuvėse,4750,Kitos namų ūkio įrangos mažmeninė prekyba specializuotose parduotuvėse,475000,Kitos namų ūkio įrangos mažmeninė prekyba specializuotose parduotuvėse,154
G,Didmeninė ir mažmeninė prekyba; variklinių transporto priemonių ir motociklų remontas,47,"Mažmeninė prekyba, išskyrus variklinių transporto priemonių ir motociklų prekybą",475,Kitos namų ūkio įrangos mažmeninė prekyba specializuotose parduotuvėse,4751,Tekstilės gaminių mažmeninė prekyba specializuotose parduotuvėse,475100,Tekstilės gaminių mažmeninė prekyba specializuotose parduotuvėse,155
G,Didmeninė ir mažmeninė prekyba; variklinių transporto priemonių ir motociklų remontas,47,"Mažmeninė prekyba, išskyrus variklinių transporto priemonių ir motociklų prekybą",475,Kitos namų ūkio įrangos mažmeninė prekyba specializuotose parduotuvėse,4752,"Metalo dirbinių, dažų ir stiklo mažmeninė prekyba specializuotose parduotuvėse",475230,Statybinių medžiagų mažmeninė prekyba,156
G,Didmeninė ir mažmeninė prekyba; variklinių transporto priemonių ir motociklų remontas,47,"Mažmeninė prekyba, išskyrus variklinių transporto priemonių ir motociklų prekybą",476,Kultūros ir poilsio prekių mažmeninė prekyba specializuotose parduotuvėse,4760,Kultūros ir poilsio prekių mažmeninė prekyba specializuotose parduotuvėse,476000,Kultūros ir poilsio prekių mažmeninė prekyba specializuotose parduotuvėse,157
G,Didmeninė ir mažmeninė prekyba; variklinių transporto priemonių ir motociklų remontas,47,"Mažmeninė prekyba, išskyrus variklinių transporto priemonių ir motociklų prekybą",476,Kultūros ir poilsio prekių mažmeninė prekyba specializuotose parduotuvėse,4761,Knygų mažmeninė prekyba specializuotose parduotuvėse,476100,Knygų mažmeninė prekyba specializuotose parduotuvėse,158
G,Didmeninė ir mažmeninė prekyba; variklinių transporto priemonių ir motociklų remontas,47,"Mažmeninė prekyba, išskyrus variklinių transporto priemonių ir motociklų prekybą",477,Kitų prekių mažmeninė prekyba specializuotose parduotuvėse,4771,Drabužių mažmeninė prekyba specializuotose parduotuvėse,477100,Drabužių mažmeninė prekyba specializuotose parduotuvėse,159
G,Didmeninė ir mažmeninė prekyba; variklinių transporto priemonių ir motociklų remontas,47,"Mažmeninė prekyba, išskyrus variklinių transporto priemonių ir motociklų prekybą",477,Kitų prekių mažmeninė prekyba specializuotose parduotuvėse,4775,Kosmetikos ir tualeto reikmenų mažmeninė prekyba specializuotose parduotuvėse,477500,Kosmetikos ir tualeto reikmenų mažmeninė prekyba specializuotose parduotuvėse,160
G,Didmeninė ir mažmeninė prekyba; variklinių transporto priemonių ir motociklų remontas,47,"Mažmeninė prekyba, išskyrus variklinių transporto priemonių ir motociklų prekybą",477,Kitų prekių mažmeninė prekyba specializuotose parduotuvėse,4777,"Laikrodžių, papuošalų ir juvelyrinių dirbinių mažmeninė prekyba specializuotose parduotuvėse",477700,"Laikrodžių, papuošalų ir juvelyrinių dirbinių mažmeninė prekyba specializuotose parduotuvėse",161
G,Didmeninė ir mažmeninė prekyba; variklinių transporto priemonių ir motociklų remontas,47,"Mažmeninė prekyba, išskyrus variklinių transporto priemonių ir motociklų prekybą",477,Kitų prekių mažmeninė prekyba specializuotose parduotuvėse,4778,Kita naujų prekių mažmeninė prekyba specializuotose parduotuvėse,477800,Kita naujų prekių mažmeninė prekyba specializuotose parduotuvėse,162
G,Didmeninė ir mažmeninė prekyba; variklinių transporto priemonių ir motociklų remontas,47,"Mažmeninė prekyba, išskyrus variklinių transporto priemonių ir motociklų prekybą",477,Kitų prekių mažmeninė prekyba specializuotose parduotuvėse,4778,Kita naujų prekių mažmeninė prekyba specializuotose parduotuvėse,477820,"Buitinio skystojo kuro, dujų balionų, anglies ir malkų specializuota mažmeninė prekyba",163
G,Didmeninė ir mažmeninė prekyba; variklinių transporto priemonių ir motociklų remontas,47,"Mažmeninė prekyba, išskyrus variklinių transporto priemonių ir motociklų prekybą",478,Mažmeninė prekyba kioskuose ir prekyvietėse,4780,Mažmeninė prekyba kioskuose ir prekyvietėse,478000,Mažmeninė prekyba kioskuose ir prekyvietėse,164
G,Didmeninė ir mažmeninė prekyba; variklinių transporto priemonių ir motociklų remontas,47,"Mažmeninė prekyba, išskyrus variklinių transporto priemonių ir motociklų prekybą",478,Mažmeninė prekyba kioskuose ir prekyvietėse,4782,"Tekstilės, drabužių ir avalynės mažmeninė prekyba kioskuose ir prekyvietėse",478200,"Tekstilės, drabužių ir avalynės mažmeninė prekyba kioskuose ir prekyvietėse",165
H,Transportas ir saugojimas,49,Sausumos transportas ir transportavimas vamzdynais,491,Tarpmiestinis keleivinis geležinkelio transportas,4910,Tarpmiestinis keleivinis geležinkelio transportas,491000,Tarpmiestinis keleivinis geležinkelio transportas,166
H,Transportas ir saugojimas,49,Sausumos transportas ir transportavimas vamzdynais,493,Kitas keleivinis sausumos transportas,4931,Keleivių vežimas miesto arba priemiestiniu sausumos transportu,493110,Keleivių vežimas autobusais mieste ar priemiestyje,167
H,Transportas ir saugojimas,49,Sausumos transportas ir transportavimas vamzdynais,493,Kitas keleivinis sausumos transportas,4931,Keleivių vežimas miesto arba priemiestiniu sausumos transportu,493120,Keleivių vežimas troleibusais mieste ar priemiestyje,168
H,Transportas ir saugojimas,49,Sausumos transportas ir transportavimas vamzdynais,495,Transportavimas vamzdynais,4950,Transportavimas vamzdynais,495000,Transportavimas vamzdynais,169
H,Transportas ir saugojimas,50,Vandens transportas,502,Jūrų ir pakrančių krovininis vandens transportas,5020,Jūrų ir pakrančių krovininis vandens transportas,502000,Jūrų ir pakrančių krovininis vandens transportas,170
H,Transportas ir saugojimas,52,Sandėliavimas ir transportui būdingų paslaugų veikla,521,Sandėliavimas ir saugojimas,5210,Sandėliavimas ir saugojimas,521000,Sandėliavimas ir saugojimas,171
H,Transportas ir saugojimas,52,Sandėliavimas ir transportui būdingų paslaugų veikla,522,Transportui būdingų paslaugų veikla,5221,Sausumos transportui būdingų paslaugų veikla,522100,Sausumos transportui būdingų paslaugų veikla,172
H,Transportas ir saugojimas,52,Sandėliavimas ir transportui būdingų paslaugų veikla,522,Transportui būdingų paslaugų veikla,5221,Sausumos transportui būdingų paslaugų veikla,522120,Automobilių stovėjimo aikštelių eksploatavimas,173
C,Apdirbamoji gamyba,20,Chemikalų ir chemijos produktų gamyba,201,"Pagrindinių chemikalų, trąšų ir azoto junginių, pirminių plastikų ir pirminio sintetinio kaučiuko gamyba",2011,Pramoninių dujų gamyba,201100,Pramoninių dujų gamyba,174
H,Transportas ir saugojimas,52,Sandėliavimas ir transportui būdingų paslaugų veikla,522,Transportui būdingų paslaugų veikla,5221,Sausumos transportui būdingų paslaugų veikla,522130,"Techninių priemonių, reguliuojančių gatvių judėjimą, eksploatavimas",175
H,Transportas ir saugojimas,52,Sandėliavimas ir transportui būdingų paslaugų veikla,522,Transportui būdingų paslaugų veikla,5221,Sausumos transportui būdingų paslaugų veikla,522140,"Gatvių, kelių, tiltų, tunelių eksploatavimas",176
H,Transportas ir saugojimas,52,Sandėliavimas ir transportui būdingų paslaugų veikla,522,Transportui būdingų paslaugų veikla,5221,Sausumos transportui būdingų paslaugų veikla,522170,Geležinkelių eksploatavimas,177
H,Transportas ir saugojimas,52,Sandėliavimas ir transportui būdingų paslaugų veikla,522,Transportui būdingų paslaugų veikla,5229,Kita transportui būdingų paslaugų veikla,522930,Vežimo dokumentų ir kelionės lapų parengimas ir išdavimas,178
H,Transportas ir saugojimas,53,Pašto ir pasiuntinių (kurjerių) veikla,531,Pašto pagal įpareigojimą teikti universaliąsias paslaugas atliekama veikla,5310,Pašto pagal įpareigojimą teikti universaliąsias paslaugas atliekama veikla,531000,Pašto pagal įpareigojimą teikti universaliąsias paslaugas atliekama veikla,179
I,Apgyvendinimo ir maitinimo paslaugų veikla,55,Apgyvendinimo veikla,553,"Poilsinių transporto priemonių, priekabų aikštelių ir stovyklaviečių veikla",5530,"Poilsinių transporto priemonių, priekabų aikštelių ir stovyklaviečių veikla",553000,"Poilsinių transporto priemonių, priekabų aikštelių ir stovyklaviečių veikla",180
I,Apgyvendinimo ir maitinimo paslaugų veikla,56,Maitinimo ir gėrimų teikimo veikla,562,Pagaminto valgio tiekimas renginiams ir kitų maitinimo paslaugų veikla,5621,Pagaminto valgio tiekimas renginiams,562100,Pagaminto valgio tiekimas renginiams,181
I,Apgyvendinimo ir maitinimo paslaugų veikla,56,Maitinimo ir gėrimų teikimo veikla,562,Pagaminto valgio tiekimas renginiams ir kitų maitinimo paslaugų veikla,5629,Kitų maitinimo paslaugų teikimas,562900,Kitų maitinimo paslaugų teikimas,182
J,Informacija ir ryšiai,58,Leidybinė veikla,581,"Knygų, periodinių leidinių leidyba ir kita leidybinė veikla",5811,Knygų leidyba,581100,Knygų leidyba,183
J,Informacija ir ryšiai,58,Leidybinė veikla,581,"Knygų, periodinių leidinių leidyba ir kita leidybinė veikla",5812,"Žinynų, katalogų ir adresų sąrašų leidyba",581200,"Žinynų, katalogų ir adresų sąrašų leidyba",184
J,Informacija ir ryšiai,58,Leidybinė veikla,581,"Knygų, periodinių leidinių leidyba ir kita leidybinė veikla",5819,Kita leidyba,581900,Kita leidyba,185
J,Informacija ir ryšiai,58,Leidybinė veikla,582,Programinės įrangos leidyba,5829,Kita programinės įrangos leidyba,582900,Kita programinės įrangos leidyba,186
J,Informacija ir ryšiai,59,"Kino filmų, vaizdo filmų ir televizijos programų gamyba, garso įrašymo ir muzikos įrašų leidybos veikla",592,Garso įrašymas ir muzikos įrašų leidyba,5920,Garso įrašymas ir muzikos įrašų leidyba,592000,Garso įrašymas ir muzikos įrašų leidyba,187
J,Informacija ir ryšiai,60,Programų rengimas ir transliavimas,602,Televizijos programų rengimas ir transliavimas,6020,Televizijos programų rengimas ir transliavimas,602000,Televizijos programų rengimas ir transliavimas,188
J,Informacija ir ryšiai,61,Telekomunikacijos,611,Laidinio ryšio paslaugų veikla,6110,Laidinio ryšio paslaugų veikla,611000,Laidinio ryšio paslaugų veikla,189
J,Informacija ir ryšiai,62,"Kompiuterių programavimo, konsultacinė ir susijusi veikla",620,"Kompiuterių programavimo, konsultacinė ir susijusi veikla",6209,Kita informacinių technologijų ir kompiuterių paslaugų veikla,620900,Kita informacinių technologijų ir kompiuterių paslaugų veikla,190
J,Informacija ir ryšiai,63,Informacinių paslaugų veikla,639,Kita informacinių paslaugų veikla,6399,"Kita, niekur kitur nepriskirta, informacinių paslaugų veikla",639900,"Kita, niekur kitur nepriskirta, informacinių paslaugų veikla",191
K,Finansinė ir draudimo veikla,64,"Finansinių paslaugų veikla, išskyrus draudimą ir pensijų lėšų kaupimą",640,"Finansinių paslaugų veikla, išskyrus draudimą ir pensijų lėšų kaupimą",6400,"Finansinių paslaugų veikla, išskyrus draudimą ir pensijų lėšų kaupimą",640000,"Finansinių paslaugų veikla, išskyrus draudimą ir pensijų lėšų kaupimą",192
K,Finansinė ir draudimo veikla,64,"Finansinių paslaugų veikla, išskyrus draudimą ir pensijų lėšų kaupimą",641,Piniginis tarpininkavimas,6410,Piniginis tarpininkavimas,641000,Piniginis tarpininkavimas,193
K,Finansinė ir draudimo veikla,65,"Draudimo, perdraudimo ir pensijų lėšų kaupimo, išskyrus privalomąjį socialinį draudimą, veikla",650,"Draudimo, perdraudimo ir pensijų lėšų kaupimo, išskyrus privalomąjį socialinį draudimą, veikla",6500,"Draudimo, perdraudimo ir pensijų lėšų kaupimo, išskyrus privalomąjį socialinį draudimą, veikla",650000,"Draudimo, perdraudimo ir pensijų lėšų kaupimo, išskyrus privalomąjį socialinį draudimą, veikla",194
K,Finansinė ir draudimo veikla,65,"Draudimo, perdraudimo ir pensijų lėšų kaupimo, išskyrus privalomąjį socialinį draudimą, veikla",651,Draudimas,6512,Ne gyvybės draudimas,651200,Ne gyvybės draudimas,195
K,Finansinė ir draudimo veikla,65,"Draudimo, perdraudimo ir pensijų lėšų kaupimo, išskyrus privalomąjį socialinį draudimą, veikla",651,Draudimas,6512,Ne gyvybės draudimas,651210,Kelionių draudimas,196
K,Finansinė ir draudimo veikla,66,Pagalbinė finansinių paslaugų ir draudimo veikla,660,Pagalbinė finansinių paslaugų ir draudimo veikla,6600,Pagalbinė finansinių paslaugų ir draudimo veikla,660000,Pagalbinė finansinių paslaugų ir draudimo veikla,197
K,Finansinė ir draudimo veikla,66,Pagalbinė finansinių paslaugų ir draudimo veikla,661,"Pagalbinė finansinių paslaugų, išskyrus draudimą ir pensijų lėšų kaupimą, veikla",6619,"Kita pagalbinė finansinių paslaugų, išskyrus draudimą ir pensijų lėšų kaupimą, veikla",661900,"Kita pagalbinė finansinių paslaugų, išskyrus draudimą ir pensijų lėšų kaupimą, veikla",198
K,Finansinė ir draudimo veikla,66,Pagalbinė finansinių paslaugų ir draudimo veikla,662,Pagalbinė draudimo ir pensijų lėšų kaupimo veikla,6621,Rizikos ir žalos vertinimas,662100,Rizikos ir žalos vertinimas,199
L,Nekilnojamojo turto operacijos,68,Nekilnojamojo turto operacijos,680,Nekilnojamojo turto operacijos,6800,Nekilnojamojo turto operacijos,680000,Nekilnojamojo turto operacijos,200
L,Nekilnojamojo turto operacijos,68,Nekilnojamojo turto operacijos,683,Nekilnojamojo turto operacijos už atlygį arba pagal sutartį,6830,Nekilnojamojo turto operacijos už atlygį arba pagal sutartį,683000,Nekilnojamojo turto operacijos už atlygį arba pagal sutartį,201
L,Nekilnojamojo turto operacijos,68,Nekilnojamojo turto operacijos,683,Nekilnojamojo turto operacijos už atlygį arba pagal sutartį,6831,Nekilnojamojo turto agentūrų veikla,683100,Nekilnojamojo turto agentūrų veikla,202
F,Statyba,42,Inžinerinių statinių statyba,422,Komunalinių statinių statyba,4221,Komunalinių nuotekų statinių statyba,422100,Komunalinių nuotekų statinių statyba,203
M,"Profesinė, mokslinė ir techninė veikla",69,Teisinė ir apskaitos veikla,692,"Apskaitos, buhalterijos ir audito veikla; konsultacijos mokesčių klausimais",6920,"Apskaitos, buhalterijos ir audito veikla; konsultacijos mokesčių klausimais",692010,Buhalterinė apskaita ir audito atlikimas,204
M,"Profesinė, mokslinė ir techninė veikla",69,Teisinė ir apskaitos veikla,692,"Apskaitos, buhalterijos ir audito veikla; konsultacijos mokesčių klausimais",6920,"Apskaitos, buhalterijos ir audito veikla; konsultacijos mokesčių klausimais",692020,Finansinių ataskaitų rengimas,205
M,"Profesinė, mokslinė ir techninė veikla",70,Pagrindinių buveinių veikla; konsultacinė valdymo veikla,701,Pagrindinių buveinių veikla,7010,Pagrindinių buveinių veikla,701000,Pagrindinių buveinių veikla,206
M,"Profesinė, mokslinė ir techninė veikla",71,Architektūros ir inžinerijos veikla; techninis tikrinimas ir analizė,711,Architektūros ir inžinerijos veikla bei su ja susijusios techninės konsultacijos,7110,Architektūros ir inžinerijos veikla bei su ja susijusios techninės konsultacijos,711000,Architektūros ir inžinerijos veikla bei su ja susijusios techninės konsultacijos,207
M,"Profesinė, mokslinė ir techninė veikla",71,Architektūros ir inžinerijos veikla; techninis tikrinimas ir analizė,711,Architektūros ir inžinerijos veikla bei su ja susijusios techninės konsultacijos,7112,Inžinerijos veikla ir su ja susijusios techninės konsultacijos,711210,Inžinerinė - technologinė veikla,208
M,"Profesinė, mokslinė ir techninė veikla",71,Architektūros ir inžinerijos veikla; techninis tikrinimas ir analizė,711,Architektūros ir inžinerijos veikla bei su ja susijusios techninės konsultacijos,7112,Inžinerijos veikla ir su ja susijusios techninės konsultacijos,711230,Gatvių eismo projektavimas,209
M,"Profesinė, mokslinė ir techninė veikla",71,Architektūros ir inžinerijos veikla; techninis tikrinimas ir analizė,712,Techninis tikrinimas ir analizė,7120,Techninis tikrinimas ir analizė,712020,Medžiagų bandymai ir analizė,210
M,"Profesinė, mokslinė ir techninė veikla",71,Architektūros ir inžinerijos veikla; techninis tikrinimas ir analizė,712,Techninis tikrinimas ir analizė,7120,Techninis tikrinimas ir analizė,712030,Produkcijos kokybės bandymai ir analizė,211
M,"Profesinė, mokslinė ir techninė veikla",71,Architektūros ir inžinerijos veikla; techninis tikrinimas ir analizė,712,Techninis tikrinimas ir analizė,7120,Techninis tikrinimas ir analizė,712050,Variklinių transporto priemonių saugaus eismo periodinis patikrinimas,212
M,"Profesinė, mokslinė ir techninė veikla",72,Moksliniai tyrimai ir taikomoji veikla,721,Gamtos mokslų ir inžinerijos moksliniai tyrimai ir taikomoji veikla,7210,Gamtos mokslų ir inžinerijos moksliniai tyrimai ir taikomoji veikla,721000,Gamtos mokslų ir inžinerijos moksliniai tyrimai ir taikomoji veikla,213
M,"Profesinė, mokslinė ir techninė veikla",72,Moksliniai tyrimai ir taikomoji veikla,721,Gamtos mokslų ir inžinerijos moksliniai tyrimai ir taikomoji veikla,7219,Kiti gamtos mokslų ir inžinerijos moksliniai tyrimai ir taikomoji veikla,721940,Medicinos mokslų tiriamieji ir taikomieji darbai,214
M,"Profesinė, mokslinė ir techninė veikla",72,Moksliniai tyrimai ir taikomoji veikla,721,Gamtos mokslų ir inžinerijos moksliniai tyrimai ir taikomoji veikla,7219,Kiti gamtos mokslų ir inžinerijos moksliniai tyrimai ir taikomoji veikla,721950,Technikos mokslų tiriamieji ir taikomieji darbai,215
M,"Profesinė, mokslinė ir techninė veikla",72,Moksliniai tyrimai ir taikomoji veikla,722,Socialinių ir humanitarinių mokslų moksliniai tyrimai ir taikomoji veikla,7220,Socialinių ir humanitarinių mokslų moksliniai tyrimai ir taikomoji veikla,722020,Socialinių mokslų tiriamieji ir taikomieji darbai,216
M,"Profesinė, mokslinė ir techninė veikla",72,Moksliniai tyrimai ir taikomoji veikla,722,Socialinių ir humanitarinių mokslų moksliniai tyrimai ir taikomoji veikla,7220,Socialinių ir humanitarinių mokslų moksliniai tyrimai ir taikomoji veikla,722030,Teologijos mokslų tiriamieji ir taikomieji darbai,217
M,"Profesinė, mokslinė ir techninė veikla",73,Reklama ir rinkos tyrimas,730,Reklama ir rinkos tyrimas,7300,Reklama ir rinkos tyrimas,730000,Reklama ir rinkos tyrimas,218
M,"Profesinė, mokslinė ir techninė veikla",74,"Kita profesinė, mokslinė ir techninė veikla",749,"Kita, niekur kitur nepriskirta, profesinė, mokslinė ir techninė veikla",7490,"Kita, niekur kitur nepriskirta, profesinė, mokslinė ir techninė veikla",749000,"Kita, niekur kitur nepriskirta, profesinė, mokslinė ir techninė veikla",219
M,"Profesinė, mokslinė ir techninė veikla",75,Veterinarinė veikla,750,Veterinarinė veikla,7500,Veterinarinė veikla,750000,Veterinarinė veikla,220
N,Administracinė ir aptarnavimo veikla,77,Nuoma ir išperkamoji nuoma,770,Nuoma ir išperkamoji nuoma,7700,Nuoma ir išperkamoji nuoma,770000,Nuoma ir išperkamoji nuoma,221
N,Administracinė ir aptarnavimo veikla,77,Nuoma ir išperkamoji nuoma,771,Variklinių transporto priemonių nuoma ir išperkamoji nuoma,7710,Variklinių transporto priemonių nuoma ir išperkamoji nuoma,771000,Variklinių transporto priemonių nuoma ir išperkamoji nuoma,222
N,Administracinė ir aptarnavimo veikla,77,Nuoma ir išperkamoji nuoma,772,Asmeninių ir namų ūkio prekių nuoma ir išperkamoji nuoma,7721,Poilsio ir sporto reikmenų nuoma ir išperkamoji nuoma,772130,Dviračių nuoma,223
N,Administracinė ir aptarnavimo veikla,77,Nuoma ir išperkamoji nuoma,772,Asmeninių ir namų ūkio prekių nuoma ir išperkamoji nuoma,7721,Poilsio ir sporto reikmenų nuoma ir išperkamoji nuoma,772140,Sporto įrangos nuoma,224
N,Administracinė ir aptarnavimo veikla,77,Nuoma ir išperkamoji nuoma,773,"Kitų mašinų, įrangos ir materialiųjų vertybių nuoma ir išperkamoji nuoma",7730,"Kitų mašinų, įrangos ir materialiųjų vertybių nuoma ir išperkamoji nuoma",773000,"Kitų mašinų, įrangos ir materialiųjų vertybių nuoma ir išperkamoji nuoma",225
N,Administracinė ir aptarnavimo veikla,77,Nuoma ir išperkamoji nuoma,773,"Kitų mašinų, įrangos ir materialiųjų vertybių nuoma ir išperkamoji nuoma",7731,Žemės ūkio mašinų ir įrenginių nuoma ir išperkamoji nuoma,773100,Žemės ūkio mašinų ir įrenginių nuoma ir išperkamoji nuoma,226
N,Administracinė ir aptarnavimo veikla,77,Nuoma ir išperkamoji nuoma,773,"Kitų mašinų, įrangos ir materialiųjų vertybių nuoma ir išperkamoji nuoma",7733,"Įstaigos mašinų ir įrangos, įskaitant kompiuterius, nuoma ir išperkamoji nuoma",773320,"Kopijavimo, spausdinimo ir teksto apdorojimo mašinų nuoma",227
N,Administracinė ir aptarnavimo veikla,77,Nuoma ir išperkamoji nuoma,773,"Kitų mašinų, įrangos ir materialiųjų vertybių nuoma ir išperkamoji nuoma",7739,"Kitų, niekur kitur nepriskirtų, mašinų, įrangos ir materialiųjų vertybių nuoma ir išperkamoji nuoma",773920,Motociklų nuoma,228
N,Administracinė ir aptarnavimo veikla,77,Nuoma ir išperkamoji nuoma,773,"Kitų mašinų, įrangos ir materialiųjų vertybių nuoma ir išperkamoji nuoma",7739,"Kitų, niekur kitur nepriskirtų, mašinų, įrangos ir materialiųjų vertybių nuoma ir išperkamoji nuoma",773970,Ryšių įrenginių nuoma,229
N,Administracinė ir aptarnavimo veikla,78,Įdarbinimo veikla,780,Įdarbinimo veikla,7800,Įdarbinimo veikla,780000,Įdarbinimo veikla,230
N,Administracinė ir aptarnavimo veikla,79,"Kelionių agentūrų, ekskursijų organizatorių, išankstinio užsakymo paslaugų ir susijusi veikla",799,Kitų išankstinio užsakymo ir susijusių paslaugų veikla,7990,Kitų išankstinio užsakymo ir susijusių paslaugų veikla,799000,Kitų išankstinio užsakymo ir susijusių paslaugų veikla,231
N,Administracinė ir aptarnavimo veikla,80,Apsaugos ir tyrimo veikla,801,Privati apsauga,8010,Privati apsauga,801000,Privati apsauga,232
N,Administracinė ir aptarnavimo veikla,82,"Administracinė veikla, įstaigų ir kitų verslo įmonių aptarnavimo veikla",821,Įstaigų administracinė ir aptarnavimo veikla,8219,"Fotokopijavimo, dokumentų rengimo ir kita specializuota įstaigai būdingų paslaugų veikla",821900,"Fotokopijavimo, dokumentų rengimo ir kita specializuota įstaigai būdingų paslaugų veikla",233
N,Administracinė ir aptarnavimo veikla,82,"Administracinė veikla, įstaigų ir kitų verslo įmonių aptarnavimo veikla",829,Niekur kitur nepriskirta verslui būdingų paslaugų veikla,8291,Išieškojimo agentūrų ir kredito biurų veikla,829100,Išieškojimo agentūrų ir kredito biurų veikla,234
N,Administracinė ir aptarnavimo veikla,82,"Administracinė veikla, įstaigų ir kitų verslo įmonių aptarnavimo veikla",829,Niekur kitur nepriskirta verslui būdingų paslaugų veikla,8292,Fasavimo ir pakavimo veikla,829200,Fasavimo ir pakavimo veikla,235
O,Viešasis valdymas ir gynyba; privalomasis socialinis draudimas,84,Viešasis valdymas ir gynyba; privalomasis socialinis draudimas,840,Viešasis valdymas ir gynyba; privalomasis socialinis draudimas,8400,Viešasis valdymas ir gynyba; privalomasis socialinis draudimas,840000,Viešasis valdymas ir gynyba; privalomasis socialinis draudimas,236
O,Viešasis valdymas ir gynyba; privalomasis socialinis draudimas,84,Viešasis valdymas ir gynyba; privalomasis socialinis draudimas,841,Valstybės valdymas ir bendroji ekonominė bei socialinė bendruomenės politika,8411,Bendroji viešojo valdymo veikla,841100,Bendroji viešojo valdymo veikla,237
O,Viešasis valdymas ir gynyba; privalomasis socialinis draudimas,84,Viešasis valdymas ir gynyba; privalomasis socialinis draudimas,841,Valstybės valdymas ir bendroji ekonominė bei socialinė bendruomenės politika,8411,Bendroji viešojo valdymo veikla,841110,Lietuvos Respublikos apskričių veikla,238
O,Viešasis valdymas ir gynyba; privalomasis socialinis draudimas,84,Viešasis valdymas ir gynyba; privalomasis socialinis draudimas,841,Valstybės valdymas ir bendroji ekonominė bei socialinė bendruomenės politika,8411,Bendroji viešojo valdymo veikla,841120,Lietuvos Respublikos savivaldybių veikla,239
O,Viešasis valdymas ir gynyba; privalomasis socialinis draudimas,84,Viešasis valdymas ir gynyba; privalomasis socialinis draudimas,841,Valstybės valdymas ir bendroji ekonominė bei socialinė bendruomenės politika,8411,Bendroji viešojo valdymo veikla,841140,Iždo valdymas ir priežiūra,240
O,Viešasis valdymas ir gynyba; privalomasis socialinis draudimas,84,Viešasis valdymas ir gynyba; privalomasis socialinis draudimas,841,Valstybės valdymas ir bendroji ekonominė bei socialinė bendruomenės politika,8411,Bendroji viešojo valdymo veikla,841150,Biudžeto vykdymas ir valstybinių fondų tvarkymas,241
O,Viešasis valdymas ir gynyba; privalomasis socialinis draudimas,84,Viešasis valdymas ir gynyba; privalomasis socialinis draudimas,841,Valstybės valdymas ir bendroji ekonominė bei socialinė bendruomenės politika,8412,"Sveikatos priežiūros, švietimo, kultūros ir kitų socialinių paslaugų, išskyrus socialinį draudimą, veiklos reguliavimas",841200,"Sveikatos priežiūros, švietimo, kultūros ir kitų socialinių paslaugų, išskyrus socialinį draudimą, veiklos reguliavimas",242
O,Viešasis valdymas ir gynyba; privalomasis socialinis draudimas,84,Viešasis valdymas ir gynyba; privalomasis socialinis draudimas,842,Bendruomenei teikiamų paslaugų užtikrinimas,8421,Užsienio reikalai,842100,Užsienio reikalai,243
O,Viešasis valdymas ir gynyba; privalomasis socialinis draudimas,84,Viešasis valdymas ir gynyba; privalomasis socialinis draudimas,842,Bendruomenei teikiamų paslaugų užtikrinimas,8422,Gynybos veikla,842200,Gynybos veikla,244
P,Švietimas,85,Švietimas,850,Švietimas,8500,Švietimas,850000,Švietimas,245
P,Švietimas,85,Švietimas,855,Kitas mokymas,8550,Kitas mokymas,855000,Kitas mokymas,246
P,Švietimas,85,Švietimas,855,Kitas mokymas,8551,Sportinis ir rekreacinis švietimas,855100,Sportinis ir rekreacinis švietimas,247
P,Švietimas,85,Švietimas,855,Kitas mokymas,8552,Kultūrinis švietimas,855200,Kultūrinis švietimas,248
Q,Žmonių sveikatos priežiūra ir socialinis darbas,86,Žmonių sveikatos priežiūros veikla,862,Medicininės ir odontologinės praktikos veikla,8623,Odontologinės praktikos veikla,862300,Odontologinės praktikos veikla,249
Q,Žmonių sveikatos priežiūra ir socialinis darbas,87,Kita stacionarinė globos veikla,879,Kita stacionarinė globos veikla,8790,Kita stacionarinė globos veikla,879000,Kita stacionarinė globos veikla,250
Q,Žmonių sveikatos priežiūra ir socialinis darbas,88,Nesusijusio su apgyvendinimu socialinio darbo veikla,881,Nesusijusio su apgyvendinimu socialinio darbo su pagyvenusiais ir neįgaliaisiais asmenimis veikla,8810,Nesusijusio su apgyvendinimu socialinio darbo su pagyvenusiais ir neįgaliaisiais asmenimis veikla,881000,Nesusijusio su apgyvendinimu socialinio darbo su pagyvenusiais ir neįgaliaisiais asmenimis veikla,251
R,"Meninė, pramoginė ir poilsio organizavimo veikla",90,"Kūrybinė, meninė ir pramogų organizavimo veikla",900,"Kūrybinė, meninė ir pramogų organizavimo veikla",9004,Meno įrenginių eksploatavimo veikla,900400,Meno įrenginių eksploatavimo veikla,252
R,"Meninė, pramoginė ir poilsio organizavimo veikla",91,"Bibliotekų, archyvų, muziejų ir kita kultūrinė veikla",910,"Bibliotekų, archyvų, muziejų ir kita kultūrinė veikla",9103,Istorinių vietų ir pastatų bei panašių turistų lankomų vietų eksploatavimas,910300,Istorinių vietų ir pastatų bei panašių turistų lankomų vietų eksploatavimas,253
R,"Meninė, pramoginė ir poilsio organizavimo veikla",91,"Bibliotekų, archyvų, muziejų ir kita kultūrinė veikla",910,"Bibliotekų, archyvų, muziejų ir kita kultūrinė veikla",9104,Botanikos ir zoologijos sodų bei gamtos rezervatų veikla,910410,Zoologijos sodų veikla,254
R,"Meninė, pramoginė ir poilsio organizavimo veikla",91,"Bibliotekų, archyvų, muziejų ir kita kultūrinė veikla",910,"Bibliotekų, archyvų, muziejų ir kita kultūrinė veikla",9104,Botanikos ir zoologijos sodų bei gamtos rezervatų veikla,910420,Botanikos sodų veikla,255
R,"Meninė, pramoginė ir poilsio organizavimo veikla",92,Azartinių žaidimų ir lažybų organizavimo veikla,920,Azartinių žaidimų ir lažybų organizavimo veikla,9200,Azartinių žaidimų ir lažybų organizavimo veikla,920000,Azartinių žaidimų ir lažybų organizavimo veikla,256
R,"Meninė, pramoginė ir poilsio organizavimo veikla",92,Azartinių žaidimų ir lažybų organizavimo veikla,920,Azartinių žaidimų ir lažybų organizavimo veikla,9200,Azartinių žaidimų ir lažybų organizavimo veikla,920020,Azartinių lošimų ir lažybų organizavimo veikla,257
R,"Meninė, pramoginė ir poilsio organizavimo veikla",93,"Sportinė veikla, pramogų ir poilsio organizavimo veikla",930,"Sportinė veikla, pramogų ir poilsio organizavimo veikla",9300,"Sportinė veikla, pramogų ir poilsio organizavimo veikla",930000,"Sportinė veikla, pramogų ir poilsio organizavimo veikla",258
R,"Meninė, pramoginė ir poilsio organizavimo veikla",93,"Sportinė veikla, pramogų ir poilsio organizavimo veikla",931,Sportinė veikla,9319,Kita sportinė veikla,931900,Kita sportinė veikla,259
R,"Meninė, pramoginė ir poilsio organizavimo veikla",93,"Sportinė veikla, pramogų ir poilsio organizavimo veikla",932,Pramogų ir poilsio organizavimo veikla,9321,Atrakcionų ir teminių parkų veikla,932100,Atrakcionų ir teminių parkų veikla,260
R,"Meninė, pramoginė ir poilsio organizavimo veikla",93,"Sportinė veikla, pramogų ir poilsio organizavimo veikla",932,Pramogų ir poilsio organizavimo veikla,9329,Kita pramogų ir poilsio organizavimo veikla,932900,Kita pramogų ir poilsio organizavimo veikla,261
S,Kita aptarnavimo veikla,94,Narystės organizacijų veikla,941,"Verslininkų, darbdavių ir profesinių narystės organizacijų veikla",9411,Verslininkų ir darbdavių narystės organizacijų veikla,941100,Verslininkų ir darbdavių narystės organizacijų veikla,262
S,Kita aptarnavimo veikla,94,Narystės organizacijų veikla,949,Kitų narystės organizacijų veikla,9490,Kitų narystės organizacijų veikla,949000,Kitų narystės organizacijų veikla,263
S,Kita aptarnavimo veikla,94,Narystės organizacijų veikla,949,Kitų narystės organizacijų veikla,9491,Religinių organizacijų veikla,949110,Religinių bendrijų veikla,264
S,Kita aptarnavimo veikla,95,Kompiuterių ir asmeninių bei namų ūkio reikmenų taisymas,950,Kompiuterių ir asmeninių bei namų ūkio reikmenų taisymas,9500,Kompiuterių ir asmeninių bei namų ūkio reikmenų taisymas,950000,Kompiuterių ir asmeninių bei namų ūkio reikmenų taisymas,265
S,Kita aptarnavimo veikla,95,Kompiuterių ir asmeninių bei namų ūkio reikmenų taisymas,951,Kompiuterių ir ryšių įrangos remontas,9510,Kompiuterių ir ryšių įrangos remontas,951000,Kompiuterių ir ryšių įrangos remontas,266
S,Kita aptarnavimo veikla,96,Kita asmenų aptarnavimo veikla,960,Kita asmenų aptarnavimo veikla,9604,Fizinės gerovės užtikrinimo veikla,960400,Fizinės gerovės užtikrinimo veikla,267
A,"Žemės ūkis, miškininkystė ir žuvininkystė",01,"Augalininkystė ir gyvulininkystė, medžioklė ir susijusių paslaugų veikla",011,Vienmečių augalų auginimas,0112,Ryžių auginimas,011200,Ryžių auginimas,268
A,"Žemės ūkis, miškininkystė ir žuvininkystė",01,"Augalininkystė ir gyvulininkystė, medžioklė ir susijusių paslaugų veikla",011,Vienmečių augalų auginimas,0113,"Daržovių ir melionų, šakniavaisių ir gumbavaisių auginimas",011340,Daržovių auginimas uždarame grunte,269
A,"Žemės ūkis, miškininkystė ir žuvininkystė",01,"Augalininkystė ir gyvulininkystė, medžioklė ir susijusių paslaugų veikla",011,Vienmečių augalų auginimas,0115,Tabako auginimas,011500,Tabako auginimas,270
A,"Žemės ūkis, miškininkystė ir žuvininkystė",01,"Augalininkystė ir gyvulininkystė, medžioklė ir susijusių paslaugų veikla",012,Daugiamečių augalų auginimas,0121,Vynuogių auginimas,012100,Vynuogių auginimas,271
A,"Žemės ūkis, miškininkystė ir žuvininkystė",01,"Augalininkystė ir gyvulininkystė, medžioklė ir susijusių paslaugų veikla",012,Daugiamečių augalų auginimas,0125,"Kitų vaismedžių, uogakrūmių ir riešutmedžių vaisių auginimas",012500,"Kitų vaismedžių, uogakrūmių ir riešutmedžių vaisių auginimas",272
A,"Žemės ūkis, miškininkystė ir žuvininkystė",01,"Augalininkystė ir gyvulininkystė, medžioklė ir susijusių paslaugų veikla",012,Daugiamečių augalų auginimas,0129,Kitų daugiamečių augalų auginimas,012900,Kitų daugiamečių augalų auginimas,273
A,"Žemės ūkis, miškininkystė ir žuvininkystė",01,"Augalininkystė ir gyvulininkystė, medžioklė ir susijusių paslaugų veikla",014,Gyvulininkystė,0141,Pieninių galvijų auginimas,014100,Pieninių galvijų auginimas,274
A,"Žemės ūkis, miškininkystė ir žuvininkystė",01,"Augalininkystė ir gyvulininkystė, medžioklė ir susijusių paslaugų veikla",014,Gyvulininkystė,0144,Kupranugarių ir Camelidae šeimos gyvūnų auginimas,014400,Kupranugarių ir Camelidae šeimos gyvūnų auginimas,275
A,"Žemės ūkis, miškininkystė ir žuvininkystė",01,"Augalininkystė ir gyvulininkystė, medžioklė ir susijusių paslaugų veikla",014,Gyvulininkystė,0145,Avių ir ožkų auginimas,014510,Avių auginimas,276
A,"Žemės ūkis, miškininkystė ir žuvininkystė",01,"Augalininkystė ir gyvulininkystė, medžioklė ir susijusių paslaugų veikla",014,Gyvulininkystė,0145,Avių ir ožkų auginimas,014520,Ožkų auginimas,277
A,"Žemės ūkis, miškininkystė ir žuvininkystė",01,"Augalininkystė ir gyvulininkystė, medžioklė ir susijusių paslaugų veikla",014,Gyvulininkystė,0146,Kiaulių auginimas,014610,Kiaulių auginimas ir penėjimas mėsai,278
A,"Žemės ūkis, miškininkystė ir žuvininkystė",01,"Augalininkystė ir gyvulininkystė, medžioklė ir susijusių paslaugų veikla",014,Gyvulininkystė,0147,Naminių paukščių auginimas,014710,Naminių paukščių auginimas mėsai ir kiaušinių gavybai,279
A,"Žemės ūkis, miškininkystė ir žuvininkystė",01,"Augalininkystė ir gyvulininkystė, medžioklė ir susijusių paslaugų veikla",014,Gyvulininkystė,0149,Kitų gyvūnų auginimas,014900,Kitų gyvūnų auginimas,280
A,"Žemės ūkis, miškininkystė ir žuvininkystė",01,"Augalininkystė ir gyvulininkystė, medžioklė ir susijusių paslaugų veikla",016,Žemės ūkiui būdingų paslaugų ir derliaus apdorojimo veikla,0162,Gyvulininkystei būdingų paslaugų veikla,016200,Gyvulininkystei būdingų paslaugų veikla,281
A,"Žemės ūkis, miškininkystė ir žuvininkystė",02,Miškininkystė ir medienos ruoša,023,Laukinių nemedieninių produktų rinkimas,0230,Laukinių nemedieninių produktų rinkimas,023000,Laukinių nemedieninių produktų rinkimas,282
A,"Žemės ūkis, miškininkystė ir žuvininkystė",03,Žvejyba ir akvakultūra,030,Žvejyba ir akvakultūra,0300,Žvejyba ir akvakultūra,030000,Žvejyba ir akvakultūra,283
A,"Žemės ūkis, miškininkystė ir žuvininkystė",03,Žvejyba ir akvakultūra,032,Akvakultūra,0320,Akvakultūra,032000,Akvakultūra,284
B,Kasyba ir karjerų eksploatavimas,07,Metalų rūdų kasyba,070,Metalų rūdų kasyba,0700,Metalų rūdų kasyba,070000,Metalų rūdų kasyba,285
B,Kasyba ir karjerų eksploatavimas,07,Metalų rūdų kasyba,072,Spalvotųjų metalų rūdų kasyba,0720,Spalvotųjų metalų rūdų kasyba,072000,Spalvotųjų metalų rūdų kasyba,286
B,Kasyba ir karjerų eksploatavimas,07,Metalų rūdų kasyba,072,Spalvotųjų metalų rūdų kasyba,0729,Kitų spalvotųjų metalų rūdų kasyba,072900,Kitų spalvotųjų metalų rūdų kasyba,287
B,Kasyba ir karjerų eksploatavimas,08,Kita kasyba ir karjerų eksploatavimas,080,Kita kasyba ir karjerų eksploatavimas,0800,Kita kasyba ir karjerų eksploatavimas,080000,Kita kasyba ir karjerų eksploatavimas,288
A,"Žemės ūkis, miškininkystė ir žuvininkystė",03,Žvejyba ir akvakultūra,031,Žvejyba,0310,Žvejyba,031000,Žvejyba,289
B,Kasyba ir karjerų eksploatavimas,08,Kita kasyba ir karjerų eksploatavimas,081,"Akmens, smėlio ir molio karjerų eksploatavimas",0812,Smėlio ir žvyro karjerų eksploatavimas; molio ir kaolino kasyba,081200,Smėlio ir žvyro karjerų eksploatavimas; molio ir kaolino kasyba,290
B,Kasyba ir karjerų eksploatavimas,08,Kita kasyba ir karjerų eksploatavimas,089,Niekur kitur nepriskirta kasyba ir karjerų eksploatavimas,0890,Niekur kitur nepriskirta kasyba ir karjerų eksploatavimas,089000,Niekur kitur nepriskirta kasyba ir karjerų eksploatavimas,291
C,Apdirbamoji gamyba,10,Maisto produktų gamyba,100,Maisto produktų gamyba,1000,Maisto produktų gamyba,100000,Maisto produktų gamyba,292
C,Apdirbamoji gamyba,10,Maisto produktų gamyba,103,Vaisių ir daržovių perdirbimas ir konservavimas,1032,"Vaisių, uogų ir daržovių sulčių gamyba",103200,"Vaisių, uogų ir daržovių sulčių gamyba",293
C,Apdirbamoji gamyba,10,Maisto produktų gamyba,105,Pieno produktų gamyba,1050,Pieno produktų gamyba,105000,Pieno produktų gamyba,294
C,Apdirbamoji gamyba,10,Maisto produktų gamyba,106,"Grūdų malimo produktų, krakmolo ir krakmolo produktų gamyba",1061,Grūdų malimo produktų gamyba,106100,Grūdų malimo produktų gamyba,295
C,Apdirbamoji gamyba,10,Maisto produktų gamyba,108,Kitų maisto produktų gamyba,1081,Cukraus gamyba,108100,Cukraus gamyba,296
C,Apdirbamoji gamyba,10,Maisto produktų gamyba,108,Kitų maisto produktų gamyba,1085,Paruoštų valgių ir patiekalų gamyba,108500,Paruoštų valgių ir patiekalų gamyba,297
C,Apdirbamoji gamyba,10,Maisto produktų gamyba,109,Paruoštų pašarų gyvuliams gamyba,1091,Paruoštų pašarų ūkio gyvuliams gamyba,109100,Paruoštų pašarų ūkio gyvuliams gamyba,298
C,Apdirbamoji gamyba,11,Gėrimų gamyba,110,Gėrimų gamyba,1107,"Nealkoholinių gėrimų gamyba; mineralinio ir kito, pilstomo į butelius, vandens gamyba",110700,"Nealkoholinių gėrimų gamyba; mineralinio ir kito, pilstomo į butelius, vandens gamyba",299
C,Apdirbamoji gamyba,13,Tekstilės gaminių gamyba,131,Tekstilės pluoštų paruošimas ir verpimas,1310,Tekstilės pluoštų paruošimas ir verpimas,131000,Tekstilės pluoštų paruošimas ir verpimas,300
C,Apdirbamoji gamyba,13,Tekstilės gaminių gamyba,132,Tekstilės audimas,1320,Tekstilės audimas,132010,Lininių audinių audimas,301
C,Apdirbamoji gamyba,13,Tekstilės gaminių gamyba,133,Tekstilės apdaila,1330,Tekstilės apdaila,133000,Tekstilės apdaila,302
C,Apdirbamoji gamyba,13,Tekstilės gaminių gamyba,139,Kitų tekstilės gaminių ir dirbinių gamyba,1393,Kilimų ir kilimėlių gamyba,139300,Kilimų ir kilimėlių gamyba,303
C,Apdirbamoji gamyba,14,Drabužių siuvimas (gamyba),141,"Drabužių, išskyrus kailinius drabužius, siuvimas (gamyba)",1410,"Drabužių, išskyrus kailinius drabužius, siuvimas (gamyba)",141000,"Drabužių, išskyrus kailinius drabužius, siuvimas (gamyba)",304
C,Apdirbamoji gamyba,14,Drabužių siuvimas (gamyba),141,"Drabužių, išskyrus kailinius drabužius, siuvimas (gamyba)",1413,Kitų viršutinių drabužių siuvimas,141320,Moteriškų viršutinių drabužių siuvimas,305
C,Apdirbamoji gamyba,16,"Medienos bei medienos ir kamštienos gaminių, išskyrus baldus, gamyba; gaminių iš šiaudų ir pynimo medžiagų gamyba",162,"Gaminių ir dirbinių iš medienos, kamštienos, šiaudų ir pynimo medžiagų gamyba",1620,"Gaminių ir dirbinių iš medienos, kamštienos, šiaudų ir pynimo medžiagų gamyba",162000,"Gaminių ir dirbinių iš medienos, kamštienos, šiaudų ir pynimo medžiagų gamyba",306
C,Apdirbamoji gamyba,16,"Medienos bei medienos ir kamštienos gaminių, išskyrus baldus, gamyba; gaminių iš šiaudų ir pynimo medžiagų gamyba",162,"Gaminių ir dirbinių iš medienos, kamštienos, šiaudų ir pynimo medžiagų gamyba",1621,Faneravimo dangos ir medienos plokščių gamyba,162100,Faneravimo dangos ir medienos plokščių gamyba,307
C,Apdirbamoji gamyba,16,"Medienos bei medienos ir kamštienos gaminių, išskyrus baldus, gamyba; gaminių iš šiaudų ir pynimo medžiagų gamyba",162,"Gaminių ir dirbinių iš medienos, kamštienos, šiaudų ir pynimo medžiagų gamyba",1621,Faneravimo dangos ir medienos plokščių gamyba,162120,Presuotos medienos gamyba,308
C,Apdirbamoji gamyba,16,"Medienos bei medienos ir kamštienos gaminių, išskyrus baldus, gamyba; gaminių iš šiaudų ir pynimo medžiagų gamyba",162,"Gaminių ir dirbinių iš medienos, kamštienos, šiaudų ir pynimo medžiagų gamyba",1629,"Kitų medienos gaminių gamyba; dirbinių iš kamštienos, šiaudų ir pynimo medžiagų gamyba",162900,"Kitų medienos gaminių gamyba; dirbinių iš kamštienos, šiaudų ir pynimo medžiagų gamyba",309
C,Apdirbamoji gamyba,17,Popieriaus ir popieriaus gaminių gamyba,172,Popieriaus ir kartoninių gaminių gamyba,1720,Popieriaus ir kartoninių gaminių gamyba,172000,Popieriaus ir kartoninių gaminių gamyba,310
C,Apdirbamoji gamyba,17,Popieriaus ir popieriaus gaminių gamyba,172,Popieriaus ir kartoninių gaminių gamyba,1721,Gofruotojo popieriaus ir kartono bei taros iš popieriaus ir kartono gamyba,172100,Gofruotojo popieriaus ir kartono bei taros iš popieriaus ir kartono gamyba,311
C,Apdirbamoji gamyba,17,Popieriaus ir popieriaus gaminių gamyba,172,Popieriaus ir kartoninių gaminių gamyba,1723,Popierinių raštinės reikmenų gamyba,172300,Popierinių raštinės reikmenų gamyba,312
C,Apdirbamoji gamyba,17,Popieriaus ir popieriaus gaminių gamyba,172,Popieriaus ir kartoninių gaminių gamyba,1729,Kitų popierinių ir kartoninių gaminių gamyba,172900,Kitų popierinių ir kartoninių gaminių gamyba,313
C,Apdirbamoji gamyba,18,Spausdinimas ir įrašytų laikmenų tiražavimas,181,Spausdinimas ir su spausdinimu susijusios paslaugos,1810,Spausdinimas ir su spausdinimu susijusios paslaugos,181000,Spausdinimas ir su spausdinimu susijusios paslaugos,314
C,Apdirbamoji gamyba,18,Spausdinimas ir įrašytų laikmenų tiražavimas,181,Spausdinimas ir su spausdinimu susijusios paslaugos,1814,Įrišimas ir susijusios paslaugos,181400,Įrišimas ir susijusios paslaugos,315
C,Apdirbamoji gamyba,19,Kokso ir rafinuotų naftos produktų gamyba,190,Kokso ir rafinuotų naftos produktų gamyba,1900,Kokso ir rafinuotų naftos produktų gamyba,190000,Kokso ir rafinuotų naftos produktų gamyba,316
C,Apdirbamoji gamyba,19,Kokso ir rafinuotų naftos produktų gamyba,192,Rafinuotų naftos produktų gamyba,1920,Rafinuotų naftos produktų gamyba,192010,Skystojo arba dujinio kuro gamyba,317
C,Apdirbamoji gamyba,19,Kokso ir rafinuotų naftos produktų gamyba,192,Rafinuotų naftos produktų gamyba,1920,Rafinuotų naftos produktų gamyba,192020,Tepalų ir kitų alyvų gamyba,318
C,Apdirbamoji gamyba,20,Chemikalų ir chemijos produktų gamyba,201,"Pagrindinių chemikalų, trąšų ir azoto junginių, pirminių plastikų ir pirminio sintetinio kaučiuko gamyba",2010,"Pagrindinių chemikalų, trąšų ir azoto junginių, pirminių plastikų ir pirminio sintetinio kaučiuko gamyba",201000,"Pagrindinių chemikalų, trąšų ir azoto junginių, pirminių plastikų ir pirminio sintetinio kaučiuko gamyba",319
F,Statyba,43,Specializuota statybos veikla,430,Specializuota statybos veikla,4300,Specializuota statybos veikla,430000,Specializuota statybos veikla,320
C,Apdirbamoji gamyba,20,Chemikalų ir chemijos produktų gamyba,201,"Pagrindinių chemikalų, trąšų ir azoto junginių, pirminių plastikų ir pirminio sintetinio kaučiuko gamyba",2013,Kitų pagrindinių neorganinių chemikalų gamyba,201300,Kitų pagrindinių neorganinių chemikalų gamyba,321
C,Apdirbamoji gamyba,20,Chemikalų ir chemijos produktų gamyba,201,"Pagrindinių chemikalų, trąšų ir azoto junginių, pirminių plastikų ir pirminio sintetinio kaučiuko gamyba",2015,Trąšų ir azoto junginių gamyba,201500,Trąšų ir azoto junginių gamyba,322
C,Apdirbamoji gamyba,20,Chemikalų ir chemijos produktų gamyba,204,"Muilo ir ploviklių, valiklių ir blizgiklių, kvepalų ir tualeto priemonių gamyba",2042,Kvepalų ir tualeto priemonių gamyba,204200,Kvepalų ir tualeto priemonių gamyba,323
C,Apdirbamoji gamyba,20,Chemikalų ir chemijos produktų gamyba,205,Kitų cheminių medžiagų gamyba,2059,"Kitų, niekur kitur nepriskirtų, cheminių medžiagų gamyba",205940,Rašalo ir tušo gamyba,324
C,Apdirbamoji gamyba,21,Pagrindinių vaistų pramonės gaminių ir farmacinių preparatų gamyba,212,Farmacinių preparatų gamyba,2120,Farmacinių preparatų gamyba,212000,Farmacinių preparatų gamyba,325
C,Apdirbamoji gamyba,21,Pagrindinių vaistų pramonės gaminių ir farmacinių preparatų gamyba,212,Farmacinių preparatų gamyba,2120,Farmacinių preparatų gamyba,212020,Veterinarinių vaistų gamyba,326
C,Apdirbamoji gamyba,22,Guminių ir plastikinių gaminių gamyba,221,Guminių gaminių gamyba,2211,Guminių padangų ir kamerų gamyba; guminių padangų restauravimas ir atnaujinimas,221100,Guminių padangų ir kamerų gamyba; guminių padangų restauravimas ir atnaujinimas,327
C,Apdirbamoji gamyba,22,Guminių ir plastikinių gaminių gamyba,221,Guminių gaminių gamyba,2219,Kitų guminių gaminių gamyba,221900,Kitų guminių gaminių gamyba,328
C,Apdirbamoji gamyba,23,Kitų nemetalo mineralinių produktų gamyba,231,Stiklo ir stiklo gaminių bei dirbinių gamyba,2310,Stiklo ir stiklo gaminių bei dirbinių gamyba,231000,Stiklo ir stiklo gaminių bei dirbinių gamyba,329
C,Apdirbamoji gamyba,23,Kitų nemetalo mineralinių produktų gamyba,231,Stiklo ir stiklo gaminių bei dirbinių gamyba,2312,Plokščiojo stiklo pjaustymas ir apdorojimas,231200,Plokščiojo stiklo pjaustymas ir apdorojimas,330
C,Apdirbamoji gamyba,23,Kitų nemetalo mineralinių produktų gamyba,231,Stiklo ir stiklo gaminių bei dirbinių gamyba,2314,Stiklo pluoštų gamyba,231400,Stiklo pluoštų gamyba,331
C,Apdirbamoji gamyba,23,Kitų nemetalo mineralinių produktų gamyba,233,Statybinių medžiagų iš molio gamyba,2331,Keraminių apdailos ir šaligatvio plytelių gamyba,233110,Koklių gamyba,332
C,Apdirbamoji gamyba,23,Kitų nemetalo mineralinių produktų gamyba,233,Statybinių medžiagų iš molio gamyba,2332,"Degto molio plytų, plytelių ir statybinių dirbinių gamyba",233200,"Degto molio plytų, plytelių ir statybinių dirbinių gamyba",333
C,Apdirbamoji gamyba,23,Kitų nemetalo mineralinių produktų gamyba,234,Kitų porcelianinių ir keraminių gaminių bei dirbinių gamyba,2340,Kitų porcelianinių ir keraminių gaminių bei dirbinių gamyba,234000,Kitų porcelianinių ir keraminių gaminių bei dirbinių gamyba,334
C,Apdirbamoji gamyba,23,Kitų nemetalo mineralinių produktų gamyba,234,Kitų porcelianinių ir keraminių gaminių bei dirbinių gamyba,2342,Keraminių santechnikos gaminių ir dirbinių gamyba,234200,Keraminių santechnikos gaminių ir dirbinių gamyba,335
C,Apdirbamoji gamyba,23,Kitų nemetalo mineralinių produktų gamyba,235,"Cemento, kalkių ir gipso gamyba",2352,Kalkių ir gipso gamyba,235200,Kalkių ir gipso gamyba,336
C,Apdirbamoji gamyba,23,Kitų nemetalo mineralinių produktų gamyba,236,"Betono, cemento ir gipso gaminių bei dirbinių gamyba",2360,"Betono, cemento ir gipso gaminių bei dirbinių gamyba",236000,"Betono, cemento ir gipso gaminių bei dirbinių gamyba",337
C,Apdirbamoji gamyba,23,Kitų nemetalo mineralinių produktų gamyba,236,"Betono, cemento ir gipso gaminių bei dirbinių gamyba",2365,Fibrolito gamyba,236500,Fibrolito gamyba,338
C,Apdirbamoji gamyba,23,Kitų nemetalo mineralinių produktų gamyba,237,"Akmens pjaustymas, tašymas ir apdailinimas",2370,"Akmens pjaustymas, tašymas ir apdailinimas",237000,"Akmens pjaustymas, tašymas ir apdailinimas",339
C,Apdirbamoji gamyba,23,Kitų nemetalo mineralinių produktų gamyba,239,Abrazyvinių gaminių ir niekur kitur nepriskirtų nemetalo mineralinių produktų gamyba,2399,"Kitų, niekur kitur nepriskirtų, nemetalo mineralinių produktų gamyba",239920,Frikcinių medžiagų ir jų gaminių gamyba,340
C,Apdirbamoji gamyba,24,Pagrindinių metalų gamyba,244,Pagrindinių tauriųjų ir kitų spalvotųjų metalų gamyba,2441,Tauriųjų metalų gamyba,244100,Tauriųjų metalų gamyba,341
C,Apdirbamoji gamyba,24,Pagrindinių metalų gamyba,245,Metalų liejinių gamyba,2452,Plieno liejinių gamyba,245200,Plieno liejinių gamyba,342
C,Apdirbamoji gamyba,25,"Metalo gaminių, išskyrus mašinas ir įrenginius, gamyba",251,Konstrukcinių metalo gaminių gamyba,2510,Konstrukcinių metalo gaminių gamyba,251000,Konstrukcinių metalo gaminių gamyba,343
C,Apdirbamoji gamyba,25,"Metalo gaminių, išskyrus mašinas ir įrenginius, gamyba",257,"Valgomųjų įrankių, kitų įrankių ir bendrųjų metalo dirbinių gamyba",2573,Kitų įrankių gamyba,257300,Kitų įrankių gamyba,344
C,Apdirbamoji gamyba,25,"Metalo gaminių, išskyrus mašinas ir įrenginius, gamyba",259,Kitų metalo gaminių gamyba,2590,Kitų metalo gaminių gamyba,259000,Kitų metalo gaminių gamyba,345
C,Apdirbamoji gamyba,25,"Metalo gaminių, išskyrus mašinas ir įrenginius, gamyba",259,Kitų metalo gaminių gamyba,2591,Plieninių statinių ir panašių talpyklų gamyba,259100,Plieninių statinių ir panašių talpyklų gamyba,346
C,Apdirbamoji gamyba,26,"Kompiuterinių, elektroninių ir optinių gaminių gamyba",262,Kompiuterių ir išorinės įrangos gamyba,2620,Kompiuterių ir išorinės įrangos gamyba,262000,Kompiuterių ir išorinės įrangos gamyba,347
C,Apdirbamoji gamyba,26,"Kompiuterinių, elektroninių ir optinių gaminių gamyba",265,"Matavimo, bandymo, navigacinės ir kontrolės įrangos gamyba; įvairių tipų laikrodžių gamyba",2651,"Matavimo, bandymo, navigacinės ir kontrolės įrangos prietaisų ir aparatų gamyba",265100,"Matavimo, bandymo, navigacinės ir kontrolės įrangos prietaisų ir aparatų gamyba",348
C,Apdirbamoji gamyba,26,"Kompiuterinių, elektroninių ir optinių gaminių gamyba",266,"Švitinimo, elektromedicininės ir elektroterapinės įrangos gamyba",2660,"Švitinimo, elektromedicininės ir elektroterapinės įrangos gamyba",266000,"Švitinimo, elektromedicininės ir elektroterapinės įrangos gamyba",349
C,Apdirbamoji gamyba,27,Elektros įrangos gamyba,271,"Elektros variklių, generatorių, transformatorių bei elektros skirstomosios ir valdymo įrangos gamyba",2710,"Elektros variklių, generatorių, transformatorių bei elektros skirstomosios ir valdymo įrangos gamyba",271000,"Elektros variklių, generatorių, transformatorių bei elektros skirstomosios ir valdymo įrangos gamyba",350
F,Statyba,43,Specializuota statybos veikla,431,Statinių nugriovimas ir statybvietės paruošimas,4311,Statinių nugriovimas,431100,Statinių nugriovimas,351
C,Apdirbamoji gamyba,27,Elektros įrangos gamyba,271,"Elektros variklių, generatorių, transformatorių bei elektros skirstomosios ir valdymo įrangos gamyba",2712,Elektros skirstomosios ir valdymo įrangos gamyba,271200,Elektros skirstomosios ir valdymo įrangos gamyba,352
C,Apdirbamoji gamyba,27,Elektros įrangos gamyba,273,Laidų ir instaliacijos įtaisų gamyba,2731,Skaidulinės optikos kabelių gamyba,273100,Skaidulinės optikos kabelių gamyba,353
C,Apdirbamoji gamyba,27,Elektros įrangos gamyba,273,Laidų ir instaliacijos įtaisų gamyba,2732,Kitų elektronikos bei elektros laidų ir kabelių gamyba,273200,Kitų elektronikos bei elektros laidų ir kabelių gamyba,354
C,Apdirbamoji gamyba,27,Elektros įrangos gamyba,273,Laidų ir instaliacijos įtaisų gamyba,2733,Instaliacijos įtaisų gamyba,273300,Instaliacijos įtaisų gamyba,355
C,Apdirbamoji gamyba,28,Niekur kitur nepriskirtų mašinų ir įrangos gamyba,281,Bendrosios paskirties mašinų gamyba,2814,Kitų čiaupų ir sklendžių gamyba,281400,Kitų čiaupų ir sklendžių gamyba,356
C,Apdirbamoji gamyba,28,Niekur kitur nepriskirtų mašinų ir įrangos gamyba,281,Bendrosios paskirties mašinų gamyba,2815,"Guolių, krumpliaračių, krumplinių pavarų ir varomųjų elementų gamyba",281500,"Guolių, krumpliaračių, krumplinių pavarų ir varomųjų elementų gamyba",357
C,Apdirbamoji gamyba,28,Niekur kitur nepriskirtų mašinų ir įrangos gamyba,282,Kitų bendrosios paskirties mašinų ir įrangos gamyba,2820,Kitų bendrosios paskirties mašinų ir įrangos gamyba,282000,Kitų bendrosios paskirties mašinų ir įrangos gamyba,358
C,Apdirbamoji gamyba,28,Niekur kitur nepriskirtų mašinų ir įrangos gamyba,282,Kitų bendrosios paskirties mašinų ir įrangos gamyba,2821,"Orkaičių, krosnių ir krosnių degiklių gamyba",282100,"Orkaičių, krosnių ir krosnių degiklių gamyba",359
C,Apdirbamoji gamyba,28,Niekur kitur nepriskirtų mašinų ir įrangos gamyba,282,Kitų bendrosios paskirties mašinų ir įrangos gamyba,2829,"Kitų, niekur kitur nepriskirtų, bendrosios paskirties mašinų ir įrangos gamyba",282900,"Kitų, niekur kitur nepriskirtų, bendrosios paskirties mašinų ir įrangos gamyba",360
C,Apdirbamoji gamyba,28,Niekur kitur nepriskirtų mašinų ir įrangos gamyba,289,Kitų specialiosios paskirties mašinų gamyba,2891,Metalurgijos mašinų gamyba,289100,Metalurgijos mašinų gamyba,361
C,Apdirbamoji gamyba,28,Niekur kitur nepriskirtų mašinų ir įrangos gamyba,289,Kitų specialiosios paskirties mašinų gamyba,2893,"Maisto, gėrimų ir tabako apdorojimo mašinų gamyba",289300,"Maisto, gėrimų ir tabako apdorojimo mašinų gamyba",362
C,Apdirbamoji gamyba,29,"Variklinių transporto priemonių, priekabų ir puspriekabių gamyba",290,"Variklinių transporto priemonių, priekabų ir puspriekabių gamyba",2900,"Variklinių transporto priemonių, priekabų ir puspriekabių gamyba",290000,"Variklinių transporto priemonių, priekabų ir puspriekabių gamyba",363
C,Apdirbamoji gamyba,29,"Variklinių transporto priemonių, priekabų ir puspriekabių gamyba",293,Variklinių transporto priemonių dalių ir pagalbinių reikmenų gamyba,2932,Variklinių transporto priemonių kitų dalių ir reikmenų gamyba,293200,Variklinių transporto priemonių kitų dalių ir reikmenų gamyba,364
C,Apdirbamoji gamyba,30,Kitų transporto priemonių ir įrangos gamyba,309,Niekur kitur nepriskirtų transporto priemonių gamyba,3092,Dviračių ir invalidų vežimėlių gamyba,309200,Dviračių ir invalidų vežimėlių gamyba,365
C,Apdirbamoji gamyba,31,Baldų gamyba,310,Baldų gamyba,3100,Baldų gamyba,310000,Baldų gamyba,366
C,Apdirbamoji gamyba,32,Kita gamyba,323,Sporto reikmenų gamyba,3230,Sporto reikmenų gamyba,323000,Sporto reikmenų gamyba,367
C,Apdirbamoji gamyba,32,Kita gamyba,324,Žaidimų ir žaislų gamyba,3240,Žaidimų ir žaislų gamyba,324020,Plastikinių žaislų gamyba,368
C,Apdirbamoji gamyba,32,Kita gamyba,324,Žaidimų ir žaislų gamyba,3240,Žaidimų ir žaislų gamyba,324070,Elektrinių žaislų ir žaidimų gamyba,369
C,Apdirbamoji gamyba,32,Kita gamyba,329,Niekur kitur nepriskirta gamyba,3291,Šluotų ir šepečių gamyba,329100,Šluotų ir šepečių gamyba,370
C,Apdirbamoji gamyba,32,Kita gamyba,329,Niekur kitur nepriskirta gamyba,3299,"Kita, niekur kitur nepriskirta, gamyba",329900,"Kita, niekur kitur nepriskirta, gamyba",371
C,Apdirbamoji gamyba,32,Kita gamyba,329,Niekur kitur nepriskirta gamyba,3299,"Kita, niekur kitur nepriskirta, gamyba",329910,Medinių karstų ir kitų laidojimo reikmenų gamyba,372
C,Apdirbamoji gamyba,33,Mašinų ir įrangos remontas ir įrengimas,331,"Metalo gaminių, mašinų ir įrangos remontas",3316,Orlaivių ir erdvėlaivių remontas ir techninė priežiūra,331600,Orlaivių ir erdvėlaivių remontas ir techninė priežiūra,373
D,"Elektros, dujų, garo tiekimas ir oro kondicionavimas",35,"Elektros, dujų, garo tiekimas ir oro kondicionavimas",350,"Elektros, dujų, garo tiekimas ir oro kondicionavimas",3500,"Elektros, dujų, garo tiekimas ir oro kondicionavimas",350000,"Elektros, dujų, garo tiekimas ir oro kondicionavimas",374
D,"Elektros, dujų, garo tiekimas ir oro kondicionavimas",35,"Elektros, dujų, garo tiekimas ir oro kondicionavimas",351,"Elektros energijos gamyba, perdavimas ir paskirstymas",3513,Elektros paskirstymas,351300,Elektros paskirstymas,375
D,"Elektros, dujų, garo tiekimas ir oro kondicionavimas",35,"Elektros, dujų, garo tiekimas ir oro kondicionavimas",352,Dujų gamyba; dujinio kuro paskirstymas dujotiekiais,3523,Dujų pardavimas dujotiekiais,352300,Dujų pardavimas dujotiekiais,376
D,"Elektros, dujų, garo tiekimas ir oro kondicionavimas",35,"Elektros, dujų, garo tiekimas ir oro kondicionavimas",353,Garo tiekimas ir oro kondicionavimas,3530,Garo tiekimas ir oro kondicionavimas,353000,Garo tiekimas ir oro kondicionavimas,377
D,"Elektros, dujų, garo tiekimas ir oro kondicionavimas",35,"Elektros, dujų, garo tiekimas ir oro kondicionavimas",353,Garo tiekimas ir oro kondicionavimas,3530,Garo tiekimas ir oro kondicionavimas,353010,Garo tiekimas,378
E,"Vandens tiekimas nuotekų valymas, atliekų tvarkymas ir regeneravimas",37,Nuotekų valymas,370,Nuotekų valymas,3700,Nuotekų valymas,370000,Nuotekų valymas,379
E,"Vandens tiekimas nuotekų valymas, atliekų tvarkymas ir regeneravimas",38,"Atliekų surinkimas, tvarkymas ir šalinimas; medžiagų atgavimas",381,Atliekų surinkimas,3810,Atliekų surinkimas,381000,Atliekų surinkimas,380
E,"Vandens tiekimas nuotekų valymas, atliekų tvarkymas ir regeneravimas",38,"Atliekų surinkimas, tvarkymas ir šalinimas; medžiagų atgavimas",383,Medžiagų atgavimas,3831,Mašinų duženų išmontavimas,383100,Mašinų duženų išmontavimas,381
E,"Vandens tiekimas nuotekų valymas, atliekų tvarkymas ir regeneravimas",38,"Atliekų surinkimas, tvarkymas ir šalinimas; medžiagų atgavimas",383,Medžiagų atgavimas,3832,Išrūšiuotų medžiagų atgavimas,383200,Išrūšiuotų medžiagų atgavimas,382
F,Statyba,42,Inžinerinių statinių statyba,421,Kelių ir geležinkelių tiesimas,4211,Kelių ir automagistralių tiesimas,421100,Kelių ir automagistralių tiesimas,383
F,Statyba,42,Inžinerinių statinių statyba,421,Kelių ir geležinkelių tiesimas,4213,Tiltų ir tunelių statyba,421300,Tiltų ir tunelių statyba,384
F,Statyba,43,Specializuota statybos veikla,431,Statinių nugriovimas ir statybvietės paruošimas,4312,Statybvietės paruošimas,431220,Žemės darbai statybos aikštelėse,385
F,Statyba,43,Specializuota statybos veikla,431,Statinių nugriovimas ir statybvietės paruošimas,4312,Statybvietės paruošimas,431230,Sausinimo ir drėkinimo sistemų tiesimas,386
F,Statyba,43,Specializuota statybos veikla,431,Statinių nugriovimas ir statybvietės paruošimas,4313,Žvalgomasis gręžimas,431300,Žvalgomasis gręžimas,387
F,Statyba,43,Specializuota statybos veikla,432,"Elektros, vandentiekio ir kitos įrangos įrengimas",4321,Elektros sistemų įrengimas,432110,Pastatų ir statinių elektros tinklų įrengimas,388
F,Statyba,43,Specializuota statybos veikla,432,"Elektros, vandentiekio ir kitos įrangos įrengimas",4322,"Vandentiekio, šildymo ir oro kondicionavimo sistemų įrengimas",432200,"Vandentiekio, šildymo ir oro kondicionavimo sistemų įrengimas",389
F,Statyba,43,Specializuota statybos veikla,433,Statybos baigimas ir apdaila,4332,Staliaus dirbinių įrengimas,433200,Staliaus dirbinių įrengimas,390
F,Statyba,43,Specializuota statybos veikla,433,Statybos baigimas ir apdaila,4334,Dažymas ir stiklinimas,433400,Dažymas ir stiklinimas,391
F,Statyba,43,Specializuota statybos veikla,433,Statybos baigimas ir apdaila,4339,Kiti statybos baigiamieji ir apdailos darbai,433900,Kiti statybos baigiamieji ir apdailos darbai,392
G,Didmeninė ir mažmeninė prekyba; variklinių transporto priemonių ir motociklų remontas,45,Variklinių transporto priemonių ir motociklų didmeninė ir mažmeninė prekyba bei remontas,452,Variklinių transporto priemonių techninė priežiūra ir remontas,4520,Variklinių transporto priemonių techninė priežiūra ir remontas,452000,Variklinių transporto priemonių techninė priežiūra ir remontas,393
G,Didmeninė ir mažmeninė prekyba; variklinių transporto priemonių ir motociklų remontas,45,Variklinių transporto priemonių ir motociklų didmeninė ir mažmeninė prekyba bei remontas,453,Variklinių transporto priemonių atsarginių dalių ir pagalbinių reikmenų pardavimas,4530,Variklinių transporto priemonių atsarginių dalių ir pagalbinių reikmenų pardavimas,453000,Variklinių transporto priemonių atsarginių dalių ir pagalbinių reikmenų pardavimas,394
G,Didmeninė ir mažmeninė prekyba; variklinių transporto priemonių ir motociklų remontas,46,"Didmeninė prekyba, išskyrus prekybą variklinėmis transporto priemonėmis ir motociklais",461,Didmeninė prekyba už atlygį ar pagal sutartį,4615,"Baldų, namų ūkio reikmenų, metalo ir geležies dirbinių pardavimo agentų veikla",461500,"Baldų, namų ūkio reikmenų, metalo ir geležies dirbinių pardavimo agentų veikla",395
G,Didmeninė ir mažmeninė prekyba; variklinių transporto priemonių ir motociklų remontas,46,"Didmeninė prekyba, išskyrus prekybą variklinėmis transporto priemonėmis ir motociklais",461,Didmeninė prekyba už atlygį ar pagal sutartį,4617,"Maisto produktų, gėrimų ir tabako pardavimo agentų veikla",461700,"Maisto produktų, gėrimų ir tabako pardavimo agentų veikla",396
G,Didmeninė ir mažmeninė prekyba; variklinių transporto priemonių ir motociklų remontas,46,"Didmeninė prekyba, išskyrus prekybą variklinėmis transporto priemonėmis ir motociklais",461,Didmeninė prekyba už atlygį ar pagal sutartį,4618,Kitų specifinių produktų pardavimo agentų specializuota veikla,461800,Kitų specifinių produktų pardavimo agentų specializuota veikla,397
G,Didmeninė ir mažmeninė prekyba; variklinių transporto priemonių ir motociklų remontas,46,"Didmeninė prekyba, išskyrus prekybą variklinėmis transporto priemonėmis ir motociklais",462,Žemės ūkio žaliavų ir gyvų gyvulių didmeninė prekyba,4621,"Grūdų, neperdirbto tabako, sėklų ir pašarų gyvuliams didmeninė prekyba",462100,"Grūdų, neperdirbto tabako, sėklų ir pašarų gyvuliams didmeninė prekyba",398
G,Didmeninė ir mažmeninė prekyba; variklinių transporto priemonių ir motociklų remontas,46,"Didmeninė prekyba, išskyrus prekybą variklinėmis transporto priemonėmis ir motociklais",463,"Maisto produktų, gėrimų, tabako ir jo gaminių didmeninė prekyba",4630,"Maisto produktų, gėrimų, tabako ir jo gaminių didmeninė prekyba",463000,"Maisto produktų, gėrimų, tabako ir jo gaminių didmeninė prekyba",399
G,Didmeninė ir mažmeninė prekyba; variklinių transporto priemonių ir motociklų remontas,46,"Didmeninė prekyba, išskyrus prekybą variklinėmis transporto priemonėmis ir motociklais",463,"Maisto produktų, gėrimų, tabako ir jo gaminių didmeninė prekyba",4635,Tabako gaminių didmeninė prekyba,463500,Tabako gaminių didmeninė prekyba,400
G,Didmeninė ir mažmeninė prekyba; variklinių transporto priemonių ir motociklų remontas,46,"Didmeninė prekyba, išskyrus prekybą variklinėmis transporto priemonėmis ir motociklais",463,"Maisto produktų, gėrimų, tabako ir jo gaminių didmeninė prekyba",4636,"Cukraus, šokolado ir cukraus saldumynų didmeninė prekyba",463600,"Cukraus, šokolado ir cukraus saldumynų didmeninė prekyba",401
G,Didmeninė ir mažmeninė prekyba; variklinių transporto priemonių ir motociklų remontas,46,"Didmeninė prekyba, išskyrus prekybą variklinėmis transporto priemonėmis ir motociklais",463,"Maisto produktų, gėrimų, tabako ir jo gaminių didmeninė prekyba",4639,"Maisto produktų, gėrimų ir tabako nespecializuota didmeninė prekyba",463900,"Maisto produktų, gėrimų ir tabako nespecializuota didmeninė prekyba",402
G,Didmeninė ir mažmeninė prekyba; variklinių transporto priemonių ir motociklų remontas,46,"Didmeninė prekyba, išskyrus prekybą variklinėmis transporto priemonėmis ir motociklais",464,Namų ūkio reikmenų didmeninė prekyba,4642,Drabužių ir avalynės didmeninė prekyba,464200,Drabužių ir avalynės didmeninė prekyba,403
G,Didmeninė ir mažmeninė prekyba; variklinių transporto priemonių ir motociklų remontas,46,"Didmeninė prekyba, išskyrus prekybą variklinėmis transporto priemonėmis ir motociklais",464,Namų ūkio reikmenų didmeninė prekyba,4642,Drabužių ir avalynės didmeninė prekyba,464220,Odinės avalynės didmeninė prekyba,404
G,Didmeninė ir mažmeninė prekyba; variklinių transporto priemonių ir motociklų remontas,46,"Didmeninė prekyba, išskyrus prekybą variklinėmis transporto priemonėmis ir motociklais",464,Namų ūkio reikmenų didmeninė prekyba,4642,Drabužių ir avalynės didmeninė prekyba,464230,Kailinių gaminių didmeninė prekyba,405
G,Didmeninė ir mažmeninė prekyba; variklinių transporto priemonių ir motociklų remontas,46,"Didmeninė prekyba, išskyrus prekybą variklinėmis transporto priemonėmis ir motociklais",464,Namų ūkio reikmenų didmeninė prekyba,4642,Drabužių ir avalynės didmeninė prekyba,464240,Drabužių ir drabužių priedų didmeninė prekyba,406
G,Didmeninė ir mažmeninė prekyba; variklinių transporto priemonių ir motociklų remontas,46,"Didmeninė prekyba, išskyrus prekybą variklinėmis transporto priemonėmis ir motociklais",464,Namų ūkio reikmenų didmeninė prekyba,4646,Farmacijos prekių didmeninė prekyba,464620,Vaistų ir vaistinių medžiagų didmeninė prekyba,407
J,Informacija ir ryšiai,58,Leidybinė veikla,582,Programinės įrangos leidyba,5821,Kompiuterinių žaidimų leidyba,582100,Kompiuterinių žaidimų leidyba,408
G,Didmeninė ir mažmeninė prekyba; variklinių transporto priemonių ir motociklų remontas,46,"Didmeninė prekyba, išskyrus prekybą variklinėmis transporto priemonėmis ir motociklais",464,Namų ūkio reikmenų didmeninė prekyba,4649,Kitų namų ūkio reikmenų didmeninė prekyba,464900,Kitų namų ūkio reikmenų didmeninė prekyba,409
G,Didmeninė ir mažmeninė prekyba; variklinių transporto priemonių ir motociklų remontas,46,"Didmeninė prekyba, išskyrus prekybą variklinėmis transporto priemonėmis ir motociklais",465,Informacijos ir ryšių technologijų (IRT) įrangos didmeninė prekyba,4650,Informacijos ir ryšių technologijų (IRT) įrangos didmeninė prekyba,465000,Informacijos ir ryšių technologijų (IRT) įrangos didmeninė prekyba,410
G,Didmeninė ir mažmeninė prekyba; variklinių transporto priemonių ir motociklų remontas,46,"Didmeninė prekyba, išskyrus prekybą variklinėmis transporto priemonėmis ir motociklais",465,Informacijos ir ryšių technologijų (IRT) įrangos didmeninė prekyba,4652,Elektroninės ir telekomunikacinės įrangos ir jos dalių didmeninė prekyba,465200,Elektroninės ir telekomunikacinės įrangos ir jos dalių didmeninė prekyba,411
G,Didmeninė ir mažmeninė prekyba; variklinių transporto priemonių ir motociklų remontas,46,"Didmeninė prekyba, išskyrus prekybą variklinėmis transporto priemonėmis ir motociklais",466,"Kitų mašinų, įrangos ir reikmenų didmeninė prekyba",4660,"Kitų mašinų, įrangos ir reikmenų didmeninė prekyba",466000,"Kitų mašinų, įrangos ir reikmenų didmeninė prekyba",412
G,Didmeninė ir mažmeninė prekyba; variklinių transporto priemonių ir motociklų remontas,46,"Didmeninė prekyba, išskyrus prekybą variklinėmis transporto priemonėmis ir motociklais",466,"Kitų mašinų, įrangos ir reikmenų didmeninė prekyba",4661,"Žemės ūkio mašinų, įrangos ir reikmenų didmeninė prekyba",466100,"Žemės ūkio mašinų, įrangos ir reikmenų didmeninė prekyba",413
G,Didmeninė ir mažmeninė prekyba; variklinių transporto priemonių ir motociklų remontas,46,"Didmeninė prekyba, išskyrus prekybą variklinėmis transporto priemonėmis ir motociklais",466,"Kitų mašinų, įrangos ir reikmenų didmeninė prekyba",4665,Įstaigos baldų didmeninė prekyba,466500,Įstaigos baldų didmeninė prekyba,414
G,Didmeninė ir mažmeninė prekyba; variklinių transporto priemonių ir motociklų remontas,46,"Didmeninė prekyba, išskyrus prekybą variklinėmis transporto priemonėmis ir motociklais",467,Kita specializuota didmeninė prekyba,4670,Kita specializuota didmeninė prekyba,467000,Kita specializuota didmeninė prekyba,415
G,Didmeninė ir mažmeninė prekyba; variklinių transporto priemonių ir motociklų remontas,46,"Didmeninė prekyba, išskyrus prekybą variklinėmis transporto priemonėmis ir motociklais",467,Kita specializuota didmeninė prekyba,4671,"Kietojo, skystojo ir dujinio kuro bei priedų didmeninė prekyba",467100,"Kietojo, skystojo ir dujinio kuro bei priedų didmeninė prekyba",416
G,Didmeninė ir mažmeninė prekyba; variklinių transporto priemonių ir motociklų remontas,46,"Didmeninė prekyba, išskyrus prekybą variklinėmis transporto priemonėmis ir motociklais",467,Kita specializuota didmeninė prekyba,4671,"Kietojo, skystojo ir dujinio kuro bei priedų didmeninė prekyba",467130,Dujinio kuro didmeninė prekyba,417
G,Didmeninė ir mažmeninė prekyba; variklinių transporto priemonių ir motociklų remontas,46,"Didmeninė prekyba, išskyrus prekybą variklinėmis transporto priemonėmis ir motociklais",467,Kita specializuota didmeninė prekyba,4673,"Medienos, statybinių medžiagų ir sanitarinių įrenginių didmeninė prekyba",467310,Popierinių sienų apmušalų didmeninė prekyba,418
G,Didmeninė ir mažmeninė prekyba; variklinių transporto priemonių ir motociklų remontas,46,"Didmeninė prekyba, išskyrus prekybą variklinėmis transporto priemonėmis ir motociklais",467,Kita specializuota didmeninė prekyba,4674,"Metalinių dirbinių, vandentiekio ir šildymo įrangos bei reikmenų didmeninė prekyba",467400,"Metalinių dirbinių, vandentiekio ir šildymo įrangos bei reikmenų didmeninė prekyba",419
G,Didmeninė ir mažmeninė prekyba; variklinių transporto priemonių ir motociklų remontas,46,"Didmeninė prekyba, išskyrus prekybą variklinėmis transporto priemonėmis ir motociklais",467,Kita specializuota didmeninė prekyba,4674,"Metalinių dirbinių, vandentiekio ir šildymo įrangos bei reikmenų didmeninė prekyba",467410,Geležies dirbinių didmeninė prekyba,420
G,Didmeninė ir mažmeninė prekyba; variklinių transporto priemonių ir motociklų remontas,46,"Didmeninė prekyba, išskyrus prekybą variklinėmis transporto priemonėmis ir motociklais",467,Kita specializuota didmeninė prekyba,4674,"Metalinių dirbinių, vandentiekio ir šildymo įrangos bei reikmenų didmeninė prekyba",467420,Vandentiekio įrangos didmeninė prekyba,421
G,Didmeninė ir mažmeninė prekyba; variklinių transporto priemonių ir motociklų remontas,46,"Didmeninė prekyba, išskyrus prekybą variklinėmis transporto priemonėmis ir motociklais",467,Kita specializuota didmeninė prekyba,4675,Chemijos produktų didmeninė prekyba,467510,Agrocheminių produktų ir trąšų didmeninė prekyba,422
G,Didmeninė ir mažmeninė prekyba; variklinių transporto priemonių ir motociklų remontas,46,"Didmeninė prekyba, išskyrus prekybą variklinėmis transporto priemonėmis ir motociklais",467,Kita specializuota didmeninė prekyba,4676,Kitų tarpinių produktų didmeninė prekyba,467620,Linų pluošto didmeninė prekyba,423
G,Didmeninė ir mažmeninė prekyba; variklinių transporto priemonių ir motociklų remontas,47,"Mažmeninė prekyba, išskyrus variklinių transporto priemonių ir motociklų prekybą",472,"Maisto, gėrimų ir tabako mažmeninė prekyba specializuotose parduotuvėse",4721,"Vaisių, uogų ir daržovių mažmeninė prekyba specializuotose parduotuvėse",472100,"Vaisių, uogų ir daržovių mažmeninė prekyba specializuotose parduotuvėse",424
G,Didmeninė ir mažmeninė prekyba; variklinių transporto priemonių ir motociklų remontas,47,"Mažmeninė prekyba, išskyrus variklinių transporto priemonių ir motociklų prekybą",472,"Maisto, gėrimų ir tabako mažmeninė prekyba specializuotose parduotuvėse",4724,"Duonos, bandelių, konditerijos gaminių ir cukraus saldumynų mažmeninė prekyba specializuotose parduotuvėse",472420,Konditerijos gaminių ir saldumynų mažmeninė prekyba,425
G,Didmeninė ir mažmeninė prekyba; variklinių transporto priemonių ir motociklų remontas,47,"Mažmeninė prekyba, išskyrus variklinių transporto priemonių ir motociklų prekybą",474,Informacijos ir ryšių technologijų (IRT) įrangos mažmeninė prekyba specializuotose parduotuvėse,4741,"Kompiuterių, jų išorinės ir programinės įrangos mažmeninė prekyba specializuotose parduotuvėse",474100,"Kompiuterių, jų išorinės ir programinės įrangos mažmeninė prekyba specializuotose parduotuvėse",426
G,Didmeninė ir mažmeninė prekyba; variklinių transporto priemonių ir motociklų remontas,47,"Mažmeninė prekyba, išskyrus variklinių transporto priemonių ir motociklų prekybą",474,Informacijos ir ryšių technologijų (IRT) įrangos mažmeninė prekyba specializuotose parduotuvėse,4743,Garso ir vaizdo įrangos mažmeninė prekyba specializuotose parduotuvėse,474300,Garso ir vaizdo įrangos mažmeninė prekyba specializuotose parduotuvėse,427
F,Statyba,43,Specializuota statybos veikla,439,Kita specializuota statybos veikla,4390,Kita specializuota statybos veikla,439000,Kita specializuota statybos veikla,428
G,Didmeninė ir mažmeninė prekyba; variklinių transporto priemonių ir motociklų remontas,47,"Mažmeninė prekyba, išskyrus variklinių transporto priemonių ir motociklų prekybą",475,Kitos namų ūkio įrangos mažmeninė prekyba specializuotose parduotuvėse,4752,"Metalo dirbinių, dažų ir stiklo mažmeninė prekyba specializuotose parduotuvėse",475220,Plokščiojo stiklo mažmeninė prekyba,429
G,Didmeninė ir mažmeninė prekyba; variklinių transporto priemonių ir motociklų remontas,47,"Mažmeninė prekyba, išskyrus variklinių transporto priemonių ir motociklų prekybą",475,Kitos namų ūkio įrangos mažmeninė prekyba specializuotose parduotuvėse,4752,"Metalo dirbinių, dažų ir stiklo mažmeninė prekyba specializuotose parduotuvėse",475240,Medžiagų ir smulkiojo remonto darbams įrangos mažmeninė prekyba,430
G,Didmeninė ir mažmeninė prekyba; variklinių transporto priemonių ir motociklų remontas,47,"Mažmeninė prekyba, išskyrus variklinių transporto priemonių ir motociklų prekybą",475,Kitos namų ūkio įrangos mažmeninė prekyba specializuotose parduotuvėse,4759,"Baldų, apšvietimo įrangos ir kitų namų ūkio prekių mažmeninė prekyba specializuotose parduotuvėse",475900,"Baldų, apšvietimo įrangos ir kitų namų ūkio prekių mažmeninė prekyba specializuotose parduotuvėse",431
G,Didmeninė ir mažmeninė prekyba; variklinių transporto priemonių ir motociklų remontas,47,"Mažmeninė prekyba, išskyrus variklinių transporto priemonių ir motociklų prekybą",476,Kultūros ir poilsio prekių mažmeninė prekyba specializuotose parduotuvėse,4762,Laikraščių ir raštinės reikmenų mažmeninė prekyba specializuotose parduotuvėse,476200,Laikraščių ir raštinės reikmenų mažmeninė prekyba specializuotose parduotuvėse,432
G,Didmeninė ir mažmeninė prekyba; variklinių transporto priemonių ir motociklų remontas,47,"Mažmeninė prekyba, išskyrus variklinių transporto priemonių ir motociklų prekybą",476,Kultūros ir poilsio prekių mažmeninė prekyba specializuotose parduotuvėse,4764,Sporto įrangos mažmeninė prekyba specializuotose parduotuvėse,476400,Sporto įrangos mažmeninė prekyba specializuotose parduotuvėse,433
G,Didmeninė ir mažmeninė prekyba; variklinių transporto priemonių ir motociklų remontas,47,"Mažmeninė prekyba, išskyrus variklinių transporto priemonių ir motociklų prekybą",476,Kultūros ir poilsio prekių mažmeninė prekyba specializuotose parduotuvėse,4765,Žaidimų ir žaislų mažmeninė prekyba specializuotose parduotuvėse,476500,Žaidimų ir žaislų mažmeninė prekyba specializuotose parduotuvėse,434
G,Didmeninė ir mažmeninė prekyba; variklinių transporto priemonių ir motociklų remontas,47,"Mažmeninė prekyba, išskyrus variklinių transporto priemonių ir motociklų prekybą",477,Kitų prekių mažmeninė prekyba specializuotose parduotuvėse,4770,Kitų prekių mažmeninė prekyba specializuotose parduotuvėse,477000,Kitų prekių mažmeninė prekyba specializuotose parduotuvėse,435
G,Didmeninė ir mažmeninė prekyba; variklinių transporto priemonių ir motociklų remontas,47,"Mažmeninė prekyba, išskyrus variklinių transporto priemonių ir motociklų prekybą",477,Kitų prekių mažmeninė prekyba specializuotose parduotuvėse,4773,"Vaistinių, ruošiančių ir parduodančių vaistus, veikla",477300,"Vaistinių, ruošiančių ir parduodančių vaistus, veikla",436
G,Didmeninė ir mažmeninė prekyba; variklinių transporto priemonių ir motociklų remontas,47,"Mažmeninė prekyba, išskyrus variklinių transporto priemonių ir motociklų prekybą",477,Kitų prekių mažmeninė prekyba specializuotose parduotuvėse,4778,Kita naujų prekių mažmeninė prekyba specializuotose parduotuvėse,477840,Optikos prekių mažmeninė prekyba,437
G,Didmeninė ir mažmeninė prekyba; variklinių transporto priemonių ir motociklų remontas,47,"Mažmeninė prekyba, išskyrus variklinių transporto priemonių ir motociklų prekybą",479,"Mažmeninė prekyba ne parduotuvėse, kioskuose ar prekyvietėse",4799,"Kita mažmeninė prekyba ne parduotuvėse, kioskuose ar prekyvietėse",479920,Mažmeninė prekyba iš automatų smulkioms prekėms pardavinėti,438
H,Transportas ir saugojimas,49,Sausumos transportas ir transportavimas vamzdynais,490,Sausumos transportas ir transportavimas vamzdynais,4900,Sausumos transportas ir transportavimas vamzdynais,490000,Sausumos transportas ir transportavimas vamzdynais,439
H,Transportas ir saugojimas,49,Sausumos transportas ir transportavimas vamzdynais,493,Kitas keleivinis sausumos transportas,4932,Taksi veikla,493200,Taksi veikla,440
H,Transportas ir saugojimas,50,Vandens transportas,501,Jūrų ir pakrančių keleivinis vandens transportas,5010,Jūrų ir pakrančių keleivinis vandens transportas,501000,Jūrų ir pakrančių keleivinis vandens transportas,441
H,Transportas ir saugojimas,51,Oro transportas,510,Oro transportas,5100,Oro transportas,510000,Oro transportas,442
H,Transportas ir saugojimas,51,Oro transportas,511,Keleivinis oro transportas,5110,Keleivinis oro transportas,511000,Keleivinis oro transportas,443
H,Transportas ir saugojimas,51,Oro transportas,512,Krovininis oro transportas ir kosminis transportas,5122,Kosminis transportas,512200,Kosminis transportas,444
H,Transportas ir saugojimas,52,Sandėliavimas ir transportui būdingų paslaugų veikla,520,Sandėliavimas ir transportui būdingų paslaugų veikla,5200,Sandėliavimas ir transportui būdingų paslaugų veikla,520000,Sandėliavimas ir transportui būdingų paslaugų veikla,445
H,Transportas ir saugojimas,52,Sandėliavimas ir transportui būdingų paslaugų veikla,522,Transportui būdingų paslaugų veikla,5220,Transportui būdingų paslaugų veikla,522000,Transportui būdingų paslaugų veikla,446
H,Transportas ir saugojimas,52,Sandėliavimas ir transportui būdingų paslaugų veikla,522,Transportui būdingų paslaugų veikla,5221,Sausumos transportui būdingų paslaugų veikla,522150,Sauskelių transporto stočių eksploatavimas,447
H,Transportas ir saugojimas,52,Sandėliavimas ir transportui būdingų paslaugų veikla,522,Transportui būdingų paslaugų veikla,5221,Sausumos transportui būdingų paslaugų veikla,522160,Riedmenų techninė priežiūra ir smulkus remontas,448
H,Transportas ir saugojimas,52,Sandėliavimas ir transportui būdingų paslaugų veikla,522,Transportui būdingų paslaugų veikla,5229,Kita transportui būdingų paslaugų veikla,522910,Muitinės tarpininkų veikla,449
I,Apgyvendinimo ir maitinimo paslaugų veikla,55,Apgyvendinimo veikla,551,Viešbučių ir panašių laikinų buveinių veikla,5510,Viešbučių ir panašių laikinų buveinių veikla,551000,Viešbučių ir panašių laikinų buveinių veikla,450
I,Apgyvendinimo ir maitinimo paslaugų veikla,55,Apgyvendinimo veikla,552,Poilsiautojų ir kita trumpalaikio apgyvendinimo veikla,5520,Poilsiautojų ir kita trumpalaikio apgyvendinimo veikla,552020,Vaikų poilsio stovyklų veikla,451
I,Apgyvendinimo ir maitinimo paslaugų veikla,56,Maitinimo ir gėrimų teikimo veikla,563,Gėrimų pardavimo vartoti vietoje veikla,5630,Gėrimų pardavimo vartoti vietoje veikla,563000,Gėrimų pardavimo vartoti vietoje veikla,452
J,Informacija ir ryšiai,58,Leidybinė veikla,581,"Knygų, periodinių leidinių leidyba ir kita leidybinė veikla",5810,"Knygų, periodinių leidinių leidyba ir kita leidybinė veikla",581000,"Knygų, periodinių leidinių leidyba ir kita leidybinė veikla",453
J,Informacija ir ryšiai,59,"Kino filmų, vaizdo filmų ir televizijos programų gamyba, garso įrašymo ir muzikos įrašų leidybos veikla",591,"Kino filmų, vaizdo filmų ir televizijos programų rengėjų veikla",5912,"Pagamintų kino filmų, vaizdo filmų ir televizijos programų meninis apipavidalinimas",591200,"Pagamintų kino filmų, vaizdo filmų ir televizijos programų meninis apipavidalinimas",454
J,Informacija ir ryšiai,59,"Kino filmų, vaizdo filmų ir televizijos programų gamyba, garso įrašymo ir muzikos įrašų leidybos veikla",591,"Kino filmų, vaizdo filmų ir televizijos programų rengėjų veikla",5913,"Kino filmų, vaizdo filmų ir televizijos programų platinimas",591300,"Kino filmų, vaizdo filmų ir televizijos programų platinimas",455
J,Informacija ir ryšiai,60,Programų rengimas ir transliavimas,601,Radijo programų transliavimas,6010,Radijo programų transliavimas,601000,Radijo programų transliavimas,456
J,Informacija ir ryšiai,61,Telekomunikacijos,610,Telekomunikacijos,6100,Telekomunikacijos,610000,Telekomunikacijos,457
J,Informacija ir ryšiai,61,Telekomunikacijos,612,Belaidžio ryšio paslaugų veikla,6120,Belaidžio ryšio paslaugų veikla,612000,Belaidžio ryšio paslaugų veikla,458
J,Informacija ir ryšiai,62,"Kompiuterių programavimo, konsultacinė ir susijusi veikla",620,"Kompiuterių programavimo, konsultacinė ir susijusi veikla",6203,Kompiuterinės įrangos tvarkyba,620300,Kompiuterinės įrangos tvarkyba,459
J,Informacija ir ryšiai,63,Informacinių paslaugų veikla,631,"Duomenų apdorojimo, interneto serverių paslaugų (prieglobos) ir susijusi veikla; interneto vartų paslaugų veikla",6310,"Duomenų apdorojimo, interneto serverių paslaugų (prieglobos) ir susijusi veikla; interneto vartų paslaugų veikla",631000,"Duomenų apdorojimo, interneto serverių paslaugų (prieglobos) ir susijusi veikla; interneto vartų paslaugų veikla",460
J,Informacija ir ryšiai,63,Informacinių paslaugų veikla,631,"Duomenų apdorojimo, interneto serverių paslaugų (prieglobos) ir susijusi veikla; interneto vartų paslaugų veikla",6312,Interneto vartų paslaugų veikla,631200,Interneto vartų paslaugų veikla,461
K,Finansinė ir draudimo veikla,64,"Finansinių paslaugų veikla, išskyrus draudimą ir pensijų lėšų kaupimą",641,Piniginis tarpininkavimas,6411,Centrinė bankininkystė,641100,Centrinė bankininkystė,462
K,Finansinė ir draudimo veikla,64,"Finansinių paslaugų veikla, išskyrus draudimą ir pensijų lėšų kaupimą",649,"Kita finansinių paslaugų veikla, išskyrus draudimą ir pensijų lėšų kaupimą",6491,Finansinė išperkamoji nuoma,649100,Finansinė išperkamoji nuoma,463
K,Finansinė ir draudimo veikla,64,"Finansinių paslaugų veikla, išskyrus draudimą ir pensijų lėšų kaupimą",649,"Kita finansinių paslaugų veikla, išskyrus draudimą ir pensijų lėšų kaupimą",6492,Kitas kredito teikimas,649200,Kitas kredito teikimas,464
K,Finansinė ir draudimo veikla,64,"Finansinių paslaugų veikla, išskyrus draudimą ir pensijų lėšų kaupimą",649,"Kita finansinių paslaugų veikla, išskyrus draudimą ir pensijų lėšų kaupimą",6499,"Kita, niekur kitur nepriskirta, finansinių paslaugų veikla, išskyrus draudimą ir pensijų lėšų kaupimą",649900,"Kita, niekur kitur nepriskirta, finansinių paslaugų veikla, išskyrus draudimą ir pensijų lėšų kaupimą",465
K,Finansinė ir draudimo veikla,65,"Draudimo, perdraudimo ir pensijų lėšų kaupimo, išskyrus privalomąjį socialinį draudimą, veikla",653,Pensijų lėšų kaupimas,6530,Pensijų lėšų kaupimas,653000,Pensijų lėšų kaupimas,466
K,Finansinė ir draudimo veikla,66,Pagalbinė finansinių paslaugų ir draudimo veikla,661,"Pagalbinė finansinių paslaugų, išskyrus draudimą ir pensijų lėšų kaupimą, veikla",6610,"Pagalbinė finansinių paslaugų, išskyrus draudimą ir pensijų lėšų kaupimą, veikla",661000,"Pagalbinė finansinių paslaugų, išskyrus draudimą ir pensijų lėšų kaupimą, veikla",467
K,Finansinė ir draudimo veikla,66,Pagalbinė finansinių paslaugų ir draudimo veikla,662,Pagalbinė draudimo ir pensijų lėšų kaupimo veikla,6622,Draudimo agentų ir brokerių veikla,662200,Draudimo agentų ir brokerių veikla,468
L,Nekilnojamojo turto operacijos,68,Nekilnojamojo turto operacijos,681,Nuosavo nekilnojamojo turto pirkimas ir pardavimas,6810,Nuosavo nekilnojamojo turto pirkimas ir pardavimas,681000,Nuosavo nekilnojamojo turto pirkimas ir pardavimas,469
L,Nekilnojamojo turto operacijos,68,Nekilnojamojo turto operacijos,683,Nekilnojamojo turto operacijos už atlygį arba pagal sutartį,6831,Nekilnojamojo turto agentūrų veikla,683110,Nekilnojamojo turto vertinimas,470
M,"Profesinė, mokslinė ir techninė veikla",69,Teisinė ir apskaitos veikla,691,Teisinė veikla,6910,Teisinė veikla,691030,"Bendrieji patarimai ir konsultacijos, teisinių dokumentų rengimas",471
M,"Profesinė, mokslinė ir techninė veikla",70,Pagrindinių buveinių veikla; konsultacinė valdymo veikla,700,Pagrindinių buveinių veikla; konsultacinė valdymo veikla,7000,Pagrindinių buveinių veikla; konsultacinė valdymo veikla,700000,Pagrindinių buveinių veikla; konsultacinė valdymo veikla,472
M,"Profesinė, mokslinė ir techninė veikla",71,Architektūros ir inžinerijos veikla; techninis tikrinimas ir analizė,711,Architektūros ir inžinerijos veikla bei su ja susijusios techninės konsultacijos,7112,Inžinerijos veikla ir su ja susijusios techninės konsultacijos,711220,Projektiniai - konstruktoriniai darbai,473
M,"Profesinė, mokslinė ir techninė veikla",71,Architektūros ir inžinerijos veikla; techninis tikrinimas ir analizė,712,Techninis tikrinimas ir analizė,7120,Techninis tikrinimas ir analizė,712040,"Maisto produktų tyrimas pagal higienos reikalavimus, įskaitant veterinarinį, susijusį su maisto produktų gamyba, tyrimą ir tikrinimą",474
M,"Profesinė, mokslinė ir techninė veikla",72,Moksliniai tyrimai ir taikomoji veikla,721,Gamtos mokslų ir inžinerijos moksliniai tyrimai ir taikomoji veikla,7219,Kiti gamtos mokslų ir inžinerijos moksliniai tyrimai ir taikomoji veikla,721900,Kiti gamtos mokslų ir inžinerijos moksliniai tyrimai ir taikomoji veikla,475
M,"Profesinė, mokslinė ir techninė veikla",72,Moksliniai tyrimai ir taikomoji veikla,721,Gamtos mokslų ir inžinerijos moksliniai tyrimai ir taikomoji veikla,7219,Kiti gamtos mokslų ir inžinerijos moksliniai tyrimai ir taikomoji veikla,721920,Gamtos mokslų tiriamieji ir taikomieji darbai,476
M,"Profesinė, mokslinė ir techninė veikla",72,Moksliniai tyrimai ir taikomoji veikla,721,Gamtos mokslų ir inžinerijos moksliniai tyrimai ir taikomoji veikla,7219,Kiti gamtos mokslų ir inžinerijos moksliniai tyrimai ir taikomoji veikla,721930,Matematikos mokslų tiriamieji ir taikomieji darbai,477
M,"Profesinė, mokslinė ir techninė veikla",72,Moksliniai tyrimai ir taikomoji veikla,722,Socialinių ir humanitarinių mokslų moksliniai tyrimai ir taikomoji veikla,7220,Socialinių ir humanitarinių mokslų moksliniai tyrimai ir taikomoji veikla,722010,Humanitarinių mokslų tiriamieji ir taikomieji darbai,478
M,"Profesinė, mokslinė ir techninė veikla",73,Reklama ir rinkos tyrimas,731,Reklama,7310,Reklama,731000,Reklama,479
M,"Profesinė, mokslinė ir techninė veikla",73,Reklama ir rinkos tyrimas,731,Reklama,7312,Atstovavimas žiniasklaidai,731200,Atstovavimas žiniasklaidai,480
M,"Profesinė, mokslinė ir techninė veikla",74,"Kita profesinė, mokslinė ir techninė veikla",741,Specializuota projektavimo veikla,7410,Specializuota projektavimo veikla,741000,Specializuota projektavimo veikla,481
M,"Profesinė, mokslinė ir techninė veikla",74,"Kita profesinė, mokslinė ir techninė veikla",743,Vertimo raštu ir žodžiu veikla,7430,Vertimo raštu ir žodžiu veikla,743000,Vertimo raštu ir žodžiu veikla,482
N,Administracinė ir aptarnavimo veikla,77,Nuoma ir išperkamoji nuoma,772,Asmeninių ir namų ūkio prekių nuoma ir išperkamoji nuoma,7721,Poilsio ir sporto reikmenų nuoma ir išperkamoji nuoma,772100,Poilsio ir sporto reikmenų nuoma ir išperkamoji nuoma,483
N,Administracinė ir aptarnavimo veikla,77,Nuoma ir išperkamoji nuoma,772,Asmeninių ir namų ūkio prekių nuoma ir išperkamoji nuoma,7721,Poilsio ir sporto reikmenų nuoma ir išperkamoji nuoma,772150,Kitų turizmo priemonių nuoma,484
N,Administracinė ir aptarnavimo veikla,77,Nuoma ir išperkamoji nuoma,772,Asmeninių ir namų ūkio prekių nuoma ir išperkamoji nuoma,7729,Kitų asmeninių ir namų ūkio prekių nuoma ir išperkamoji nuoma,772910,"Tekstilės dirbinių, drabužių ir avalynės nuoma",485
N,Administracinė ir aptarnavimo veikla,77,Nuoma ir išperkamoji nuoma,773,"Kitų mašinų, įrangos ir materialiųjų vertybių nuoma ir išperkamoji nuoma",7734,Vandens transporto priemonių ir įrangos nuoma ir išperkamoji nuoma,773400,Vandens transporto priemonių ir įrangos nuoma ir išperkamoji nuoma,486
N,Administracinė ir aptarnavimo veikla,77,Nuoma ir išperkamoji nuoma,773,"Kitų mašinų, įrangos ir materialiųjų vertybių nuoma ir išperkamoji nuoma",7739,"Kitų, niekur kitur nepriskirtų, mašinų, įrangos ir materialiųjų vertybių nuoma ir išperkamoji nuoma",773900,"Kitų, niekur kitur nepriskirtų, mašinų, įrangos ir materialiųjų vertybių nuoma ir išperkamoji nuoma",487
N,Administracinė ir aptarnavimo veikla,77,Nuoma ir išperkamoji nuoma,773,"Kitų mašinų, įrangos ir materialiųjų vertybių nuoma ir išperkamoji nuoma",7739,"Kitų, niekur kitur nepriskirtų, mašinų, įrangos ir materialiųjų vertybių nuoma ir išperkamoji nuoma",773950,Pramoninių elektrinių ir neelektrinių mašinų nuoma,488
N,Administracinė ir aptarnavimo veikla,77,Nuoma ir išperkamoji nuoma,773,"Kitų mašinų, įrangos ir materialiųjų vertybių nuoma ir išperkamoji nuoma",7739,"Kitų, niekur kitur nepriskirtų, mašinų, įrangos ir materialiųjų vertybių nuoma ir išperkamoji nuoma",773980,Matavimo ir kontrolės įrenginių nuoma,489
N,Administracinė ir aptarnavimo veikla,78,Įdarbinimo veikla,781,Įdarbinimo agentūrų veikla,7810,Įdarbinimo agentūrų veikla,781000,Įdarbinimo agentūrų veikla,490
N,Administracinė ir aptarnavimo veikla,79,"Kelionių agentūrų, ekskursijų organizatorių, išankstinio užsakymo paslaugų ir susijusi veikla",791,Kelionių agentūrų ir ekskursijų organizatorių veikla,7911,Kelionių agentūrų veikla,791100,Kelionių agentūrų veikla,491
N,Administracinė ir aptarnavimo veikla,79,"Kelionių agentūrų, ekskursijų organizatorių, išankstinio užsakymo paslaugų ir susijusi veikla",791,Kelionių agentūrų ir ekskursijų organizatorių veikla,7912,Ekskursijų organizatorių veikla,791200,Ekskursijų organizatorių veikla,492
N,Administracinė ir aptarnavimo veikla,80,Apsaugos ir tyrimo veikla,803,Tyrimo veikla,8030,Tyrimo veikla,803000,Tyrimo veikla,493
N,Administracinė ir aptarnavimo veikla,81,Pastatų aptarnavimas ir kraštovaizdžio tvarkymas,810,Pastatų aptarnavimas ir kraštovaizdžio tvarkymas,8100,Pastatų aptarnavimas ir kraštovaizdžio tvarkymas,810000,Pastatų aptarnavimas ir kraštovaizdžio tvarkymas,494
N,Administracinė ir aptarnavimo veikla,81,Pastatų aptarnavimas ir kraštovaizdžio tvarkymas,812,Valymo veikla,8120,Valymo veikla,812000,Valymo veikla,495
N,Administracinė ir aptarnavimo veikla,81,Pastatų aptarnavimas ir kraštovaizdžio tvarkymas,812,Valymo veikla,8121,Paprastasis pastatų valymas,812100,Paprastasis pastatų valymas,496
N,Administracinė ir aptarnavimo veikla,82,"Administracinė veikla, įstaigų ir kitų verslo įmonių aptarnavimo veikla",823,Posėdžių ir verslo renginių organizavimas,8230,Posėdžių ir verslo renginių organizavimas,823000,Posėdžių ir verslo renginių organizavimas,497
O,Viešasis valdymas ir gynyba; privalomasis socialinis draudimas,84,Viešasis valdymas ir gynyba; privalomasis socialinis draudimas,841,Valstybės valdymas ir bendroji ekonominė bei socialinė bendruomenės politika,8410,Valstybės valdymas ir bendroji ekonominė bei socialinė bendruomenės politika,841000,Valstybės valdymas ir bendroji ekonominė bei socialinė bendruomenės politika,498
O,Viešasis valdymas ir gynyba; privalomasis socialinis draudimas,84,Viešasis valdymas ir gynyba; privalomasis socialinis draudimas,841,Valstybės valdymas ir bendroji ekonominė bei socialinė bendruomenės politika,8411,Bendroji viešojo valdymo veikla,841170,Vadovavimas muitinės tarnyboms ir jų veikla,499
O,Viešasis valdymas ir gynyba; privalomasis socialinis draudimas,84,Viešasis valdymas ir gynyba; privalomasis socialinis draudimas,841,Valstybės valdymas ir bendroji ekonominė bei socialinė bendruomenės politika,8411,Bendroji viešojo valdymo veikla,841180,Vadovavimas statistikos ir sociologijos tarnyboms įvairiuose valstybės valdymo lygiuose bei jų veikla,500
O,Viešasis valdymas ir gynyba; privalomasis socialinis draudimas,84,Viešasis valdymas ir gynyba; privalomasis socialinis draudimas,842,Bendruomenei teikiamų paslaugų užtikrinimas,8420,Bendruomenei teikiamų paslaugų užtikrinimas,842000,Bendruomenei teikiamų paslaugų užtikrinimas,501
O,Viešasis valdymas ir gynyba; privalomasis socialinis draudimas,84,Viešasis valdymas ir gynyba; privalomasis socialinis draudimas,842,Bendruomenei teikiamų paslaugų užtikrinimas,8425,Priešgaisrinių tarnybų veikla,842500,Priešgaisrinių tarnybų veikla,502
O,Viešasis valdymas ir gynyba; privalomasis socialinis draudimas,84,Viešasis valdymas ir gynyba; privalomasis socialinis draudimas,843,Privalomojo (valstybinio) socialinio draudimo veikla,8430,Privalomojo (valstybinio) socialinio draudimo veikla,843000,Privalomojo (valstybinio) socialinio draudimo veikla,503
P,Švietimas,85,Švietimas,851,Ikimokyklinis ugdymas,8510,Ikimokyklinis ugdymas,851020,Priešmokyklinio amžiaus vaikų ugdymas,504
P,Švietimas,85,Švietimas,853,Vidurinis ugdymas,8531,Bendrasis vidurinis ugdymas,853120,Vidurinis ugdymas,505
P,Švietimas,85,Švietimas,854,Aukštasis mokslas,8542,Aukštasis (tretinis) mokslas,854210,Aukštasis neuniversitetinis mokslas,506
P,Švietimas,85,Švietimas,854,Aukštasis mokslas,8542,Aukštasis (tretinis) mokslas,854220,Aukštasis universitetinis mokslas,507
P,Švietimas,85,Švietimas,856,Švietimui būdingų paslaugų veikla,8560,Švietimui būdingų paslaugų veikla,856000,Švietimui būdingų paslaugų veikla,508
Q,Žmonių sveikatos priežiūra ir socialinis darbas,86,Žmonių sveikatos priežiūros veikla,861,Ligoninių veikla,8610,Ligoninių veikla,861010,Bendrosios paskirties ligoninių veikla,509
Q,Žmonių sveikatos priežiūra ir socialinis darbas,86,Žmonių sveikatos priežiūros veikla,861,Ligoninių veikla,8610,Ligoninių veikla,861020,Specializuotųjų ligoninių veikla,510
Q,Žmonių sveikatos priežiūra ir socialinis darbas,86,Žmonių sveikatos priežiūros veikla,862,Medicininės ir odontologinės praktikos veikla,8621,Bendrosios praktikos gydytojų veikla,862100,Bendrosios praktikos gydytojų veikla,511
Q,Žmonių sveikatos priežiūra ir socialinis darbas,86,Žmonių sveikatos priežiūros veikla,862,Medicininės ir odontologinės praktikos veikla,8622,Gydytojų specialistų veikla,862200,Gydytojų specialistų veikla,512
Q,Žmonių sveikatos priežiūra ir socialinis darbas,86,Žmonių sveikatos priežiūros veikla,869,Kita žmonių sveikatos priežiūros veikla,8690,Kita žmonių sveikatos priežiūros veikla,869000,Kita žmonių sveikatos priežiūros veikla,513
Q,Žmonių sveikatos priežiūra ir socialinis darbas,86,Žmonių sveikatos priežiūros veikla,869,Kita žmonių sveikatos priežiūros veikla,8690,Kita žmonių sveikatos priežiūros veikla,869020,Kraujo perpylimo įstaigų ir kraujo bankų veikla,514
Q,Žmonių sveikatos priežiūra ir socialinis darbas,86,Žmonių sveikatos priežiūros veikla,869,Kita žmonių sveikatos priežiūros veikla,8690,Kita žmonių sveikatos priežiūros veikla,869040,Greitosios pagalbos veikla,515
Q,Žmonių sveikatos priežiūra ir socialinis darbas,87,Kita stacionarinė globos veikla,873,Stacionarinė pagyvenusių ir neįgaliųjų asmenų globos veikla,8730,Stacionarinė pagyvenusių ir neįgaliųjų asmenų globos veikla,873000,Stacionarinė pagyvenusių ir neįgaliųjų asmenų globos veikla,516
R,"Meninė, pramoginė ir poilsio organizavimo veikla",90,"Kūrybinė, meninė ir pramogų organizavimo veikla",900,"Kūrybinė, meninė ir pramogų organizavimo veikla",9001,Scenos pastatymų veikla,900100,Scenos pastatymų veikla,517
R,"Meninė, pramoginė ir poilsio organizavimo veikla",90,"Kūrybinė, meninė ir pramogų organizavimo veikla",900,"Kūrybinė, meninė ir pramogų organizavimo veikla",9003,Meninė kūryba,900300,Meninė kūryba,518
R,"Meninė, pramoginė ir poilsio organizavimo veikla",91,"Bibliotekų, archyvų, muziejų ir kita kultūrinė veikla",910,"Bibliotekų, archyvų, muziejų ir kita kultūrinė veikla",9104,Botanikos ir zoologijos sodų bei gamtos rezervatų veikla,910400,Botanikos ir zoologijos sodų bei gamtos rezervatų veikla,519
R,"Meninė, pramoginė ir poilsio organizavimo veikla",92,Azartinių žaidimų ir lažybų organizavimo veikla,920,Azartinių žaidimų ir lažybų organizavimo veikla,9200,Azartinių žaidimų ir lažybų organizavimo veikla,920030,Kitų azartinių žaidimų organizavimo veikla,520
R,"Meninė, pramoginė ir poilsio organizavimo veikla",93,"Sportinė veikla, pramogų ir poilsio organizavimo veikla",931,Sportinė veikla,9310,Sportinė veikla,931000,Sportinė veikla,521
R,"Meninė, pramoginė ir poilsio organizavimo veikla",93,"Sportinė veikla, pramogų ir poilsio organizavimo veikla",931,Sportinė veikla,9313,Kūno rengybos centrų veikla,931300,Kūno rengybos centrų veikla,522
R,"Meninė, pramoginė ir poilsio organizavimo veikla",93,"Sportinė veikla, pramogų ir poilsio organizavimo veikla",932,Pramogų ir poilsio organizavimo veikla,9320,Pramogų ir poilsio organizavimo veikla,932000,Pramogų ir poilsio organizavimo veikla,523
S,Kita aptarnavimo veikla,94,Narystės organizacijų veikla,942,Profesinių sąjungų veikla,9420,Profesinių sąjungų veikla,942000,Profesinių sąjungų veikla,524
S,Kita aptarnavimo veikla,94,Narystės organizacijų veikla,949,Kitų narystės organizacijų veikla,9491,Religinių organizacijų veikla,949100,Religinių organizacijų veikla,525
S,Kita aptarnavimo veikla,94,Narystės organizacijų veikla,949,Kitų narystės organizacijų veikla,9491,Religinių organizacijų veikla,949120,Vienuolynų veikla,526
S,Kita aptarnavimo veikla,94,Narystės organizacijų veikla,949,Kitų narystės organizacijų veikla,9499,"Kitų, niekur kitur nepriskirtų, narystės organizacijų veikla",949900,"Kitų, niekur kitur nepriskirtų, narystės organizacijų veikla",527
S,Kita aptarnavimo veikla,95,Kompiuterių ir asmeninių bei namų ūkio reikmenų taisymas,951,Kompiuterių ir ryšių įrangos remontas,9512,Ryšių įrangos remontas,951200,Ryšių įrangos remontas,528
S,Kita aptarnavimo veikla,95,Kompiuterių ir asmeninių bei namų ūkio reikmenų taisymas,952,Asmeninių ir namų ūkio reikmenų taisymas,9523,Avalynės ir odos gaminių taisymas,952300,Avalynės ir odos gaminių taisymas,529
S,Kita aptarnavimo veikla,95,Kompiuterių ir asmeninių bei namų ūkio reikmenų taisymas,952,Asmeninių ir namų ūkio reikmenų taisymas,9524,Baldų ir interjero reikmenų taisymas,952400,Baldų ir interjero reikmenų taisymas,530
S,Kita aptarnavimo veikla,95,Kompiuterių ir asmeninių bei namų ūkio reikmenų taisymas,952,Asmeninių ir namų ūkio reikmenų taisymas,9525,Įvairių tipų laikrodžių ir juvelyrinių dirbinių taisymas,952500,Įvairių tipų laikrodžių ir juvelyrinių dirbinių taisymas,531
T,"Namų ūkių, samdančių darbininkus, veikla; namų ūkių veikla, susijusi su savoms reikmėms tenkinti skirtų nediferencijuojamų gaminių gamyba ir paslaugų teikimu",98,"Privačių namų ūkių veikla, susijusi su savoms reikmėms tenkinti skirtų nediferencijuojamų gaminių gamyba ir paslaugų teikimu",980,"Privačių namų ūkių veikla, susijusi su savoms reikmėms tenkinti skirtų nediferencijuojamų gaminių gamyba ir paslaugų teikimu",9800,"Privačių namų ūkių veikla, susijusi su savoms reikmėms tenkinti skirtų nediferencijuojamų gaminių gamyba ir paslaugų teikimu",980000,"Privačių namų ūkių veikla, susijusi su savoms reikmėms tenkinti skirtų nediferencijuojamų gaminių gamyba ir paslaugų teikimu",532
U,Ekstrateritorinių organizacijų ir įstaigų veikla,99,Ekstrateritorinių organizacijų ir įstaigų veikla,990,Ekstrateritorinių organizacijų ir įstaigų veikla,9900,Ekstrateritorinių organizacijų ir įstaigų veikla,990000,Ekstrateritorinių organizacijų ir įstaigų veikla,533
A,"Žemės ūkis, miškininkystė ir žuvininkystė",01,"Augalininkystė ir gyvulininkystė, medžioklė ir susijusių paslaugų veikla",010,"Augalininkystė ir gyvulininkystė, medžioklė ir susijusių paslaugų veikla",0100,"Augalininkystė ir gyvulininkystė, medžioklė ir susijusių paslaugų veikla",010000,"Augalininkystė ir gyvulininkystė, medžioklė ir susijusių paslaugų veikla",534
A,"Žemės ūkis, miškininkystė ir žuvininkystė",01,"Augalininkystė ir gyvulininkystė, medžioklė ir susijusių paslaugų veikla",011,Vienmečių augalų auginimas,0113,"Daržovių ir melionų, šakniavaisių ir gumbavaisių auginimas",011310,Bulvių auginimas,535
A,"Žemės ūkis, miškininkystė ir žuvininkystė",01,"Augalininkystė ir gyvulininkystė, medžioklė ir susijusių paslaugų veikla",011,Vienmečių augalų auginimas,0116,Pluoštinių augalų auginimas,011600,Pluoštinių augalų auginimas,536
A,"Žemės ūkis, miškininkystė ir žuvininkystė",01,"Augalininkystė ir gyvulininkystė, medžioklė ir susijusių paslaugų veikla",011,Vienmečių augalų auginimas,0119,Kitų vienmečių augalų auginimas,011910,Gėlių auginimas,537
A,"Žemės ūkis, miškininkystė ir žuvininkystė",01,"Augalininkystė ir gyvulininkystė, medžioklė ir susijusių paslaugų veikla",012,Daugiamečių augalų auginimas,0127,Gėrimams gaminti vartojamų augalų auginimas,012700,Gėrimams gaminti vartojamų augalų auginimas,538
A,"Žemės ūkis, miškininkystė ir žuvininkystė",01,"Augalininkystė ir gyvulininkystė, medžioklė ir susijusių paslaugų veikla",014,Gyvulininkystė,0142,Kitų galvijų ir buivolų auginimas,014200,Kitų galvijų ir buivolų auginimas,539
A,"Žemės ūkis, miškininkystė ir žuvininkystė",01,"Augalininkystė ir gyvulininkystė, medžioklė ir susijusių paslaugų veikla",014,Gyvulininkystė,0142,Kitų galvijų ir buivolų auginimas,014220,Veislinių telyčių auginimas,540
A,"Žemės ūkis, miškininkystė ir žuvininkystė",01,"Augalininkystė ir gyvulininkystė, medžioklė ir susijusių paslaugų veikla",014,Gyvulininkystė,0147,Naminių paukščių auginimas,014700,Naminių paukščių auginimas,541
A,"Žemės ūkis, miškininkystė ir žuvininkystė",01,"Augalininkystė ir gyvulininkystė, medžioklė ir susijusių paslaugų veikla",014,Gyvulininkystė,0149,Kitų gyvūnų auginimas,014920,Bitininkystė,542
A,"Žemės ūkis, miškininkystė ir žuvininkystė",01,"Augalininkystė ir gyvulininkystė, medžioklė ir susijusių paslaugų veikla",016,Žemės ūkiui būdingų paslaugų ir derliaus apdorojimo veikla,0161,Augalininkystei būdingų paslaugų veikla,016120,Žemės ūkio augalų tręšimas mineralinėmis ir organinėmis trąšomis,543
A,"Žemės ūkis, miškininkystė ir žuvininkystė",01,"Augalininkystė ir gyvulininkystė, medžioklė ir susijusių paslaugų veikla",017,"Medžioklė, gaudymas spąstais ir susijusių paslaugų veikla",0170,"Medžioklė, gaudymas spąstais ir susijusių paslaugų veikla",017000,"Medžioklė, gaudymas spąstais ir susijusių paslaugų veikla",544
A,"Žemės ūkis, miškininkystė ir žuvininkystė",02,Miškininkystė ir medienos ruoša,021,Miško medžių auginimas ir kita miškininkystės veikla,0210,Miško medžių auginimas ir kita miškininkystės veikla,021000,Miško medžių auginimas ir kita miškininkystės veikla,545
A,"Žemės ūkis, miškininkystė ir žuvininkystė",02,Miškininkystė ir medienos ruoša,023,Laukinių nemedieninių produktų rinkimas,0230,Laukinių nemedieninių medžių produktų rinkimas,023010,Miško grybų rinkimas,546
A,"Žemės ūkis, miškininkystė ir žuvininkystė",03,Žvejyba ir akvakultūra,031,Žvejyba,0311,Jūrinė žvejyba,031110,Žuvų perdirbimas žvejybiniuose laivuose,547
A,"Žemės ūkis, miškininkystė ir žuvininkystė",03,Žvejyba ir akvakultūra,032,Akvakultūra,0321,Jūrinė akvakultūra,032100,Jūrinė akvakultūra,548
B,Kasyba ir karjerų eksploatavimas,05,Akmens anglių ir rusvųjų anglių kasyba,051,Juodųjų akmens anglių (antracito) kasyba,0510,Juodųjų akmens anglių (antracito) kasyba,051000,Juodųjų akmens anglių (antracito) kasyba,549
B,Kasyba ir karjerų eksploatavimas,06,Žalios naftos ir gamtinių dujų gavyba,061,Žalios naftos gavyba,0610,Žalios naftos gavyba,061000,Žalios naftos gavyba,550
B,Kasyba ir karjerų eksploatavimas,08,Kita kasyba ir karjerų eksploatavimas,089,Niekur kitur nepriskirta kasyba ir karjerų eksploatavimas,0893,Druskos gavyba,089300,Druskos gavyba,551
B,Kasyba ir karjerų eksploatavimas,09,Kasybai būdingų paslaugų veikla,091,Naftos ir gamtinių dujų gavybai būdingų paslaugų veikla,0910,Naftos ir gamtinių dujų gavybai būdingų paslaugų veikla,091000,Naftos ir gamtinių dujų gavybai būdingų paslaugų veikla,552
B,Kasyba ir karjerų eksploatavimas,09,Kasybai būdingų paslaugų veikla,091,Naftos ir gamtinių dujų gavybai būdingų paslaugų veikla,0910,Naftos ir gamtinių dujų gavybai būdingų paslaugų veikla,091010,Gamtinių dujų parengimas transportuoti (gabenti),553
B,Kasyba ir karjerų eksploatavimas,09,Kasybai būdingų paslaugų veikla,099,Kitai kasybai ir karjerų eksploatavimui būdingų paslaugų veikla,0990,Kitai kasybai ir karjerų eksploatavimui būdingų paslaugų veikla,099000,Kitai kasybai ir karjerų eksploatavimui būdingų paslaugų veikla,554
C,Apdirbamoji gamyba,10,Maisto produktų gamyba,103,Vaisių ir daržovių perdirbimas ir konservavimas,1030,Vaisių ir daržovių perdirbimas ir konservavimas,103000,Vaisių ir daržovių perdirbimas ir konservavimas,555
C,Apdirbamoji gamyba,10,Maisto produktų gamyba,103,Vaisių ir daržovių perdirbimas ir konservavimas,1039,Kitas vaisių ir daržovių perdirbimas ir konservavimas,103900,Kitas vaisių ir daržovių perdirbimas ir konservavimas,556
C,Apdirbamoji gamyba,10,Maisto produktų gamyba,104,Gyvūninių ir augalinių riebalų bei aliejaus gamyba,1042,Margarino ir panašių valgomųjų riebalų gamyba,104200,Margarino ir panašių valgomųjų riebalų gamyba,557
C,Apdirbamoji gamyba,10,Maisto produktų gamyba,106,"Grūdų malimo produktų, krakmolo ir krakmolo produktų gamyba",1061,Grūdų malimo produktų gamyba,106120,Kruopų gamyba,558
C,Apdirbamoji gamyba,10,Maisto produktų gamyba,106,"Grūdų malimo produktų, krakmolo ir krakmolo produktų gamyba",1062,Krakmolo ir krakmolo produktų gamyba,106210,Gliukozės sirupo ir maltozės gamyba,559
C,Apdirbamoji gamyba,10,Maisto produktų gamyba,106,"Grūdų malimo produktų, krakmolo ir krakmolo produktų gamyba",1062,Krakmolo ir krakmolo produktų gamyba,106220,Krakmolo gamyba,560
C,Apdirbamoji gamyba,10,Maisto produktų gamyba,107,Kepyklos ir miltinių produktų gamyba,1070,Kepyklos ir miltinių produktų gamyba,107000,Kepyklos ir miltinių produktų gamyba,561
C,Apdirbamoji gamyba,10,Maisto produktų gamyba,107,Kepyklos ir miltinių produktų gamyba,1072,Džiūvėsių ir sausainių gamyba; ilgai išsilaikančių konditerijos kepinių ir pyragaičių gamyba,107200,Džiūvėsių ir sausainių gamyba; ilgai išsilaikančių konditerijos kepinių ir pyragaičių gamyba,562
C,Apdirbamoji gamyba,10,Maisto produktų gamyba,108,Kitų maisto produktų gamyba,1089,"Kitų, niekur kitur nepriskirtų, maisto produktų gamyba",108900,"Kitų, niekur kitur nepriskirtų, maisto produktų gamyba",563
C,Apdirbamoji gamyba,10,Maisto produktų gamyba,108,Kitų maisto produktų gamyba,1089,"Kitų, niekur kitur nepriskirtų, maisto produktų gamyba",108910,Mielių gamyba,564
C,Apdirbamoji gamyba,11,Gėrimų gamyba,110,Gėrimų gamyba,1106,Salyklo gamyba,110600,Salyklo gamyba,565
C,Apdirbamoji gamyba,13,Tekstilės gaminių gamyba,130,Tekstilės gaminių gamyba,1300,Tekstilės gaminių gamyba,130000,Tekstilės gaminių gamyba,566
C,Apdirbamoji gamyba,13,Tekstilės gaminių gamyba,139,Kitų tekstilės gaminių ir dirbinių gamyba,1399,"Kitų, niekur kitur nepriskirtų, tekstilės gaminių ir dirbinių gamyba",139900,"Kitų, niekur kitur nepriskirtų, tekstilės gaminių ir dirbinių gamyba",567
C,Apdirbamoji gamyba,14,Drabužių siuvimas (gamyba),141,"Drabužių, išskyrus kailinius drabužius, siuvimas (gamyba)",1413,Kitų viršutinių drabužių siuvimas,141300,Kitų viršutinių drabužių siuvimas,568
C,Apdirbamoji gamyba,14,Drabužių siuvimas (gamyba),141,"Drabužių, išskyrus kailinius drabužius, siuvimas (gamyba)",1413,Kitų viršutinių drabužių siuvimas,141310,Vyriškų viršutinių drabužių siuvimas,569
C,Apdirbamoji gamyba,14,Drabužių siuvimas (gamyba),141,"Drabužių, išskyrus kailinius drabužius, siuvimas (gamyba)",1414,Apatinių drabužių siuvimas,141400,Apatinių drabužių siuvimas,570
C,Apdirbamoji gamyba,14,Drabužių siuvimas (gamyba),141,"Drabužių, išskyrus kailinius drabužius, siuvimas (gamyba)",1419,Kitų drabužių siuvimas ir drabužių priedų gamyba,141900,Kitų drabužių siuvimas ir drabužių priedų gamyba,571
C,Apdirbamoji gamyba,14,Drabužių siuvimas (gamyba),141,"Drabužių, išskyrus kailinius drabužius, siuvimas (gamyba)",1419,Kitų drabužių siuvimas ir drabužių priedų gamyba,141910,Vaiko drabužėlių siuvimas,572
C,Apdirbamoji gamyba,15,Odos ir odos dirbinių gamyba,151,"Odų rauginimas ir išdirbimas; lagaminų, rankinių, balno reikmenų ir pakinktų gamyba; kailių išdirbimas ir dažymas",1510,"Odų rauginimas ir išdirbimas; lagaminų, rankinių, balno reikmenų ir pakinktų gamyba; kailių išdirbimas ir dažymas",151000,"Odų rauginimas ir išdirbimas; lagaminų, rankinių, balno reikmenų ir pakinktų gamyba; kailių išdirbimas ir dažymas",573
C,Apdirbamoji gamyba,15,Odos ir odos dirbinių gamyba,151,"Odų rauginimas ir išdirbimas; lagaminų, rankinių, balno reikmenų ir pakinktų gamyba; kailių išdirbimas ir dažymas",1511,Odų rauginimas ir išdirbimas; kailių išdirbimas ir dažymas,151120,"Odų rauginimas, naudojant mineralines ir chemines medžiagas",574
C,Apdirbamoji gamyba,15,Odos ir odos dirbinių gamyba,151,"Odų rauginimas ir išdirbimas; lagaminų, rankinių, balno reikmenų ir pakinktų gamyba; kailių išdirbimas ir dažymas",1511,Odų rauginimas ir išdirbimas; kailių išdirbimas ir dažymas,151130,Odų išdirbimas,575
C,Apdirbamoji gamyba,16,"Medienos bei medienos ir kamštienos gaminių, išskyrus baldus, gamyba; gaminių iš šiaudų ir pynimo medžiagų gamyba",162,"Gaminių ir dirbinių iš medienos, kamštienos, šiaudų ir pynimo medžiagų gamyba",1622,Sumontuotų parketo grindų gamyba,162200,Sumontuotų parketo grindų gamyba,576
C,Apdirbamoji gamyba,16,"Medienos bei medienos ir kamštienos gaminių, išskyrus baldus, gamyba; gaminių iš šiaudų ir pynimo medžiagų gamyba",162,"Gaminių ir dirbinių iš medienos, kamštienos, šiaudų ir pynimo medžiagų gamyba",1623,Kitų statybinių dailidžių ir stalių dirbinių gamyba,162310,Fasoninių detalių ir malksnų (gontų) stogų dengimui gamyba,577
C,Apdirbamoji gamyba,16,"Medienos bei medienos ir kamštienos gaminių, išskyrus baldus, gamyba; gaminių iš šiaudų ir pynimo medžiagų gamyba",162,"Gaminių ir dirbinių iš medienos, kamštienos, šiaudų ir pynimo medžiagų gamyba",1624,Medinės taros gamyba,162410,"Padėklų, stovų ir kitų medinių pakrovimo reikmenų gamyba",578
C,Apdirbamoji gamyba,17,Popieriaus ir popieriaus gaminių gamyba,171,"Plaušienos, popieriaus ir kartono gamyba",1711,Plaušienos gamyba,171100,Plaušienos gamyba,579
C,Apdirbamoji gamyba,17,Popieriaus ir popieriaus gaminių gamyba,171,"Plaušienos, popieriaus ir kartono gamyba",1712,Popieriaus ir kartono gamyba,171200,Popieriaus ir kartono gamyba,580
C,Apdirbamoji gamyba,19,Kokso ir rafinuotų naftos produktų gamyba,192,Rafinuotų naftos produktų gamyba,1920,Rafinuotų naftos produktų gamyba,192000,Rafinuotų naftos produktų gamyba,581
C,Apdirbamoji gamyba,20,Chemikalų ir chemijos produktų gamyba,201,"Pagrindinių chemikalų, trąšų ir azoto junginių, pirminių plastikų ir pirminio sintetinio kaučiuko gamyba",2016,Pirminių plastikų gamyba,201600,Pirminių plastikų gamyba,582
C,Apdirbamoji gamyba,20,Chemikalų ir chemijos produktų gamyba,202,Pesticidų ir kitų agrocheminių medžiagų gamyba,2020,Pesticidų ir kitų agrocheminių medžiagų gamyba,202010,Dezinfekantų gamyba,583
C,Apdirbamoji gamyba,20,Chemikalų ir chemijos produktų gamyba,204,"Muilo ir ploviklių, valiklių ir blizgiklių, kvepalų ir tualeto priemonių gamyba",2040,"Muilo ir ploviklių, valiklių ir blizgiklių, kvepalų ir tualeto priemonių gamyba",204000,"Muilo ir ploviklių, valiklių ir blizgiklių, kvepalų ir tualeto priemonių gamyba",584
C,Apdirbamoji gamyba,20,Chemikalų ir chemijos produktų gamyba,205,Kitų cheminių medžiagų gamyba,2051,Sprogiųjų medžiagų gamyba,205100,Sprogiųjų medžiagų gamyba,585
C,Apdirbamoji gamyba,20,Chemikalų ir chemijos produktų gamyba,205,Kitų cheminių medžiagų gamyba,2059,"Kitų, niekur kitur nepriskirtų, cheminių medžiagų gamyba",205930,"Antidetonatorių, antifrizų, skysčių hidraulinėms sistemoms gamyba",586
C,Apdirbamoji gamyba,20,Chemikalų ir chemijos produktų gamyba,206,Cheminių pluoštų gamyba,2060,Cheminių pluoštų gamyba,206000,Cheminių pluoštų gamyba,587
C,Apdirbamoji gamyba,21,Pagrindinių vaistų pramonės gaminių ir farmacinių preparatų gamyba,211,Pagrindinių vaistų pramonės gaminių gamyba,2110,Pagrindinių vaistų pramonės gaminių gamyba,211010,Narkotinių medžiagų gamyba,588
C,Apdirbamoji gamyba,22,Guminių ir plastikinių gaminių gamyba,222,Plastikinių gaminių gamyba,2222,Plastikinių pakuočių gamyba,222200,Plastikinių pakuočių gamyba,589
C,Apdirbamoji gamyba,22,Guminių ir plastikinių gaminių gamyba,222,Plastikinių gaminių gamyba,2229,Kitų plastikinių gaminių gamyba,222900,Kitų plastikinių gaminių gamyba,590
C,Apdirbamoji gamyba,23,Kitų nemetalo mineralinių produktų gamyba,230,Kitų nemetalo mineralinių produktų gamyba,2300,Kitų nemetalo mineralinių produktų gamyba,230000,Kitų nemetalo mineralinių produktų gamyba,591
C,Apdirbamoji gamyba,23,Kitų nemetalo mineralinių produktų gamyba,231,Stiklo ir stiklo gaminių bei dirbinių gamyba,2319,"Kito stiklo, įskaitant skirto techninėms reikmėms, gamyba ir apdorojimas",231900,"Kito stiklo, įskaitant skirto techninėms reikmėms, gamyba ir apdorojimas",592
C,Apdirbamoji gamyba,23,Kitų nemetalo mineralinių produktų gamyba,234,Kitų porcelianinių ir keraminių gaminių bei dirbinių gamyba,2349,Kitų keraminių gaminių ir dirbinių gamyba,234900,Kitų keraminių gaminių ir dirbinių gamyba,593
C,Apdirbamoji gamyba,23,Kitų nemetalo mineralinių produktų gamyba,235,"Cemento, kalkių ir gipso gamyba",2350,"Cemento, kalkių ir gipso gamyba",235000,"Cemento, kalkių ir gipso gamyba",594
C,Apdirbamoji gamyba,23,Kitų nemetalo mineralinių produktų gamyba,235,"Cemento, kalkių ir gipso gamyba",2351,Cemento gamyba,235100,Cemento gamyba,595
C,Apdirbamoji gamyba,23,Kitų nemetalo mineralinių produktų gamyba,236,"Betono, cemento ir gipso gaminių bei dirbinių gamyba",2361,"Betono gaminių, skirtų statybinėms reikmėms, gamyba",236100,"Betono gaminių, skirtų statybinėms reikmėms, gamyba",596
C,Apdirbamoji gamyba,23,Kitų nemetalo mineralinių produktų gamyba,236,"Betono, cemento ir gipso gaminių bei dirbinių gamyba",2364,Statybinių skiedinių gamyba,236400,Statybinių skiedinių gamyba,597
C,Apdirbamoji gamyba,23,Kitų nemetalo mineralinių produktų gamyba,239,Abrazyvinių gaminių ir niekur kitur nepriskirtų nemetalo mineralinių produktų gamyba,2399,"Kitų, niekur kitur nepriskirtų, nemetalo mineralinių produktų gamyba",239910,"Asbestinio pluošto, verpalų ir audinių bei gaminių iš jų gamyba",598
C,Apdirbamoji gamyba,23,Kitų nemetalo mineralinių produktų gamyba,239,Abrazyvinių gaminių ir niekur kitur nepriskirtų nemetalo mineralinių produktų gamyba,2399,"Kitų, niekur kitur nepriskirtų, nemetalo mineralinių produktų gamyba",239930,Mineralinių izoliacinių medžiagų gamyba,599
C,Apdirbamoji gamyba,24,Pagrindinių metalų gamyba,242,"Plieninių vamzdžių, vamzdelių, tuščiavidurių profilių ir susijusių jungiamųjų detalių gamyba",2420,"Plieninių vamzdžių, vamzdelių, tuščiavidurių profilių ir susijusių jungiamųjų detalių gamyba",242000,"Plieninių vamzdžių, vamzdelių, tuščiavidurių profilių ir susijusių jungiamųjų detalių gamyba",600
C,Apdirbamoji gamyba,24,Pagrindinių metalų gamyba,243,Kitų plieno pirminio apdirbimo gaminių gamyba,2430,Kitų plieno pirminio apdirbimo gaminių gamyba,243000,Kitų plieno pirminio apdirbimo gaminių gamyba,601
C,Apdirbamoji gamyba,24,Pagrindinių metalų gamyba,243,Kitų plieno pirminio apdirbimo gaminių gamyba,2433,Šaltasis formavimas ar lankstymas,243300,Šaltasis formavimas ar lankstymas,602
C,Apdirbamoji gamyba,24,Pagrindinių metalų gamyba,243,Kitų plieno pirminio apdirbimo gaminių gamyba,2434,Šaltasis vielos tempimas,243400,Šaltasis vielos tempimas,603
C,Apdirbamoji gamyba,24,Pagrindinių metalų gamyba,244,Pagrindinių tauriųjų ir kitų spalvotųjų metalų gamyba,2445,Kitų spalvotųjų metalų gamyba,244500,Kitų spalvotųjų metalų gamyba,604
C,Apdirbamoji gamyba,24,Pagrindinių metalų gamyba,244,Pagrindinių tauriųjų ir kitų spalvotųjų metalų gamyba,2446,Branduolinio kuro perdirbimas,244600,Branduolinio kuro perdirbimas,605
C,Apdirbamoji gamyba,24,Pagrindinių metalų gamyba,245,Metalų liejinių gamyba,2451,Geležies liejinių gamyba,245100,Geležies liejinių gamyba,606
C,Apdirbamoji gamyba,25,"Metalo gaminių, išskyrus mašinas ir įrenginius, gamyba",250,"Metalo gaminių, išskyrus mašinas ir įrenginius, gamyba",2500,"Metalo gaminių, išskyrus mašinas ir įrenginius, gamyba",250000,"Metalo gaminių, išskyrus mašinas ir įrenginius, gamyba",607
C,Apdirbamoji gamyba,25,"Metalo gaminių, išskyrus mašinas ir įrenginius, gamyba",251,Konstrukcinių metalo gaminių gamyba,2511,Metalo konstrukcijų ir jų dalių gamyba,251100,Metalo konstrukcijų ir jų dalių gamyba,608
C,Apdirbamoji gamyba,25,"Metalo gaminių, išskyrus mašinas ir įrenginius, gamyba",252,"Metalinių cisternų, rezervuarų ir talpyklų gamyba",2529,"Kitų metalinių cisternų, rezervuarų ir talpyklų gamyba",252910,Metalinių talpyklų suslėgtosioms ar suskystintosioms dujoms gamyba,609
C,Apdirbamoji gamyba,25,"Metalo gaminių, išskyrus mašinas ir įrenginius, gamyba",253,"Garo generatorių, išskyrus centrinio šildymo karšto vandens katilus, gamyba",2530,"Garo generatorių, išskyrus centrinio šildymo karšto vandens katilus, gamyba",253000,"Garo generatorių, išskyrus centrinio šildymo karšto vandens katilus, gamyba",610
C,Apdirbamoji gamyba,25,"Metalo gaminių, išskyrus mašinas ir įrenginius, gamyba",255,"Metalo kalimas, presavimas, štampavimas ir profiliavimas; miltelių metalurgija",2550,"Metalo kalimas, presavimas, štampavimas ir profiliavimas; miltelių metalurgija",255000,"Metalo kalimas, presavimas, štampavimas ir profiliavimas; miltelių metalurgija",611
C,Apdirbamoji gamyba,25,"Metalo gaminių, išskyrus mašinas ir įrenginius, gamyba",259,Kitų metalo gaminių gamyba,2593,"Vielos gaminių, grandinių ir spyruoklių gamyba",259300,"Vielos gaminių, grandinių ir spyruoklių gamyba",612
C,Apdirbamoji gamyba,25,"Metalo gaminių, išskyrus mašinas ir įrenginius, gamyba",259,Kitų metalo gaminių gamyba,2594,Tvirtinimo detalių ir sriegimo mašinų gaminių gamyba,259400,Tvirtinimo detalių ir sriegimo mašinų gaminių gamyba,613
C,Apdirbamoji gamyba,25,"Metalo gaminių, išskyrus mašinas ir įrenginius, gamyba",259,Kitų metalo gaminių gamyba,2599,"Kitų, niekur kitur nepriskirtų, metalo gaminių gamyba",259900,"Kitų, niekur kitur nepriskirtų, metalo gaminių gamyba",614
C,Apdirbamoji gamyba,26,"Kompiuterinių, elektroninių ir optinių gaminių gamyba",261,Elektroninių komponentų ir plokščių gamyba,2612,Sumontuotų elektroninių plokščių gamyba,261200,Sumontuotų elektroninių plokščių gamyba,615
C,Apdirbamoji gamyba,26,"Kompiuterinių, elektroninių ir optinių gaminių gamyba",265,"Matavimo, bandymo, navigacinės ir kontrolės įrangos gamyba; įvairių tipų laikrodžių gamyba",2651,"Matavimo, bandymo, navigacinės ir kontrolės įrangos prietaisų ir aparatų gamyba",265140,Automatinio reguliavimo ir kontrolės prietaisų gamyba,616
C,Apdirbamoji gamyba,26,"Kompiuterinių, elektroninių ir optinių gaminių gamyba",265,"Matavimo, bandymo, navigacinės ir kontrolės įrangos gamyba; įvairių tipų laikrodžių gamyba",2652,Įvairių tipų laikrodžių gamyba,265200,Įvairių tipų laikrodžių gamyba,617
C,Apdirbamoji gamyba,27,Elektros įrangos gamyba,271,"Elektros variklių, generatorių, transformatorių bei elektros skirstomosios ir valdymo įrangos gamyba",2711,"Elektros variklių, generatorių ir transformatorių gamyba",271100,"Elektros variklių, generatorių ir transformatorių gamyba",618
C,Apdirbamoji gamyba,27,Elektros įrangos gamyba,275,Buitinių aparatų ir prietaisų gamyba,2751,Buitinių elektrinių aparatų ir prietaisų gamyba,275100,Buitinių elektrinių aparatų ir prietaisų gamyba,619
C,Apdirbamoji gamyba,28,Niekur kitur nepriskirtų mašinų ir įrangos gamyba,281,Bendrosios paskirties mašinų gamyba,2813,Kitų siurblių ir kompresorių gamyba,281300,Kitų siurblių ir kompresorių gamyba,620
C,Apdirbamoji gamyba,28,Niekur kitur nepriskirtų mašinų ir įrangos gamyba,282,Kitų bendrosios paskirties mašinų ir įrangos gamyba,2823,Įstaigos mašinų ir įrangos (išskyrus kompiuterius ir išorinę įrangą) gamyba,282300,Įstaigos mašinų ir įrangos (išskyrus kompiuterius ir išorinę įrangą) gamyba,621
C,Apdirbamoji gamyba,28,Niekur kitur nepriskirtų mašinų ir įrangos gamyba,282,Kitų bendrosios paskirties mašinų ir įrangos gamyba,2825,Nebuitinių aušinimo ir vėdinimo įrenginių gamyba,282500,Nebuitinių aušinimo ir vėdinimo įrenginių gamyba,622
C,Apdirbamoji gamyba,28,Niekur kitur nepriskirtų mašinų ir įrangos gamyba,284,Metalo formavimo įrangos ir staklių gamyba,2840,Metalo formavimo įrangos ir staklių gamyba,284000,Metalo formavimo įrangos ir staklių gamyba,623
C,Apdirbamoji gamyba,28,Niekur kitur nepriskirtų mašinų ir įrangos gamyba,284,Metalo formavimo įrangos ir staklių gamyba,2841,Metalo formavimo įrangos gamyba,284100,Metalo formavimo įrangos gamyba,624
C,Apdirbamoji gamyba,28,Niekur kitur nepriskirtų mašinų ir įrangos gamyba,284,Metalo formavimo įrangos ir staklių gamyba,2849,Kitų staklių gamyba,284900,Kitų staklių gamyba,625
C,Apdirbamoji gamyba,28,Niekur kitur nepriskirtų mašinų ir įrangos gamyba,289,Kitų specialiosios paskirties mašinų gamyba,2892,"Kasybos, karjerų eksploatavimo ir statybos mašinų gamyba",289200,"Kasybos, karjerų eksploatavimo ir statybos mašinų gamyba",626
C,Apdirbamoji gamyba,28,Niekur kitur nepriskirtų mašinų ir įrangos gamyba,289,Kitų specialiosios paskirties mašinų gamyba,2894,"Tekstilės, drabužių ir odos gaminių gamybos mašinų gamyba",289400,"Tekstilės, drabužių ir odos gaminių gamybos mašinų gamyba",627
C,Apdirbamoji gamyba,28,Niekur kitur nepriskirtų mašinų ir įrangos gamyba,289,Kitų specialiosios paskirties mašinų gamyba,2899,"Kitų, niekur kitur nepriskirtų, specialiosios paskirties mašinų gamyba",289900,"Kitų, niekur kitur nepriskirtų, specialiosios paskirties mašinų gamyba",628
C,Apdirbamoji gamyba,30,Kitų transporto priemonių ir įrangos gamyba,301,Įvairių tipų laivų statyba,3010,Įvairių tipų laivų statyba,301000,Įvairių tipų laivų statyba,629
C,Apdirbamoji gamyba,30,Kitų transporto priemonių ir įrangos gamyba,303,Orlaivių ir erdvėlaivių bei susijusios įrangos gamyba,3030,Orlaivių ir erdvėlaivių bei susijusios įrangos gamyba,303000,Orlaivių ir erdvėlaivių bei susijusios įrangos gamyba,630
C,Apdirbamoji gamyba,30,Kitų transporto priemonių ir įrangos gamyba,309,Niekur kitur nepriskirtų transporto priemonių gamyba,3099,"Kitos, niekur kitur nepriskirtos, transporto įrangos gamyba",309900,"Kitos, niekur kitur nepriskirtos, transporto įrangos gamyba",631
C,Apdirbamoji gamyba,32,Kita gamyba,321,"Papuošalų, juvelyrinių, bižuterijos ir panašių dirbinių gamyba",3211,Monetų kalimas,321100,Monetų kalimas,632
C,Apdirbamoji gamyba,32,Kita gamyba,321,"Papuošalų, juvelyrinių, bižuterijos ir panašių dirbinių gamyba",3212,"Papuošalų, juvelyrinių ir panašių dirbinių gamyba",321200,"Papuošalų, juvelyrinių ir panašių dirbinių gamyba",633
C,Apdirbamoji gamyba,32,Kita gamyba,321,"Papuošalų, juvelyrinių, bižuterijos ir panašių dirbinių gamyba",3213,Dirbtinės bižuterijos ir panašių dirbinių gamyba,321300,Dirbtinės bižuterijos ir panašių dirbinių gamyba,634
C,Apdirbamoji gamyba,32,Kita gamyba,322,Muzikos instrumentų gamyba,3220,Muzikos instrumentų gamyba,322000,Muzikos instrumentų gamyba,635
C,Apdirbamoji gamyba,32,Kita gamyba,324,Žaidimų ir žaislų gamyba,3240,Žaidimų ir žaislų gamyba,324000,Žaidimų ir žaislų gamyba,636
C,Apdirbamoji gamyba,32,Kita gamyba,324,Žaidimų ir žaislų gamyba,3240,Žaidimų ir žaislų gamyba,324010,Konstravimo rinkinių gamyba,637
C,Apdirbamoji gamyba,32,Kita gamyba,324,Žaidimų ir žaislų gamyba,3240,Žaidimų ir žaislų gamyba,324030,Medinių žaislų gamyba,638
C,Apdirbamoji gamyba,32,Kita gamyba,324,Žaidimų ir žaislų gamyba,3240,Žaidimų ir žaislų gamyba,324040,Kimštinių žaislų gamyba,639
C,Apdirbamoji gamyba,32,Kita gamyba,324,Žaidimų ir žaislų gamyba,3240,Žaidimų ir žaislų gamyba,324050,Stalo arba kambario žaidimų gamyba,640
C,Apdirbamoji gamyba,32,Kita gamyba,325,"Medicinos ir odontologijos prietaisų, instrumentų ir reikmenų gamyba",3250,"Medicinos ir odontologijos prietaisų, instrumentų ir reikmenų gamyba",325020,Ortopedinių ir kitokių įtaisų gamyba,641
C,Apdirbamoji gamyba,33,Mašinų ir įrangos remontas ir įrengimas,331,"Metalo gaminių, mašinų ir įrangos remontas",3310,"Metalo gaminių, mašinų ir įrangos remontas",331000,"Metalo gaminių, mašinų ir įrangos remontas",642
C,Apdirbamoji gamyba,33,Mašinų ir įrangos remontas ir įrengimas,331,"Metalo gaminių, mašinų ir įrangos remontas",3314,Elektros įrangos remontas,331400,Elektros įrangos remontas,643
D,"Elektros, dujų, garo tiekimas ir oro kondicionavimas",35,"Elektros, dujų, garo tiekimas ir oro kondicionavimas",351,"Elektros energijos gamyba, perdavimas ir paskirstymas",3511,Elektros gamyba,351100,Elektros gamyba,644
D,"Elektros, dujų, garo tiekimas ir oro kondicionavimas",35,"Elektros, dujų, garo tiekimas ir oro kondicionavimas",351,"Elektros energijos gamyba, perdavimas ir paskirstymas",3512,Elektros perdavimas,351200,Elektros perdavimas,645
D,"Elektros, dujų, garo tiekimas ir oro kondicionavimas",35,"Elektros, dujų, garo tiekimas ir oro kondicionavimas",352,Dujų gamyba; dujinio kuro paskirstymas dujotiekiais,3520,Dujų gamyba; dujinio kuro paskirstymas dujotiekiais,352000,Dujų gamyba; dujinio kuro paskirstymas dujotiekiais,646
D,"Elektros, dujų, garo tiekimas ir oro kondicionavimas",35,"Elektros, dujų, garo tiekimas ir oro kondicionavimas",352,Dujų gamyba; dujinio kuro paskirstymas dujotiekiais,3522,Dujinio kuro paskirstymas dujotiekiais,352200,Dujinio kuro paskirstymas dujotiekiais,647
E,"Vandens tiekimas nuotekų valymas, atliekų tvarkymas ir regeneravimas",36,"Vandens surinkimas, valymas ir tiekimas",360,"Vandens surinkimas, valymas ir tiekimas",3600,"Vandens surinkimas, valymas ir tiekimas",360020,Vandens tiekimas pramonės įmonėms,648
E,"Vandens tiekimas nuotekų valymas, atliekų tvarkymas ir regeneravimas",38,"Atliekų surinkimas, tvarkymas ir šalinimas; medžiagų atgavimas",380,"Atliekų surinkimas, tvarkymas ir šalinimas; medžiagų atgavimas",3800,"Atliekų surinkimas, tvarkymas ir šalinimas; medžiagų atgavimas",380000,"Atliekų surinkimas, tvarkymas ir šalinimas; medžiagų atgavimas",649
E,"Vandens tiekimas nuotekų valymas, atliekų tvarkymas ir regeneravimas",38,"Atliekų surinkimas, tvarkymas ir šalinimas; medžiagų atgavimas",381,Atliekų surinkimas,3811,Nepavojingų atliekų surinkimas,381100,Nepavojingų atliekų surinkimas,650
E,"Vandens tiekimas nuotekų valymas, atliekų tvarkymas ir regeneravimas",38,"Atliekų surinkimas, tvarkymas ir šalinimas; medžiagų atgavimas",382,Atliekų tvarkymas ir šalinimas,3821,Nepavojingų atliekų tvarkymas ir šalinimas,382100,Nepavojingų atliekų tvarkymas ir šalinimas,651
E,"Vandens tiekimas nuotekų valymas, atliekų tvarkymas ir regeneravimas",38,"Atliekų surinkimas, tvarkymas ir šalinimas; medžiagų atgavimas",383,Medžiagų atgavimas,3830,Medžiagų atgavimas,383000,Medžiagų atgavimas,652
F,Statyba,41,Pastatų statyba,412,Gyvenamųjų ir negyvenamųjų pastatų statyba,4120,Gyvenamųjų ir negyvenamųjų pastatų statyba,412000,Gyvenamųjų ir negyvenamųjų pastatų statyba,653
F,Statyba,41,Pastatų statyba,412,Gyvenamųjų ir negyvenamųjų pastatų statyba,4120,Gyvenamųjų ir negyvenamųjų pastatų statyba,412010,Naujų pastatų statyba,654
F,Statyba,41,Pastatų statyba,412,Gyvenamųjų ir negyvenamųjų pastatų statyba,4120,Gyvenamųjų ir negyvenamųjų pastatų statyba,412020,"Pastatų remontas, restauravimas ir rekonstravimas",655
F,Statyba,42,Inžinerinių statinių statyba,420,Inžinerinių statinių statyba,4200,Inžinerinių statinių statyba,420000,Inžinerinių statinių statyba,656
F,Statyba,42,Inžinerinių statinių statyba,421,Kelių ir geležinkelių tiesimas,4210,Kelių ir geležinkelių tiesimas,421000,Kelių ir geležinkelių tiesimas,657
F,Statyba,42,Inžinerinių statinių statyba,421,Kelių ir geležinkelių tiesimas,4212,Geležinkelių ir požeminių geležinkelių tiesimas,421200,Geležinkelių ir požeminių geležinkelių tiesimas,658
F,Statyba,42,Inžinerinių statinių statyba,422,Komunalinių statinių statyba,4222,Komunalinių elektros ir telekomunikacijos statinių statyba,422200,Komunalinių elektros ir telekomunikacijos statinių statyba,659
F,Statyba,43,Specializuota statybos veikla,431,Statinių nugriovimas ir statybvietės paruošimas,4310,Statinių nugriovimas ir statybvietės paruošimas,431000,Statinių nugriovimas ir statybvietės paruošimas,660
F,Statyba,43,Specializuota statybos veikla,431,Statinių nugriovimas ir statybvietės paruošimas,4312,Statybvietės paruošimas,431210,Paruošiamieji žemės kasimo darbai tiesiant kelius,661
F,Statyba,43,Specializuota statybos veikla,432,"Elektros, vandentiekio ir kitos įrangos įrengimas",4321,Elektros sistemų įrengimas,432120,Gaisro pavojaus ir apsaugos signalizacijos įrengimas,662
G,Didmeninė ir mažmeninė prekyba; variklinių transporto priemonių ir motociklų remontas,45,Variklinių transporto priemonių ir motociklų didmeninė ir mažmeninė prekyba bei remontas,450,Variklinių transporto priemonių ir motociklų didmeninė ir mažmeninė prekyba bei remontas,4500,Variklinių transporto priemonių ir motociklų didmeninė ir mažmeninė prekyba bei remontas,450000,Variklinių transporto priemonių ir motociklų didmeninė ir mažmeninė prekyba bei remontas,663
G,Didmeninė ir mažmeninė prekyba; variklinių transporto priemonių ir motociklų remontas,45,Variklinių transporto priemonių ir motociklų didmeninė ir mažmeninė prekyba bei remontas,451,Variklinių transporto priemonių pardavimas,4519,Kitų variklinių transporto priemonių pardavimas,451900,Kitų variklinių transporto priemonių pardavimas,664
G,Didmeninė ir mažmeninė prekyba; variklinių transporto priemonių ir motociklų remontas,45,Variklinių transporto priemonių ir motociklų didmeninė ir mažmeninė prekyba bei remontas,454,"Motociklų ir jų atsarginių dalių bei pagalbinių reikmenų pardavimas, techninė priežiūra ir remontas",4540,"Motociklų ir jų atsarginių dalių bei pagalbinių reikmenų pardavimas, techninė priežiūra ir remontas",454000,"Motociklų ir jų atsarginių dalių bei pagalbinių reikmenų pardavimas, techninė priežiūra ir remontas",665
G,Didmeninė ir mažmeninė prekyba; variklinių transporto priemonių ir motociklų remontas,46,"Didmeninė prekyba, išskyrus prekybą variklinėmis transporto priemonėmis ir motociklais",460,"Didmeninė prekyba, išskyrus prekybą variklinėmis transporto priemonėmis ir motociklais",4600,"Didmeninė prekyba, išskyrus prekybą variklinėmis transporto priemonėmis ir motociklais",460000,"Didmeninė prekyba, išskyrus prekybą variklinėmis transporto priemonėmis ir motociklais",666
G,Didmeninė ir mažmeninė prekyba; variklinių transporto priemonių ir motociklų remontas,46,"Didmeninė prekyba, išskyrus prekybą variklinėmis transporto priemonėmis ir motociklais",461,Didmeninė prekyba už atlygį ar pagal sutartį,4614,"Mašinų, pramonės įrangos, laivų ir lėktuvų pardavimo agentų veikla",461400,"Mašinų, pramonės įrangos, laivų ir lėktuvų pardavimo agentų veikla",667
G,Didmeninė ir mažmeninė prekyba; variklinių transporto priemonių ir motociklų remontas,46,"Didmeninė prekyba, išskyrus prekybą variklinėmis transporto priemonėmis ir motociklais",461,Didmeninė prekyba už atlygį ar pagal sutartį,4616,"Tekstilės, drabužių, kailių, avalynės ir odos dirbinių pardavimo agentų veikla",461600,"Tekstilės, drabužių, kailių, avalynės ir odos dirbinių pardavimo agentų veikla",668
G,Didmeninė ir mažmeninė prekyba; variklinių transporto priemonių ir motociklų remontas,46,"Didmeninė prekyba, išskyrus prekybą variklinėmis transporto priemonėmis ir motociklais",462,Žemės ūkio žaliavų ir gyvų gyvulių didmeninė prekyba,4622,Gėlių ir sodinukų didmeninė prekyba,462200,Gėlių ir sodinukų didmeninė prekyba,669
G,Didmeninė ir mažmeninė prekyba; variklinių transporto priemonių ir motociklų remontas,46,"Didmeninė prekyba, išskyrus prekybą variklinėmis transporto priemonėmis ir motociklais",462,Žemės ūkio žaliavų ir gyvų gyvulių didmeninė prekyba,4624,Kailių ir odų didmeninė prekyba,462400,Kailių ir odų didmeninė prekyba,670
G,Didmeninė ir mažmeninė prekyba; variklinių transporto priemonių ir motociklų remontas,46,"Didmeninė prekyba, išskyrus prekybą variklinėmis transporto priemonėmis ir motociklais",463,"Maisto produktų, gėrimų, tabako ir jo gaminių didmeninė prekyba",4632,Mėsos ir mėsos produktų didmeninė prekyba,463200,Mėsos ir mėsos produktų didmeninė prekyba,671
G,Didmeninė ir mažmeninė prekyba; variklinių transporto priemonių ir motociklų remontas,46,"Didmeninė prekyba, išskyrus prekybą variklinėmis transporto priemonėmis ir motociklais",463,"Maisto produktų, gėrimų, tabako ir jo gaminių didmeninė prekyba",4634,Gėrimų didmeninė prekyba,463400,Gėrimų didmeninė prekyba,672
G,Didmeninė ir mažmeninė prekyba; variklinių transporto priemonių ir motociklų remontas,46,"Didmeninė prekyba, išskyrus prekybą variklinėmis transporto priemonėmis ir motociklais",463,"Maisto produktų, gėrimų, tabako ir jo gaminių didmeninė prekyba",4637,"Kavos, arbatos, kakavos ir prieskonių didmeninė prekyba",463700,"Kavos, arbatos, kakavos ir prieskonių didmeninė prekyba",673
G,Didmeninė ir mažmeninė prekyba; variklinių transporto priemonių ir motociklų remontas,46,"Didmeninė prekyba, išskyrus prekybą variklinėmis transporto priemonėmis ir motociklais",463,"Maisto produktų, gėrimų, tabako ir jo gaminių didmeninė prekyba",4638,"Kitų maisto produktų, įskaitant žuvis, vėžiagyvius ir moliuskus, didmeninė prekyba",463800,"Kitų maisto produktų, įskaitant žuvis, vėžiagyvius ir moliuskus, didmeninė prekyba",674
G,Didmeninė ir mažmeninė prekyba; variklinių transporto priemonių ir motociklų remontas,46,"Didmeninė prekyba, išskyrus prekybą variklinėmis transporto priemonėmis ir motociklais",464,Namų ūkio reikmenų didmeninė prekyba,4640,Namų ūkio reikmenų didmeninė prekyba,464000,Namų ūkio reikmenų didmeninė prekyba,675
G,Didmeninė ir mažmeninė prekyba; variklinių transporto priemonių ir motociklų remontas,46,"Didmeninė prekyba, išskyrus prekybą variklinėmis transporto priemonėmis ir motociklais",464,Namų ūkio reikmenų didmeninė prekyba,4641,Tekstilės gaminių didmeninė prekyba,464100,Tekstilės gaminių didmeninė prekyba,676
G,Didmeninė ir mažmeninė prekyba; variklinių transporto priemonių ir motociklų remontas,46,"Didmeninė prekyba, išskyrus prekybą variklinėmis transporto priemonėmis ir motociklais",464,Namų ūkio reikmenų didmeninė prekyba,4643,Elektrinių buitinių aparatų arba prietaisų didmeninė prekyba,464300,Elektrinių buitinių aparatų arba prietaisų didmeninė prekyba,677
G,Didmeninė ir mažmeninė prekyba; variklinių transporto priemonių ir motociklų remontas,46,"Didmeninė prekyba, išskyrus prekybą variklinėmis transporto priemonėmis ir motociklais",464,Namų ūkio reikmenų didmeninė prekyba,4646,Farmacijos prekių didmeninė prekyba,464600,Farmacijos prekių didmeninė prekyba,678
G,Didmeninė ir mažmeninė prekyba; variklinių transporto priemonių ir motociklų remontas,46,"Didmeninė prekyba, išskyrus prekybą variklinėmis transporto priemonėmis ir motociklais",464,Namų ūkio reikmenų didmeninė prekyba,4647,"Baldų, kilimų ir apšvietimo įrangos didmeninė prekyba",464700,"Baldų, kilimų ir apšvietimo įrangos didmeninė prekyba",679
G,Didmeninė ir mažmeninė prekyba; variklinių transporto priemonių ir motociklų remontas,46,"Didmeninė prekyba, išskyrus prekybą variklinėmis transporto priemonėmis ir motociklais",466,"Kitų mašinų, įrangos ir reikmenų didmeninė prekyba",4662,Staklių didmeninė prekyba,466200,Staklių didmeninė prekyba,680
G,Didmeninė ir mažmeninė prekyba; variklinių transporto priemonių ir motociklų remontas,46,"Didmeninė prekyba, išskyrus prekybą variklinėmis transporto priemonėmis ir motociklais",466,"Kitų mašinų, įrangos ir reikmenų didmeninė prekyba",4663,"Kasybos, statybos ir statybos inžinerijos mašinų didmeninė prekyba",466300,"Kasybos, statybos ir statybos inžinerijos mašinų didmeninė prekyba",681
C,Apdirbamoji gamyba,15,Odos ir odos dirbinių gamyba,152,Avalynės gamyba,1520,Avalynės gamyba,152000,Avalynės gamyba,682
G,Didmeninė ir mažmeninė prekyba; variklinių transporto priemonių ir motociklų remontas,46,"Didmeninė prekyba, išskyrus prekybą variklinėmis transporto priemonėmis ir motociklais",466,"Kitų mašinų, įrangos ir reikmenų didmeninė prekyba",4666,Kitų įstaigos mašinų ir įrangos didmeninė prekyba,466600,Kitų įstaigos mašinų ir įrangos didmeninė prekyba,683
G,Didmeninė ir mažmeninė prekyba; variklinių transporto priemonių ir motociklų remontas,46,"Didmeninė prekyba, išskyrus prekybą variklinėmis transporto priemonėmis ir motociklais",466,"Kitų mašinų, įrangos ir reikmenų didmeninė prekyba",4669,Kitų mašinų ir įrangos didmeninė prekyba,466900,Kitų mašinų ir įrangos didmeninė prekyba,684
G,Didmeninė ir mažmeninė prekyba; variklinių transporto priemonių ir motociklų remontas,46,"Didmeninė prekyba, išskyrus prekybą variklinėmis transporto priemonėmis ir motociklais",467,Kita specializuota didmeninė prekyba,4672,Metalų rūdų ir metalų didmeninė prekyba,467200,Metalų rūdų ir metalų didmeninė prekyba,685
G,Didmeninė ir mažmeninė prekyba; variklinių transporto priemonių ir motociklų remontas,46,"Didmeninė prekyba, išskyrus prekybą variklinėmis transporto priemonėmis ir motociklais",467,Kita specializuota didmeninė prekyba,4675,Chemijos produktų didmeninė prekyba,467500,Chemijos produktų didmeninė prekyba,686
G,Didmeninė ir mažmeninė prekyba; variklinių transporto priemonių ir motociklų remontas,46,"Didmeninė prekyba, išskyrus prekybą variklinėmis transporto priemonėmis ir motociklais",467,Kita specializuota didmeninė prekyba,4676,Kitų tarpinių produktų didmeninė prekyba,467600,Kitų tarpinių produktų didmeninė prekyba,687
G,Didmeninė ir mažmeninė prekyba; variklinių transporto priemonių ir motociklų remontas,46,"Didmeninė prekyba, išskyrus prekybą variklinėmis transporto priemonėmis ir motociklais",467,Kita specializuota didmeninė prekyba,4677,Atliekų ir laužo didmeninė prekyba,467700,Atliekų ir laužo didmeninė prekyba,688
G,Didmeninė ir mažmeninė prekyba; variklinių transporto priemonių ir motociklų remontas,46,"Didmeninė prekyba, išskyrus prekybą variklinėmis transporto priemonėmis ir motociklais",469,Nespecializuota didmeninė prekyba,4690,Nespecializuota didmeninė prekyba,469000,Nespecializuota didmeninė prekyba,689
G,Didmeninė ir mažmeninė prekyba; variklinių transporto priemonių ir motociklų remontas,47,"Mažmeninė prekyba, išskyrus variklinių transporto priemonių ir motociklų prekybą",470,"Mažmeninė prekyba, išskyrus variklinių transporto priemonių ir motociklų prekybą",4700,"Mažmeninė prekyba, išskyrus variklinių transporto priemonių ir motociklų prekybą",470000,"Mažmeninė prekyba, išskyrus variklinių transporto priemonių ir motociklų prekybą",690
G,Didmeninė ir mažmeninė prekyba; variklinių transporto priemonių ir motociklų remontas,47,"Mažmeninė prekyba, išskyrus variklinių transporto priemonių ir motociklų prekybą",471,Mažmeninė prekyba nespecializuotose parduotuvėse,4719,Kita mažmeninė prekyba nespecializuotose parduotuvėse,471900,Kita mažmeninė prekyba nespecializuotose parduotuvėse,691
G,Didmeninė ir mažmeninė prekyba; variklinių transporto priemonių ir motociklų remontas,47,"Mažmeninė prekyba, išskyrus variklinių transporto priemonių ir motociklų prekybą",472,"Maisto, gėrimų ir tabako mažmeninė prekyba specializuotose parduotuvėse",4723,"Žuvų, vėžiagyvių ir moliuskų mažmeninė prekyba specializuotose parduotuvėse",472300,"Žuvų, vėžiagyvių ir moliuskų mažmeninė prekyba specializuotose parduotuvėse",692
G,Didmeninė ir mažmeninė prekyba; variklinių transporto priemonių ir motociklų remontas,47,"Mažmeninė prekyba, išskyrus variklinių transporto priemonių ir motociklų prekybą",472,"Maisto, gėrimų ir tabako mažmeninė prekyba specializuotose parduotuvėse",4725,Gėrimų mažmeninė prekyba specializuotose parduotuvėse,472510,Alkoholinių gėrimų mažmeninė prekyba,693
G,Didmeninė ir mažmeninė prekyba; variklinių transporto priemonių ir motociklų remontas,47,"Mažmeninė prekyba, išskyrus variklinių transporto priemonių ir motociklų prekybą",473,Automobilių degalų mažmeninė prekyba specializuotose parduotuvėse,4730,Automobilių degalų mažmeninė prekyba specializuotose parduotuvėse,473000,Automobilių degalų mažmeninė prekyba specializuotose parduotuvėse,694
G,Didmeninė ir mažmeninė prekyba; variklinių transporto priemonių ir motociklų remontas,47,"Mažmeninė prekyba, išskyrus variklinių transporto priemonių ir motociklų prekybą",474,Informacijos ir ryšių technologijų (IRT) įrangos mažmeninė prekyba specializuotose parduotuvėse,4740,Informacijos ir ryšių technologijų (IRT) įrangos mažmeninė prekyba specializuotose parduotuvėse,474000,Informacijos ir ryšių technologijų (IRT) įrangos mažmeninė prekyba specializuotose parduotuvėse,695
G,Didmeninė ir mažmeninė prekyba; variklinių transporto priemonių ir motociklų remontas,47,"Mažmeninė prekyba, išskyrus variklinių transporto priemonių ir motociklų prekybą",475,Kitos namų ūkio įrangos mažmeninė prekyba specializuotose parduotuvėse,4752,"Metalo dirbinių, dažų ir stiklo mažmeninė prekyba specializuotose parduotuvėse",475200,"Metalo dirbinių, dažų ir stiklo mažmeninė prekyba specializuotose parduotuvėse",696
G,Didmeninė ir mažmeninė prekyba; variklinių transporto priemonių ir motociklų remontas,47,"Mažmeninė prekyba, išskyrus variklinių transporto priemonių ir motociklų prekybą",475,Kitos namų ūkio įrangos mažmeninė prekyba specializuotose parduotuvėse,4754,Elektrinių buitinių aparatų ir prietaisų mažmeninė prekyba specializuotose parduotuvėse,475400,Elektrinių buitinių aparatų ir prietaisų mažmeninė prekyba specializuotose parduotuvėse,697
G,Didmeninė ir mažmeninė prekyba; variklinių transporto priemonių ir motociklų remontas,47,"Mažmeninė prekyba, išskyrus variklinių transporto priemonių ir motociklų prekybą",477,Kitų prekių mažmeninė prekyba specializuotose parduotuvėse,4772,Avalynės ir odos gaminių mažmeninė prekyba specializuotose parduotuvėse,477200,Avalynės ir odos gaminių mažmeninė prekyba specializuotose parduotuvėse,698
G,Didmeninė ir mažmeninė prekyba; variklinių transporto priemonių ir motociklų remontas,47,"Mažmeninė prekyba, išskyrus variklinių transporto priemonių ir motociklų prekybą",477,Kitų prekių mažmeninė prekyba specializuotose parduotuvėse,4776,"Gėlių, sodinukų, sėklų, trąšų, naminių gyvūnėlių ir jų ėdalo mažmeninė prekyba specializuotose parduotuvėse",477600,"Gėlių, sodinukų, sėklų, trąšų, naminių gyvūnėlių ir jų ėdalo mažmeninė prekyba specializuotose parduotuvėse",699
G,Didmeninė ir mažmeninė prekyba; variklinių transporto priemonių ir motociklų remontas,47,"Mažmeninė prekyba, išskyrus variklinių transporto priemonių ir motociklų prekybą",477,Kitų prekių mažmeninė prekyba specializuotose parduotuvėse,4778,Kita naujų prekių mažmeninė prekyba specializuotose parduotuvėse,477830,Ginklų ir šaudmenų specializuota mažmeninė prekyba,700
G,Didmeninė ir mažmeninė prekyba; variklinių transporto priemonių ir motociklų remontas,47,"Mažmeninė prekyba, išskyrus variklinių transporto priemonių ir motociklų prekybą",477,Kitų prekių mažmeninė prekyba specializuotose parduotuvėse,4779,Naudotų daiktų mažmeninė prekyba parduotuvėse,477900,Naudotų daiktų mažmeninė prekyba parduotuvėse,701
G,Didmeninė ir mažmeninė prekyba; variklinių transporto priemonių ir motociklų remontas,47,"Mažmeninė prekyba, išskyrus variklinių transporto priemonių ir motociklų prekybą",477,Kitų prekių mažmeninė prekyba specializuotose parduotuvėse,4779,Naudotų daiktų mažmeninė prekyba parduotuvėse,477910,Antikvarinių daiktų mažmeninė prekyba,702
G,Didmeninė ir mažmeninė prekyba; variklinių transporto priemonių ir motociklų remontas,47,"Mažmeninė prekyba, išskyrus variklinių transporto priemonių ir motociklų prekybą",478,Mažmeninė prekyba kioskuose ir prekyvietėse,4781,"Maisto, gėrimų ir tabako gaminių mažmeninė prekyba kioskuose ir prekyvietėse",478100,"Maisto, gėrimų ir tabako gaminių mažmeninė prekyba kioskuose ir prekyvietėse",703
G,Didmeninė ir mažmeninė prekyba; variklinių transporto priemonių ir motociklų remontas,47,"Mažmeninė prekyba, išskyrus variklinių transporto priemonių ir motociklų prekybą",478,Mažmeninė prekyba kioskuose ir prekyvietėse,4789,Kitų prekių mažmeninė prekyba kioskuose ir prekyvietėse,478900,Kitų prekių mažmeninė prekyba kioskuose ir prekyvietėse,704
G,Didmeninė ir mažmeninė prekyba; variklinių transporto priemonių ir motociklų remontas,47,"Mažmeninė prekyba, išskyrus variklinių transporto priemonių ir motociklų prekybą",479,"Mažmeninė prekyba ne parduotuvėse, kioskuose ar prekyvietėse",4790,"Mažmeninė prekyba ne parduotuvėse, kioskuose ar prekyvietėse",479000,"Mažmeninė prekyba ne parduotuvėse, kioskuose ar prekyvietėse",705
G,Didmeninė ir mažmeninė prekyba; variklinių transporto priemonių ir motociklų remontas,47,"Mažmeninė prekyba, išskyrus variklinių transporto priemonių ir motociklų prekybą",479,"Mažmeninė prekyba ne parduotuvėse, kioskuose ar prekyvietėse",4799,"Kita mažmeninė prekyba ne parduotuvėse, kioskuose ar prekyvietėse",479910,Mažmeninė prekyba per keliaujančius firmos atstovus,706
H,Transportas ir saugojimas,49,Sausumos transportas ir transportavimas vamzdynais,493,Kitas keleivinis sausumos transportas,4931,Keleivių vežimas miesto arba priemiestiniu sausumos transportu,493100,Keleivių vežimas miesto arba priemiestiniu sausumos transportu,707
H,Transportas ir saugojimas,49,Sausumos transportas ir transportavimas vamzdynais,494,Krovininis kelių transportas ir perkraustymo veikla,4942,Perkraustymo veikla,494200,Perkraustymo veikla,708
H,Transportas ir saugojimas,50,Vandens transportas,504,Vidaus vandenų krovininis transportas,5040,Vidaus vandenų krovininis transportas,504000,Vidaus vandenų krovininis transportas,709
H,Transportas ir saugojimas,51,Oro transportas,512,Krovininis oro transportas ir kosminis transportas,5120,Krovininis oro transportas ir kosminis transportas,512000,Krovininis oro transportas ir kosminis transportas,710
H,Transportas ir saugojimas,52,Sandėliavimas ir transportui būdingų paslaugų veikla,522,Transportui būdingų paslaugų veikla,5223,Oro transportui būdingų paslaugų veikla,522300,Oro transportui būdingų paslaugų veikla,711
H,Transportas ir saugojimas,52,Sandėliavimas ir transportui būdingų paslaugų veikla,522,Transportui būdingų paslaugų veikla,5224,Krovinių tvarkymas,522400,Krovinių tvarkymas,712
H,Transportas ir saugojimas,52,Sandėliavimas ir transportui būdingų paslaugų veikla,522,Transportui būdingų paslaugų veikla,5229,Kita transportui būdingų paslaugų veikla,522900,Kita transportui būdingų paslaugų veikla,713
I,Apgyvendinimo ir maitinimo paslaugų veikla,55,Apgyvendinimo veikla,550,Apgyvendinimo veikla,5500,Apgyvendinimo veikla,550000,Apgyvendinimo veikla,714
I,Apgyvendinimo ir maitinimo paslaugų veikla,55,Apgyvendinimo veikla,552,Poilsiautojų ir kita trumpalaikio apgyvendinimo veikla,5520,Poilsiautojų ir kita trumpalaikio apgyvendinimo veikla,552000,Poilsiautojų ir kita trumpalaikio apgyvendinimo veikla,715
I,Apgyvendinimo ir maitinimo paslaugų veikla,55,Apgyvendinimo veikla,552,Poilsiautojų ir kita trumpalaikio apgyvendinimo veikla,5520,Poilsiautojų ir kita trumpalaikio apgyvendinimo veikla,552010,Poilsio namų veikla,716
I,Apgyvendinimo ir maitinimo paslaugų veikla,56,Maitinimo ir gėrimų teikimo veikla,560,Maitinimo ir gėrimų teikimo veikla,5600,Maitinimo ir gėrimų teikimo veikla,560000,Maitinimo ir gėrimų teikimo veikla,717
I,Apgyvendinimo ir maitinimo paslaugų veikla,56,Maitinimo ir gėrimų teikimo veikla,561,Restoranų ir pagaminto valgio teikimo veikla,5610,Restoranų ir pagaminto valgio teikimo veikla,561000,Restoranų ir pagaminto valgio teikimo veikla,718
J,Informacija ir ryšiai,58,Leidybinė veikla,580,Leidybinė veikla,5800,Leidybinė veikla,580000,Leidybinė veikla,719
J,Informacija ir ryšiai,58,Leidybinė veikla,581,"Knygų, periodinių leidinių leidyba ir kita leidybinė veikla",5813,Laikraščių leidyba,581300,Laikraščių leidyba,720
J,Informacija ir ryšiai,58,Leidybinė veikla,581,"Knygų, periodinių leidinių leidyba ir kita leidybinė veikla",5814,Žurnalų ir periodinių leidinių leidyba,581400,Žurnalų ir periodinių leidinių leidyba,721
J,Informacija ir ryšiai,59,"Kino filmų, vaizdo filmų ir televizijos programų gamyba, garso įrašymo ir muzikos įrašų leidybos veikla",591,"Kino filmų, vaizdo filmų ir televizijos programų rengėjų veikla",5910,"Kino filmų, vaizdo filmų ir televizijos programų rengėjų veikla",591000,"Kino filmų, vaizdo filmų ir televizijos programų rengėjų veikla",722
J,Informacija ir ryšiai,61,Telekomunikacijos,613,Palydovinio ryšio paslaugų veikla,6130,Palydovinio ryšio paslaugų veikla,613000,Palydovinio ryšio paslaugų veikla,723
J,Informacija ir ryšiai,62,"Kompiuterių programavimo, konsultacinė ir susijusi veikla",620,"Kompiuterių programavimo, konsultacinė ir susijusi veikla",6200,"Kompiuterių programavimo, konsultacinė ir susijusi veikla",620000,"Kompiuterių programavimo, konsultacinė ir susijusi veikla",724
J,Informacija ir ryšiai,63,Informacinių paslaugų veikla,631,"Duomenų apdorojimo, interneto serverių paslaugų (prieglobos) ir susijusi veikla; interneto vartų paslaugų veikla",6311,"Duomenų apdorojimo, interneto serverių paslaugų (prieglobos) ir susijusi veikla",631100,"Duomenų apdorojimo, interneto serverių paslaugų (prieglobos) ir susijusi veikla",725
J,Informacija ir ryšiai,63,Informacinių paslaugų veikla,639,Kita informacinių paslaugų veikla,6390,Kita informacinių paslaugų veikla,639000,Kita informacinių paslaugų veikla,726
K,Finansinė ir draudimo veikla,64,"Finansinių paslaugų veikla, išskyrus draudimą ir pensijų lėšų kaupimą",642,Kontroliuojančiųjų bendrovių veikla,6420,Kontroliuojančiųjų bendrovių veikla,642000,Kontroliuojančiųjų bendrovių veikla,727
K,Finansinė ir draudimo veikla,64,"Finansinių paslaugų veikla, išskyrus draudimą ir pensijų lėšų kaupimą",643,"Trestų, fondų ir panašių finansinių institucijų veikla",6430,"Trestų, fondų ir panašių finansinių institucijų veikla",643000,"Trestų, fondų ir panašių finansinių institucijų veikla",728
K,Finansinė ir draudimo veikla,65,"Draudimo, perdraudimo ir pensijų lėšų kaupimo, išskyrus privalomąjį socialinį draudimą, veikla",651,Draudimas,6510,Draudimas,651000,Draudimas,729
K,Finansinė ir draudimo veikla,65,"Draudimo, perdraudimo ir pensijų lėšų kaupimo, išskyrus privalomąjį socialinį draudimą, veikla",651,Draudimas,6511,Gyvybės draudimas,651100,Gyvybės draudimas,730
K,Finansinė ir draudimo veikla,65,"Draudimo, perdraudimo ir pensijų lėšų kaupimo, išskyrus privalomąjį socialinį draudimą, veikla",652,Perdraudimas,6520,Perdraudimas,652000,Perdraudimas,731
K,Finansinė ir draudimo veikla,66,Pagalbinė finansinių paslaugų ir draudimo veikla,661,"Pagalbinė finansinių paslaugų, išskyrus draudimą ir pensijų lėšų kaupimą, veikla",6611,Finansų rinkos valdymas,661100,Finansų rinkos valdymas,732
K,Finansinė ir draudimo veikla,66,Pagalbinė finansinių paslaugų ir draudimo veikla,661,"Pagalbinė finansinių paslaugų, išskyrus draudimą ir pensijų lėšų kaupimą, veikla",6612,Vertybinių popierių ir prekių sutarčių sudarymo tarpininkavimas,661200,Vertybinių popierių ir prekių sutarčių sudarymo tarpininkavimas,733
K,Finansinė ir draudimo veikla,66,Pagalbinė finansinių paslaugų ir draudimo veikla,662,Pagalbinė draudimo ir pensijų lėšų kaupimo veikla,6629,Kita pagalbinė draudimo ir pensijų lėšų kaupimo veikla,662900,Kita pagalbinė draudimo ir pensijų lėšų kaupimo veikla,734
L,Nekilnojamojo turto operacijos,68,Nekilnojamojo turto operacijos,682,Nuosavo arba nuomojamo nekilnojamojo turto nuoma ir eksploatavimas,6820,Nuosavo arba nuomojamo nekilnojamojo turto nuoma ir eksploatavimas,682000,Nuosavo arba nuomojamo nekilnojamojo turto nuoma ir eksploatavimas,735
M,"Profesinė, mokslinė ir techninė veikla",69,Teisinė ir apskaitos veikla,691,Teisinė veikla,6910,Teisinė veikla,691010,Konsultacijos ir juridinis atstovavimas civilinėse ir baudžiamosiose bylose,736
M,"Profesinė, mokslinė ir techninė veikla",70,Pagrindinių buveinių veikla; konsultacinė valdymo veikla,702,Konsultacinė valdymo veikla,7020,Konsultacinė valdymo veikla,702000,Konsultacinė valdymo veikla,737
M,"Profesinė, mokslinė ir techninė veikla",70,Pagrindinių buveinių veikla; konsultacinė valdymo veikla,702,Konsultacinė valdymo veikla,7022,Konsultacinė verslo ir kito valdymo veikla,702200,Konsultacinė verslo ir kito valdymo veikla,738
M,"Profesinė, mokslinė ir techninė veikla",71,Architektūros ir inžinerijos veikla; techninis tikrinimas ir analizė,711,Architektūros ir inžinerijos veikla bei su ja susijusios techninės konsultacijos,7111,Architektūros veikla,711100,Architektūros veikla,739
M,"Profesinė, mokslinė ir techninė veikla",71,Architektūros ir inžinerijos veikla; techninis tikrinimas ir analizė,711,Architektūros ir inžinerijos veikla bei su ja susijusios techninės konsultacijos,7112,Inžinerijos veikla ir su ja susijusios techninės konsultacijos,711250,Geologinės paieškos ir žvalgyba,740
M,"Profesinė, mokslinė ir techninė veikla",71,Architektūros ir inžinerijos veikla; techninis tikrinimas ir analizė,712,Techninis tikrinimas ir analizė,7120,Techninis tikrinimas ir analizė,712060,Matavimo priemonių patikra bei kalibravimas,741
M,"Profesinė, mokslinė ir techninė veikla",71,Architektūros ir inžinerijos veikla; techninis tikrinimas ir analizė,712,Techninis tikrinimas ir analizė,7120,Techninis tikrinimas ir analizė,712070,"Gaminių sertifikavimas, jų normatyvinių dokumentų reikalavimų kontrolė",742
M,"Profesinė, mokslinė ir techninė veikla",72,Moksliniai tyrimai ir taikomoji veikla,722,Socialinių ir humanitarinių mokslų moksliniai tyrimai ir taikomoji veikla,7220,Socialinių ir humanitarinių mokslų moksliniai tyrimai ir taikomoji veikla,722000,Socialinių ir humanitarinių mokslų moksliniai tyrimai ir taikomoji veikla,743
M,"Profesinė, mokslinė ir techninė veikla",73,Reklama ir rinkos tyrimas,732,Rinkos tyrimas ir viešosios nuomonės apklausa,7320,Rinkos tyrimas ir viešosios nuomonės apklausa,732000,Rinkos tyrimas ir viešosios nuomonės apklausa,744
M,"Profesinė, mokslinė ir techninė veikla",74,"Kita profesinė, mokslinė ir techninė veikla",740,"Kita profesinė, mokslinė ir techninė veikla",7400,"Kita profesinė, mokslinė ir techninė veikla",740000,"Kita profesinė, mokslinė ir techninė veikla",745
M,"Profesinė, mokslinė ir techninė veikla",75,Veterinarinė veikla,750,Veterinarinė veikla,7500,Veterinarinė veikla,750010,Gyvulių ir gyvūnų stacionarinis gydymas,746
M,"Profesinė, mokslinė ir techninė veikla",75,Veterinarinė veikla,750,Veterinarinė veikla,7500,Veterinarinė veikla,750020,Gyvulių ir gyvūnų ambulatorinis gydymas,747
M,"Profesinė, mokslinė ir techninė veikla",75,Veterinarinė veikla,750,Veterinarinė veikla,7500,Veterinarinė veikla,750040,Veterinarijos laboratorijų veikla,748
N,Administracinė ir aptarnavimo veikla,77,Nuoma ir išperkamoji nuoma,771,Variklinių transporto priemonių nuoma ir išperkamoji nuoma,7711,Automobilių ir lengvųjų variklinių transporto priemonių nuoma ir išperkamoji nuoma,771100,Automobilių ir lengvųjų variklinių transporto priemonių nuoma ir išperkamoji nuoma,749
N,Administracinė ir aptarnavimo veikla,77,Nuoma ir išperkamoji nuoma,771,Variklinių transporto priemonių nuoma ir išperkamoji nuoma,7712,Sunkiasvorių variklinių transporto priemonių nuoma ir išperkamoji nuoma,771200,Sunkiasvorių variklinių transporto priemonių nuoma ir išperkamoji nuoma,750
N,Administracinė ir aptarnavimo veikla,77,Nuoma ir išperkamoji nuoma,771,Variklinių transporto priemonių nuoma ir išperkamoji nuoma,7712,Sunkiasvorių variklinių transporto priemonių nuoma ir išperkamoji nuoma,771210,Krovininių automobilių nuoma,751
N,Administracinė ir aptarnavimo veikla,77,Nuoma ir išperkamoji nuoma,773,"Kitų mašinų, įrangos ir materialiųjų vertybių nuoma ir išperkamoji nuoma",7733,"Įstaigos mašinų ir įrangos, įskaitant kompiuterius, nuoma ir išperkamoji nuoma",773310,Kompiuterių nuoma,752
N,Administracinė ir aptarnavimo veikla,77,Nuoma ir išperkamoji nuoma,773,"Kitų mašinų, įrangos ir materialiųjų vertybių nuoma ir išperkamoji nuoma",7733,"Įstaigos mašinų ir įrangos, įskaitant kompiuterius, nuoma ir išperkamoji nuoma",773330,Kasos aparatų nuoma,753
N,Administracinė ir aptarnavimo veikla,77,Nuoma ir išperkamoji nuoma,773,"Kitų mašinų, įrangos ir materialiųjų vertybių nuoma ir išperkamoji nuoma",7735,Oro transporto priemonių ir įrangos nuoma ir išperkamoji nuoma,773500,Oro transporto priemonių ir įrangos nuoma ir išperkamoji nuoma,754
N,Administracinė ir aptarnavimo veikla,77,Nuoma ir išperkamoji nuoma,773,"Kitų mašinų, įrangos ir materialiųjų vertybių nuoma ir išperkamoji nuoma",7739,"Kitų, niekur kitur nepriskirtų, mašinų, įrangos ir materialiųjų vertybių nuoma ir išperkamoji nuoma",773910,Geležinkelio transporto priemonių nuoma,755
N,Administracinė ir aptarnavimo veikla,77,Nuoma ir išperkamoji nuoma,773,"Kitų mašinų, įrangos ir materialiųjų vertybių nuoma ir išperkamoji nuoma",7739,"Kitų, niekur kitur nepriskirtų, mašinų, įrangos ir materialiųjų vertybių nuoma ir išperkamoji nuoma",773930,Automobilinių namelių nuoma,756
N,Administracinė ir aptarnavimo veikla,77,Nuoma ir išperkamoji nuoma,773,"Kitų mašinų, įrangos ir materialiųjų vertybių nuoma ir išperkamoji nuoma",7739,"Kitų, niekur kitur nepriskirtų, mašinų, įrangos ir materialiųjų vertybių nuoma ir išperkamoji nuoma",773960,Radijo ir televizijos įrenginių nuoma,757
N,Administracinė ir aptarnavimo veikla,78,Įdarbinimo veikla,782,Laikinojo įdarbinimo agentūrų veikla,7820,Laikinojo įdarbinimo agentūrų veikla,782000,Laikinojo įdarbinimo agentūrų veikla,758
N,Administracinė ir aptarnavimo veikla,78,Įdarbinimo veikla,783,Kitas darbo jėgos teikimas,7830,Kitas darbo jėgos teikimas,783000,Kitas darbo jėgos teikimas,759
N,Administracinė ir aptarnavimo veikla,80,Apsaugos ir tyrimo veikla,800,Apsaugos ir tyrimo veikla,8000,Apsaugos ir tyrimo veikla,800000,Apsaugos ir tyrimo veikla,760
N,Administracinė ir aptarnavimo veikla,80,Apsaugos ir tyrimo veikla,802,Apsaugos sistemų paslaugų veikla,8020,Apsaugos sistemų paslaugų veikla,802000,Apsaugos sistemų paslaugų veikla,761
N,Administracinė ir aptarnavimo veikla,81,Pastatų aptarnavimas ir kraštovaizdžio tvarkymas,811,Kombinuota patalpų funkcionavimo užtikrinimo veikla,8110,Kombinuota patalpų funkcionavimo užtikrinimo veikla,811000,Kombinuota patalpų funkcionavimo užtikrinimo veikla,762
N,Administracinė ir aptarnavimo veikla,81,Pastatų aptarnavimas ir kraštovaizdžio tvarkymas,812,Valymo veikla,8122,Kita pastatų ir pramoninio valymo veikla,812200,Kita pastatų ir pramoninio valymo veikla,763
N,Administracinė ir aptarnavimo veikla,81,Pastatų aptarnavimas ir kraštovaizdžio tvarkymas,812,Valymo veikla,8129,Kita valymo veikla,812900,Kita valymo veikla,764
N,Administracinė ir aptarnavimo veikla,82,"Administracinė veikla, įstaigų ir kitų verslo įmonių aptarnavimo veikla",822,Užsakomųjų informacinių paslaugų centrų veikla,8220,Užsakomųjų informacinių paslaugų centrų veikla,822000,Užsakomųjų informacinių paslaugų centrų veikla,765
N,Administracinė ir aptarnavimo veikla,82,"Administracinė veikla, įstaigų ir kitų verslo įmonių aptarnavimo veikla",829,Niekur kitur nepriskirta verslui būdingų paslaugų veikla,8299,"Kita, niekur kitur nepriskirta, verslui būdingų paslaugų veikla",829900,"Kita, niekur kitur nepriskirta, verslui būdingų paslaugų veikla",766
O,Viešasis valdymas ir gynyba; privalomasis socialinis draudimas,84,Viešasis valdymas ir gynyba; privalomasis socialinis draudimas,841,Valstybės valdymas ir bendroji ekonominė bei socialinė bendruomenės politika,8411,Bendroji viešojo valdymo veikla,841130,Lietuvos Respublikos seniūnijų veikla,767
O,Viešasis valdymas ir gynyba; privalomasis socialinis draudimas,84,Viešasis valdymas ir gynyba; privalomasis socialinis draudimas,842,Bendruomenei teikiamų paslaugų užtikrinimas,8423,Teisingumo ir teisminė veikla,842300,Teisingumo ir teisminė veikla,768
O,Viešasis valdymas ir gynyba; privalomasis socialinis draudimas,84,Viešasis valdymas ir gynyba; privalomasis socialinis draudimas,842,Bendruomenei teikiamų paslaugų užtikrinimas,8424,Viešosios tvarkos ir apsaugos veikla,842400,Viešosios tvarkos ir apsaugos veikla,769
P,Švietimas,85,Švietimas,851,Ikimokyklinis ugdymas,8510,Ikimokyklinis ugdymas,851000,Ikimokyklinis ugdymas,770
P,Švietimas,85,Švietimas,851,Ikimokyklinis ugdymas,8510,Ikimokyklinis ugdymas,851010,Ikimokyklinio amžiaus vaikų ugdymas,771
P,Švietimas,85,Švietimas,852,Pradinis ugdymas,8520,Pradinis ugdymas,852000,Pradinis ugdymas,772
P,Švietimas,85,Švietimas,853,Vidurinis ugdymas,8530,Vidurinis ugdymas,853000,Vidurinis ugdymas,773
P,Švietimas,85,Švietimas,853,Vidurinis ugdymas,8531,Bendrasis vidurinis ugdymas,853110,Pagrindinis ugdymas,774
P,Švietimas,85,Švietimas,854,Aukštasis mokslas,8541,Aukštojo mokslo laipsnio nesuteikiantis mokymas baigus vidurinę mokyklą,854100,Aukštojo mokslo laipsnio nesuteikiantis mokymas baigus vidurinę mokyklą,775
P,Švietimas,85,Švietimas,854,Aukštasis mokslas,8542,Aukštasis (tretinis) mokslas,854200,Aukštasis (tretinis) mokslas,776
P,Švietimas,85,Švietimas,854,Aukštasis mokslas,8542,Aukštasis (tretinis) mokslas,854230,Doktorantūra,777
P,Švietimas,85,Švietimas,855,Kitas mokymas,8553,Vairavimo mokyklų veikla,855300,Vairavimo mokyklų veikla,778
P,Švietimas,85,Švietimas,855,Kitas mokymas,8559,"Kitas, niekur kitur nepriskirtas, švietimas",855900,"Kitas, niekur kitur nepriskirtas, švietimas",779
Q,Žmonių sveikatos priežiūra ir socialinis darbas,86,Žmonių sveikatos priežiūros veikla,861,Ligoninių veikla,8610,Ligoninių veikla,861000,Ligoninių veikla,780
Q,Žmonių sveikatos priežiūra ir socialinis darbas,86,Žmonių sveikatos priežiūros veikla,861,Ligoninių veikla,8610,Ligoninių veikla,861040,Slaugos ligoninių veikla,781
Q,Žmonių sveikatos priežiūra ir socialinis darbas,86,Žmonių sveikatos priežiūros veikla,869,Kita žmonių sveikatos priežiūros veikla,8690,Kita žmonių sveikatos priežiūros veikla,869010,Viduriniojo medicinos personalo paslaugų teikiamas ligoniams ne ligoninėse,782
Q,Žmonių sveikatos priežiūra ir socialinis darbas,87,Kita stacionarinė globos veikla,871,Stacionarinė slaugos įstaigų veikla,8710,Stacionarinė slaugos įstaigų veikla,871000,Stacionarinė slaugos įstaigų veikla,783
Q,Žmonių sveikatos priežiūra ir socialinis darbas,88,Nesusijusio su apgyvendinimu socialinio darbo veikla,889,"Kita, nesusijusi su apgyvendinimu, socialinio darbo veikla",8890,"Kita, nesusijusi su apgyvendinimu, socialinio darbo veikla",889000,"Kita, nesusijusi su apgyvendinimu, socialinio darbo veikla",784
Q,Žmonių sveikatos priežiūra ir socialinis darbas,88,Nesusijusio su apgyvendinimu socialinio darbo veikla,889,"Kita, nesusijusi su apgyvendinimu, socialinio darbo veikla",8891,Vaikų dienos priežiūros veikla,889100,Vaikų dienos priežiūros veikla,785
R,"Meninė, pramoginė ir poilsio organizavimo veikla",91,"Bibliotekų, archyvų, muziejų ir kita kultūrinė veikla",910,"Bibliotekų, archyvų, muziejų ir kita kultūrinė veikla",9100,"Bibliotekų, archyvų, muziejų ir kita kultūrinė veikla",910000,"Bibliotekų, archyvų, muziejų ir kita kultūrinė veikla",786
R,"Meninė, pramoginė ir poilsio organizavimo veikla",91,"Bibliotekų, archyvų, muziejų ir kita kultūrinė veikla",910,"Bibliotekų, archyvų, muziejų ir kita kultūrinė veikla",9101,Bibliotekų ir archyvų veikla,910100,Bibliotekų ir archyvų veikla,787
R,"Meninė, pramoginė ir poilsio organizavimo veikla",91,"Bibliotekų, archyvų, muziejų ir kita kultūrinė veikla",910,"Bibliotekų, archyvų, muziejų ir kita kultūrinė veikla",9102,Muziejų veikla,910200,Muziejų veikla,788
R,"Meninė, pramoginė ir poilsio organizavimo veikla",91,"Bibliotekų, archyvų, muziejų ir kita kultūrinė veikla",910,"Bibliotekų, archyvų, muziejų ir kita kultūrinė veikla",9104,Botanikos ir zoologijos sodų bei gamtos rezervatų veikla,910430,Gamtos rezervatų ir draustinių veikla,789
R,"Meninė, pramoginė ir poilsio organizavimo veikla",92,Azartinių žaidimų ir lažybų organizavimo veikla,920,Azartinių žaidimų ir lažybų organizavimo veikla,9200,Azartinių žaidimų ir lažybų organizavimo veikla,920010,Loterijų organizavimo veikla,790
R,"Meninė, pramoginė ir poilsio organizavimo veikla",93,"Sportinė veikla, pramogų ir poilsio organizavimo veikla",931,Sportinė veikla,9312,Sporto klubų veikla,931200,Sporto klubų veikla,791
S,Kita aptarnavimo veikla,94,Narystės organizacijų veikla,941,"Verslininkų, darbdavių ir profesinių narystės organizacijų veikla",9410,"Verslininkų, darbdavių ir profesinių narystės organizacijų veikla",941000,"Verslininkų, darbdavių ir profesinių narystės organizacijų veikla",792
S,Kita aptarnavimo veikla,94,Narystės organizacijų veikla,941,"Verslininkų, darbdavių ir profesinių narystės organizacijų veikla",9412,Profesinių narystės organizacijų veikla,941200,Profesinių narystės organizacijų veikla,793
S,Kita aptarnavimo veikla,94,Narystės organizacijų veikla,949,Kitų narystės organizacijų veikla,9492,Politinių organizacijų veikla,949200,Politinių organizacijų veikla,794
S,Kita aptarnavimo veikla,95,Kompiuterių ir asmeninių bei namų ūkio reikmenų taisymas,952,Asmeninių ir namų ūkio reikmenų taisymas,9520,Asmeninių ir namų ūkio reikmenų taisymas,952000,Asmeninių ir namų ūkio reikmenų taisymas,795
S,Kita aptarnavimo veikla,95,Kompiuterių ir asmeninių bei namų ūkio reikmenų taisymas,952,Asmeninių ir namų ūkio reikmenų taisymas,9529,Kitų asmeninių ir namų ūkio reikmenų taisymas,952900,Kitų asmeninių ir namų ūkio reikmenų taisymas,796
S,Kita aptarnavimo veikla,96,Kita asmenų aptarnavimo veikla,960,Kita asmenų aptarnavimo veikla,9600,Kita asmenų aptarnavimo veikla,960000,Kita asmenų aptarnavimo veikla,797
S,Kita aptarnavimo veikla,96,Kita asmenų aptarnavimo veikla,960,Kita asmenų aptarnavimo veikla,9602,Kirpyklų ir kitų grožio salonų veikla,960200,Kirpyklų ir kitų grožio salonų veikla,798
S,Kita aptarnavimo veikla,96,Kita asmenų aptarnavimo veikla,960,Kita asmenų aptarnavimo veikla,9603,Laidotuvių ir su jomis susijusi veikla,960300,Laidotuvių ir su jomis susijusi veikla,799
T,"Namų ūkių, samdančių darbininkus, veikla; namų ūkių veikla, susijusi su savoms reikmėms tenkinti skirtų nediferencijuojamų gaminių gamyba ir paslaugų teikimu",98,"Privačių namų ūkių veikla, susijusi su savoms reikmėms tenkinti skirtų nediferencijuojamų gaminių gamyba ir paslaugų teikimu",982,"Privačių namų ūkių veikla, susijusi su savoms reikmėms tenkinti skirtų nediferencijuojamų paslaugų teikimu",9820,"Privačių namų ūkių veikla, susijusi su savoms reikmėms tenkinti skirtų nediferencijuojamų paslaugų teikimu",982000,"Privačių namų ūkių veikla, susijusi su savoms reikmėms tenkinti skirtų nediferencijuojamų paslaugų teikimu",800
A,"Žemės ūkis, miškininkystė ir žuvininkystė",01,"Augalininkystė ir gyvulininkystė, medžioklė ir susijusių paslaugų veikla",011,Vienmečių augalų auginimas,0111,"Grūdinių (išskyrus ryžius), ankštinių ir aliejingų sėklų augalų auginimas",011100,"Grūdinių (išskyrus ryžius), ankštinių ir aliejingų sėklų augalų auginimas",801
A,"Žemės ūkis, miškininkystė ir žuvininkystė",01,"Augalininkystė ir gyvulininkystė, medžioklė ir susijusių paslaugų veikla",011,Vienmečių augalų auginimas,0113,"Daržovių ir melionų, šakniavaisių ir gumbavaisių auginimas",011320,Cukrinių runkelių auginimas,802
A,"Žemės ūkis, miškininkystė ir žuvininkystė",01,"Augalininkystė ir gyvulininkystė, medžioklė ir susijusių paslaugų veikla",011,Vienmečių augalų auginimas,0113,"Daržovių ir melionų, šakniavaisių ir gumbavaisių auginimas",011330,Daržovių auginimas atvirame grunte,803
A,"Žemės ūkis, miškininkystė ir žuvininkystė",01,"Augalininkystė ir gyvulininkystė, medžioklė ir susijusių paslaugų veikla",011,Vienmečių augalų auginimas,0114,Cukranendrių auginimas,011400,Cukranendrių auginimas,804
A,"Žemės ūkis, miškininkystė ir žuvininkystė",01,"Augalininkystė ir gyvulininkystė, medžioklė ir susijusių paslaugų veikla",012,Daugiamečių augalų auginimas,0122,Tropinių ir subtropinių vaisių ir uogų auginimas,012200,Tropinių ir subtropinių vaisių ir uogų auginimas,805
A,"Žemės ūkis, miškininkystė ir žuvininkystė",01,"Augalininkystė ir gyvulininkystė, medžioklė ir susijusių paslaugų veikla",012,Daugiamečių augalų auginimas,0124,Sėklavaisių ir kaulavaisių auginimas,012400,Sėklavaisių ir kaulavaisių auginimas,806
A,"Žemės ūkis, miškininkystė ir žuvininkystė",01,"Augalininkystė ir gyvulininkystė, medžioklė ir susijusių paslaugų veikla",012,Daugiamečių augalų auginimas,0126,Aliejinių augalų vaisių ir uogų auginimas,012600,Aliejinių augalų vaisių ir uogų auginimas,807
A,"Žemės ūkis, miškininkystė ir žuvininkystė",01,"Augalininkystė ir gyvulininkystė, medžioklė ir susijusių paslaugų veikla",014,Gyvulininkystė,0140,Gyvulininkystė,014000,Gyvulininkystė,808
A,"Žemės ūkis, miškininkystė ir žuvininkystė",01,"Augalininkystė ir gyvulininkystė, medžioklė ir susijusių paslaugų veikla",014,Gyvulininkystė,0142,Kitų galvijų ir buivolų auginimas,014230,Veislinių bulių auginimas,809
A,"Žemės ūkis, miškininkystė ir žuvininkystė",01,"Augalininkystė ir gyvulininkystė, medžioklė ir susijusių paslaugų veikla",014,Gyvulininkystė,0143,Arklių ir kitų kanopinių gyvūnų auginimas,014300,Arklių ir kitų kanopinių gyvūnų auginimas,810
A,"Žemės ūkis, miškininkystė ir žuvininkystė",01,"Augalininkystė ir gyvulininkystė, medžioklė ir susijusių paslaugų veikla",014,Gyvulininkystė,0145,Avių ir ožkų auginimas,014500,Avių ir ožkų auginimas,811
A,"Žemės ūkis, miškininkystė ir žuvininkystė",01,"Augalininkystė ir gyvulininkystė, medžioklė ir susijusių paslaugų veikla",014,Gyvulininkystė,0146,Kiaulių auginimas,014600,Kiaulių auginimas,812
A,"Žemės ūkis, miškininkystė ir žuvininkystė",01,"Augalininkystė ir gyvulininkystė, medžioklė ir susijusių paslaugų veikla",014,Gyvulininkystė,0147,Naminių paukščių auginimas,014720,Veislinių naminių paukščių auginimas,813
A,"Žemės ūkis, miškininkystė ir žuvininkystė",01,"Augalininkystė ir gyvulininkystė, medžioklė ir susijusių paslaugų veikla",014,Gyvulininkystė,0149,Kitų gyvūnų auginimas,014930,Vynuoginių sraigių ir sliekų auginimas,814
A,"Žemės ūkis, miškininkystė ir žuvininkystė",01,"Augalininkystė ir gyvulininkystė, medžioklė ir susijusių paslaugų veikla",016,Žemės ūkiui būdingų paslaugų ir derliaus apdorojimo veikla,0161,Augalininkystei būdingų paslaugų veikla,016110,"Augalų apsaugos nuo ligų, kenkėjų ir piktžolių žemės ūkio paslaugų veikla",815
A,"Žemės ūkis, miškininkystė ir žuvininkystė",01,"Augalininkystė ir gyvulininkystė, medžioklė ir susijusių paslaugų veikla",016,Žemės ūkiui būdingų paslaugų ir derliaus apdorojimo veikla,0162,Gyvulininkystei būdingų paslaugų veikla,016210,Dirbtinio apsėklinimo veikla,816
A,"Žemės ūkis, miškininkystė ir žuvininkystė",01,"Augalininkystė ir gyvulininkystė, medžioklė ir susijusių paslaugų veikla",016,Žemės ūkiui būdingų paslaugų ir derliaus apdorojimo veikla,0163,Derliaus apdorojimo veikla,016300,Derliaus apdorojimo veikla,817
A,"Žemės ūkis, miškininkystė ir žuvininkystė",02,Miškininkystė ir medienos ruoša,022,Medienos ruoša,0220,Medienos ruoša,022000,Medienos ruoša,818
A,"Žemės ūkis, miškininkystė ir žuvininkystė",02,Miškininkystė ir medienos ruoša,023,Laukinių nemedieninių produktų rinkimas,0230,Laukinių nemedieninių medžių produktų rinkimas,023020,Riešutų ir miško uogų rinkimas,819
B,Kasyba ir karjerų eksploatavimas,05,Akmens anglių ir rusvųjų anglių kasyba,050,Akmens anglių ir rusvųjų anglių kasyba,0500,Akmens anglių ir rusvųjų anglių kasyba,050000,Akmens anglių ir rusvųjų anglių kasyba,820
B,Kasyba ir karjerų eksploatavimas,05,Akmens anglių ir rusvųjų anglių kasyba,052,Rusvųjų anglių kasyba,0520,Rusvųjų anglių kasyba,052000,Rusvųjų anglių kasyba,821
B,Kasyba ir karjerų eksploatavimas,06,Žalios naftos ir gamtinių dujų gavyba,060,Žalios naftos ir gamtinių dujų gavyba,0600,Žalios naftos ir gamtinių dujų gavyba,060000,Žalios naftos ir gamtinių dujų gavyba,822
B,Kasyba ir karjerų eksploatavimas,06,Žalios naftos ir gamtinių dujų gavyba,062,Gamtinių dujų gavyba,0620,Gamtinių dujų gavyba,062000,Gamtinių dujų gavyba,823
B,Kasyba ir karjerų eksploatavimas,07,Metalų rūdų kasyba,071,Geležies rūdų kasyba,0710,Geležies rūdų kasyba,071000,Geležies rūdų kasyba,824
B,Kasyba ir karjerų eksploatavimas,07,Metalų rūdų kasyba,072,Spalvotųjų metalų rūdų kasyba,0721,Urano ir torio rūdų kasyba,072100,Urano ir torio rūdų kasyba,825
B,Kasyba ir karjerų eksploatavimas,08,Kita kasyba ir karjerų eksploatavimas,089,Niekur kitur nepriskirta kasyba ir karjerų eksploatavimas,0891,Mineralinių iškasenų chemijos pramonei ir trąšoms gaminti kasyba,089100,Mineralinių iškasenų chemijos pramonei ir trąšoms gaminti kasyba,826
B,Kasyba ir karjerų eksploatavimas,08,Kita kasyba ir karjerų eksploatavimas,089,Niekur kitur nepriskirta kasyba ir karjerų eksploatavimas,0892,Durpių gavyba,089200,Durpių gavyba,827
B,Kasyba ir karjerų eksploatavimas,08,Kita kasyba ir karjerų eksploatavimas,089,Niekur kitur nepriskirta kasyba ir karjerų eksploatavimas,0899,"Kita, niekur kitur nepriskirta, kasyba ir karjerų eksploatavimas",089900,"Kita, niekur kitur nepriskirta, kasyba ir karjerų eksploatavimas",828
B,Kasyba ir karjerų eksploatavimas,09,Kasybai būdingų paslaugų veikla,090,Kasybai būdingų paslaugų veikla,0900,Kasybai būdingų paslaugų veikla,090000,Kasybai būdingų paslaugų veikla,829
C,Apdirbamoji gamyba,10,Maisto produktų gamyba,101,Mėsos perdirbimas ir konservavimas ir mėsos produktų gamyba,1010,Mėsos perdirbimas ir konservavimas ir mėsos produktų gamyba,101000,Mėsos perdirbimas ir konservavimas ir mėsos produktų gamyba,830
C,Apdirbamoji gamyba,10,Maisto produktų gamyba,101,Mėsos perdirbimas ir konservavimas ir mėsos produktų gamyba,1013,Mėsos ir paukštienos produktų gamyba,101300,Mėsos ir paukštienos produktų gamyba,831
C,Apdirbamoji gamyba,10,Maisto produktų gamyba,102,"Žuvų, vėžiagyvių ir moliuskų perdirbimas ir konservavimas",1020,"Žuvų, vėžiagyvių ir moliuskų perdirbimas ir konservavimas",102000,"Žuvų, vėžiagyvių ir moliuskų perdirbimas ir konservavimas",832
C,Apdirbamoji gamyba,10,Maisto produktų gamyba,103,Vaisių ir daržovių perdirbimas ir konservavimas,1031,Bulvių perdirbimas ir konservavimas,103110,Bulvių miltų gamyba,833
C,Apdirbamoji gamyba,10,Maisto produktų gamyba,105,Pieno produktų gamyba,1052,Valgomųjų ledų gamyba,105200,Valgomųjų ledų gamyba,834
C,Apdirbamoji gamyba,10,Maisto produktų gamyba,106,"Grūdų malimo produktų, krakmolo ir krakmolo produktų gamyba",1060,"Grūdų malimo produktų, krakmolo ir krakmolo produktų gamyba",106000,"Grūdų malimo produktų, krakmolo ir krakmolo produktų gamyba",835
C,Apdirbamoji gamyba,10,Maisto produktų gamyba,106,"Grūdų malimo produktų, krakmolo ir krakmolo produktų gamyba",1061,Grūdų malimo produktų gamyba,106110,Miltų gamyba,836
C,Apdirbamoji gamyba,10,Maisto produktų gamyba,106,"Grūdų malimo produktų, krakmolo ir krakmolo produktų gamyba",1062,Krakmolo ir krakmolo produktų gamyba,106200,Krakmolo ir krakmolo produktų gamyba,837
C,Apdirbamoji gamyba,10,Maisto produktų gamyba,107,Kepyklos ir miltinių produktų gamyba,1073,"Makaronų, vermišelių, kuskuso ir panašių miltinių produktų gamyba",107300,"Makaronų, vermišelių, kuskuso ir panašių miltinių produktų gamyba",838
C,Apdirbamoji gamyba,10,Maisto produktų gamyba,108,Kitų maisto produktų gamyba,1080,Kitų maisto produktų gamyba,108000,Kitų maisto produktų gamyba,839
C,Apdirbamoji gamyba,10,Maisto produktų gamyba,108,Kitų maisto produktų gamyba,1083,Arbatos ir kavos apdorojimas ir perdirbimas,108300,Arbatos ir kavos apdorojimas ir perdirbimas,840
C,Apdirbamoji gamyba,10,Maisto produktų gamyba,108,Kitų maisto produktų gamyba,1084,Užgardų ir pagardų gamyba,108400,Užgardų ir pagardų gamyba,841
C,Apdirbamoji gamyba,10,Maisto produktų gamyba,108,Kitų maisto produktų gamyba,1086,Homogenizuotų ir dietinių maisto produktų gamyba,108600,Homogenizuotų ir dietinių maisto produktų gamyba,842
C,Apdirbamoji gamyba,10,Maisto produktų gamyba,109,Paruoštų pašarų gyvuliams gamyba,1090,Paruoštų pašarų gyvuliams gamyba,109000,Paruoštų pašarų gyvuliams gamyba,843
C,Apdirbamoji gamyba,11,Gėrimų gamyba,110,Gėrimų gamyba,1107,"Nealkoholinių gėrimų gamyba; mineralinio ir kito, pilstomo į butelius, vandens gamyba",110710,Nealkoholinių gėrimų gamyba,844
C,Apdirbamoji gamyba,13,Tekstilės gaminių gamyba,132,Tekstilės audimas,1320,Tekstilės audimas,132020,Sintetinių audinių audimas,845
C,Apdirbamoji gamyba,13,Tekstilės gaminių gamyba,139,Kitų tekstilės gaminių ir dirbinių gamyba,1392,"Gatavų tekstilės dirbinių, išskyrus drabužius, gamyba",139200,"Gatavų tekstilės dirbinių, išskyrus drabužius, gamyba",846
C,Apdirbamoji gamyba,13,Tekstilės gaminių gamyba,139,Kitų tekstilės gaminių ir dirbinių gamyba,1394,"Virvių, lynų, virvelių ir tinklų gamyba",139400,"Virvių, lynų, virvelių ir tinklų gamyba",847
C,Apdirbamoji gamyba,14,Drabužių siuvimas (gamyba),140,Drabužių siuvimas (gamyba),1400,Drabužių siuvimas (gamyba),140000,Drabužių siuvimas (gamyba),848
C,Apdirbamoji gamyba,14,Drabužių siuvimas (gamyba),141,"Drabužių, išskyrus kailinius drabužius, siuvimas (gamyba)",1412,Darbo drabužių siuvimas,141200,Darbo drabužių siuvimas,849
C,Apdirbamoji gamyba,14,Drabužių siuvimas (gamyba),141,"Drabužių, išskyrus kailinius drabužius, siuvimas (gamyba)",1419,Kitų drabužių siuvimas ir drabužių priedų gamyba,141920,Sportinės aprangos siuvimas,850
C,Apdirbamoji gamyba,14,Drabužių siuvimas (gamyba),141,"Drabužių, išskyrus kailinius drabužius, siuvimas (gamyba)",1419,Kitų drabužių siuvimas ir drabužių priedų gamyba,141930,Kailinių kepurių ir kitų galvos apdangalų gamyba,851
C,Apdirbamoji gamyba,15,Odos ir odos dirbinių gamyba,151,"Odų rauginimas ir išdirbimas; lagaminų, rankinių, balno reikmenų ir pakinktų gamyba; kailių išdirbimas ir dažymas",1511,Odų rauginimas ir išdirbimas; kailių išdirbimas ir dažymas,151110,"Odų rauginimas, naudojant augalines medžiagas",852
C,Apdirbamoji gamyba,15,Odos ir odos dirbinių gamyba,151,"Odų rauginimas ir išdirbimas; lagaminų, rankinių, balno reikmenų ir pakinktų gamyba; kailių išdirbimas ir dažymas",1512,"Lagaminų, rankinių ir panašių reikmenų, balno reikmenų ir pakinktų gamyba",151200,"Lagaminų, rankinių ir panašių reikmenų, balno reikmenų ir pakinktų gamyba",853
C,Apdirbamoji gamyba,16,"Medienos bei medienos ir kamštienos gaminių, išskyrus baldus, gamyba; gaminių iš šiaudų ir pynimo medžiagų gamyba",161,Medienos pjaustymas ir obliavimas,1610,Medienos pjaustymas ir obliavimas,161000,Medienos pjaustymas ir obliavimas,854
C,Apdirbamoji gamyba,16,"Medienos bei medienos ir kamštienos gaminių, išskyrus baldus, gamyba; gaminių iš šiaudų ir pynimo medžiagų gamyba",162,"Gaminių ir dirbinių iš medienos, kamštienos, šiaudų ir pynimo medžiagų gamyba",1623,Kitų statybinių dailidžių ir stalių dirbinių gamyba,162300,Kitų statybinių dailidžių ir stalių dirbinių gamyba,855
C,Apdirbamoji gamyba,16,"Medienos bei medienos ir kamštienos gaminių, išskyrus baldus, gamyba; gaminių iš šiaudų ir pynimo medžiagų gamyba",162,"Gaminių ir dirbinių iš medienos, kamštienos, šiaudų ir pynimo medžiagų gamyba",1624,Medinės taros gamyba,162400,Medinės taros gamyba,856
C,Apdirbamoji gamyba,17,Popieriaus ir popieriaus gaminių gamyba,170,Popieriaus ir popieriaus gaminių gamyba,1700,Popieriaus ir popieriaus gaminių gamyba,170000,Popieriaus ir popieriaus gaminių gamyba,857
C,Apdirbamoji gamyba,17,Popieriaus ir popieriaus gaminių gamyba,172,Popieriaus ir kartoninių gaminių gamyba,1722,Buitinių ir higienos reikmenų bei tualeto reikmenų gamyba,172200,Buitinių ir higienos reikmenų bei tualeto reikmenų gamyba,858
C,Apdirbamoji gamyba,17,Popieriaus ir popieriaus gaminių gamyba,172,Popieriaus ir kartoninių gaminių gamyba,1723,Popierinių raštinės reikmenų gamyba,172320,Vokų ir atvirukų gamyba,859
C,Apdirbamoji gamyba,17,Popieriaus ir popieriaus gaminių gamyba,172,Popieriaus ir kartoninių gaminių gamyba,1724,Sienų apmušalų (tapetų) gamyba,172400,Sienų apmušalų (tapetų) gamyba,860
C,Apdirbamoji gamyba,17,Popieriaus ir popieriaus gaminių gamyba,172,Popieriaus ir kartoninių gaminių gamyba,1729,Kitų popierinių ir kartoninių gaminių gamyba,172910,Filtravimo popieriaus gamyba,861
C,Apdirbamoji gamyba,18,Spausdinimas ir įrašytų laikmenų tiražavimas,180,Spausdinimas ir įrašytų laikmenų tiražavimas,1800,Spausdinimas ir įrašytų laikmenų tiražavimas,180000,Spausdinimas ir įrašytų laikmenų tiražavimas,862
C,Apdirbamoji gamyba,18,Spausdinimas ir įrašytų laikmenų tiražavimas,181,Spausdinimas ir su spausdinimu susijusios paslaugos,1811,Laikraščių spausdinimas,181100,Laikraščių spausdinimas,863
C,Apdirbamoji gamyba,18,Spausdinimas ir įrašytų laikmenų tiražavimas,181,Spausdinimas ir su spausdinimu susijusios paslaugos,1813,Parengiamoji spausdinimo ir žiniasklaidos veikla,181300,Parengiamoji spausdinimo ir žiniasklaidos veikla,864
C,Apdirbamoji gamyba,18,Spausdinimas ir įrašytų laikmenų tiražavimas,182,Įrašytų laikmenų tiražavimas,1820,Įrašytų laikmenų tiražavimas,182000,Įrašytų laikmenų tiražavimas,865
C,Apdirbamoji gamyba,19,Kokso ir rafinuotų naftos produktų gamyba,191,Koksavimo krosnių produktų gamyba,1910,Koksavimo krosnių produktų gamyba,191000,Koksavimo krosnių produktų gamyba,866
C,Apdirbamoji gamyba,19,Kokso ir rafinuotų naftos produktų gamyba,192,Rafinuotų naftos produktų gamyba,1920,Rafinuotų naftos produktų gamyba,192040,Naftos bitumo gamyba,867
C,Apdirbamoji gamyba,20,Chemikalų ir chemijos produktų gamyba,200,Chemikalų ir chemijos produktų gamyba,2000,Chemikalų ir chemijos produktų gamyba,200000,Chemikalų ir chemijos produktų gamyba,868
C,Apdirbamoji gamyba,20,Chemikalų ir chemijos produktų gamyba,201,"Pagrindinių chemikalų, trąšų ir azoto junginių, pirminių plastikų ir pirminio sintetinio kaučiuko gamyba",2015,Trąšų ir azoto junginių gamyba,201520,Karbamido gamyba,869
C,Apdirbamoji gamyba,20,Chemikalų ir chemijos produktų gamyba,201,"Pagrindinių chemikalų, trąšų ir azoto junginių, pirminių plastikų ir pirminio sintetinio kaučiuko gamyba",2015,Trąšų ir azoto junginių gamyba,201530,Amoniako gamyba,870
C,Apdirbamoji gamyba,20,Chemikalų ir chemijos produktų gamyba,201,"Pagrindinių chemikalų, trąšų ir azoto junginių, pirminių plastikų ir pirminio sintetinio kaučiuko gamyba",2017,Pirminio sintetinio kaučiuko gamyba,201700,Pirminio sintetinio kaučiuko gamyba,871
C,Apdirbamoji gamyba,20,Chemikalų ir chemijos produktų gamyba,203,"Dažų, lakų ir panašių dangų medžiagų, spaustuvinių dažų ir mastikų gamyba",2030,"Dažų, lakų ir panašių dangų medžiagų, spaustuvinių dažų ir mastikų gamyba",203020,Organinių sudėtingų tirpiklių ir skiediklių gamyba,872
C,Apdirbamoji gamyba,20,Chemikalų ir chemijos produktų gamyba,204,"Muilo ir ploviklių, valiklių ir blizgiklių, kvepalų ir tualeto priemonių gamyba",2041,"Muilo ir ploviklių, valiklių ir blizgiklių gamyba",204100,"Muilo ir ploviklių, valiklių ir blizgiklių gamyba",873
C,Apdirbamoji gamyba,20,Chemikalų ir chemijos produktų gamyba,205,Kitų cheminių medžiagų gamyba,2059,"Kitų, niekur kitur nepriskirtų, cheminių medžiagų gamyba",205910,"Lydymo, litavimo ar suvirinimo miltelių ir pastų gamyba",874
C,Apdirbamoji gamyba,20,Chemikalų ir chemijos produktų gamyba,205,Kitų cheminių medžiagų gamyba,2059,"Kitų, niekur kitur nepriskirtų, cheminių medžiagų gamyba",205920,"Aktyvintų anglių, tepalų priedų, paruoštų kaučiuko vulkanizavimo greitiklių, katalizatorių gamyba",875
C,Apdirbamoji gamyba,21,Pagrindinių vaistų pramonės gaminių ir farmacinių preparatų gamyba,210,Pagrindinių vaistų pramonės gaminių ir farmacinių preparatų gamyba,2100,Pagrindinių vaistų pramonės gaminių ir farmacinių preparatų gamyba,210000,Pagrindinių vaistų pramonės gaminių ir farmacinių preparatų gamyba,876
C,Apdirbamoji gamyba,21,Pagrindinių vaistų pramonės gaminių ir farmacinių preparatų gamyba,211,Pagrindinių vaistų pramonės gaminių gamyba,2110,Pagrindinių vaistų pramonės gaminių gamyba,211000,Pagrindinių vaistų pramonės gaminių gamyba,877
C,Apdirbamoji gamyba,21,Pagrindinių vaistų pramonės gaminių ir farmacinių preparatų gamyba,212,Farmacinių preparatų gamyba,2120,Farmacinių preparatų gamyba,212010,Vaistų gamyba,878
C,Apdirbamoji gamyba,22,Guminių ir plastikinių gaminių gamyba,220,Guminių ir plastikinių gaminių gamyba,2200,Guminių ir plastikinių gaminių gamyba,220000,Guminių ir plastikinių gaminių gamyba,879
C,Apdirbamoji gamyba,22,Guminių ir plastikinių gaminių gamyba,222,Plastikinių gaminių gamyba,2223,Plastikinių statybos dirbinių gamyba,222300,Plastikinių statybos dirbinių gamyba,880
C,Apdirbamoji gamyba,23,Kitų nemetalo mineralinių produktų gamyba,231,Stiklo ir stiklo gaminių bei dirbinių gamyba,2311,Plokščiojo stiklo gamyba,231100,Plokščiojo stiklo gamyba,881
C,Apdirbamoji gamyba,23,Kitų nemetalo mineralinių produktų gamyba,231,Stiklo ir stiklo gaminių bei dirbinių gamyba,2313,Tuščiavidurio stiklo gamyba,231300,Tuščiavidurio stiklo gamyba,882
C,Apdirbamoji gamyba,23,Kitų nemetalo mineralinių produktų gamyba,233,Statybinių medžiagų iš molio gamyba,2330,Statybinių medžiagų iš molio gamyba,233000,Statybinių medžiagų iš molio gamyba,883
C,Apdirbamoji gamyba,23,Kitų nemetalo mineralinių produktų gamyba,233,Statybinių medžiagų iš molio gamyba,2331,Keraminių apdailos ir šaligatvio plytelių gamyba,233120,Keraminių grindinio dangų gamyba,884
C,Apdirbamoji gamyba,23,Kitų nemetalo mineralinių produktų gamyba,234,Kitų porcelianinių ir keraminių gaminių bei dirbinių gamyba,2343,Keraminių izoliatorių ir keraminių izoliacinių detalių gamyba,234300,Keraminių izoliatorių ir keraminių izoliacinių detalių gamyba,885
C,Apdirbamoji gamyba,23,Kitų nemetalo mineralinių produktų gamyba,234,Kitų porcelianinių ir keraminių gaminių bei dirbinių gamyba,2344,Kitų techninės paskirties keraminių gaminių ir dirbinių gamyba,234400,Kitų techninės paskirties keraminių gaminių ir dirbinių gamyba,886
C,Apdirbamoji gamyba,23,Kitų nemetalo mineralinių produktų gamyba,236,"Betono, cemento ir gipso gaminių bei dirbinių gamyba",2362,"Gipso gaminių, naudojamų statybinėms reikmėms, gamyba",236200,"Gipso gaminių, naudojamų statybinėms reikmėms, gamyba",887
C,Apdirbamoji gamyba,23,Kitų nemetalo mineralinių produktų gamyba,236,"Betono, cemento ir gipso gaminių bei dirbinių gamyba",2363,Prekinio betono mišinio gamyba,236300,Prekinio betono mišinio gamyba,888
C,Apdirbamoji gamyba,23,Kitų nemetalo mineralinių produktų gamyba,236,"Betono, cemento ir gipso gaminių bei dirbinių gamyba",2369,"Kitų betono, gipso ir cemento gaminių bei dirbinių gamyba",236900,"Kitų betono, gipso ir cemento gaminių bei dirbinių gamyba",889
C,Apdirbamoji gamyba,23,Kitų nemetalo mineralinių produktų gamyba,239,Abrazyvinių gaminių ir niekur kitur nepriskirtų nemetalo mineralinių produktų gamyba,2390,Abrazyvinių gaminių ir niekur kitur nepriskirtų nemetalo mineralinių produktų gamyba,239000,Abrazyvinių gaminių ir niekur kitur nepriskirtų nemetalo mineralinių produktų gamyba,890
C,Apdirbamoji gamyba,23,Kitų nemetalo mineralinių produktų gamyba,239,Abrazyvinių gaminių ir niekur kitur nepriskirtų nemetalo mineralinių produktų gamyba,2399,"Kitų, niekur kitur nepriskirtų, nemetalo mineralinių produktų gamyba",239900,"Kitų, niekur kitur nepriskirtų, nemetalo mineralinių produktų gamyba",891
C,Apdirbamoji gamyba,24,Pagrindinių metalų gamyba,243,Kitų plieno pirminio apdirbimo gaminių gamyba,2431,Šaltasis strypų tempimas,243100,Šaltasis strypų tempimas,892
C,Apdirbamoji gamyba,24,Pagrindinių metalų gamyba,244,Pagrindinių tauriųjų ir kitų spalvotųjų metalų gamyba,2444,Vario gamyba,244400,Vario gamyba,893
C,Apdirbamoji gamyba,24,Pagrindinių metalų gamyba,245,Metalų liejinių gamyba,2454,Kitų spalvotųjų metalų liejinių gamyba,245400,Kitų spalvotųjų metalų liejinių gamyba,894
C,Apdirbamoji gamyba,25,"Metalo gaminių, išskyrus mašinas ir įrenginius, gamyba",256,Metalų apdorojimas ir dengimas; mechaninis apdirbimas,2560,Metalų apdorojimas ir dengimas; mechaninis apdirbimas,256000,Metalų apdorojimas ir dengimas; mechaninis apdirbimas,895
C,Apdirbamoji gamyba,25,"Metalo gaminių, išskyrus mašinas ir įrenginius, gamyba",256,Metalų apdorojimas ir dengimas; mechaninis apdirbimas,2562,Mechaninis apdirbimas,256200,Mechaninis apdirbimas,896
C,Apdirbamoji gamyba,25,"Metalo gaminių, išskyrus mašinas ir įrenginius, gamyba",257,"Valgomųjų įrankių, kitų įrankių ir bendrųjų metalo dirbinių gamyba",2571,Valgomųjų ir kitų pjovimo įrankių gamyba,257100,Valgomųjų ir kitų pjovimo įrankių gamyba,897
C,Apdirbamoji gamyba,25,"Metalo gaminių, išskyrus mašinas ir įrenginius, gamyba",259,Kitų metalo gaminių gamyba,2592,Lengvųjų metalų taros gamyba,259200,Lengvųjų metalų taros gamyba,898
C,Apdirbamoji gamyba,26,"Kompiuterinių, elektroninių ir optinių gaminių gamyba",260,"Kompiuterinių, elektroninių ir optinių gaminių gamyba",2600,"Kompiuterinių, elektroninių ir optinių gaminių gamyba",260000,"Kompiuterinių, elektroninių ir optinių gaminių gamyba",899
C,Apdirbamoji gamyba,26,"Kompiuterinių, elektroninių ir optinių gaminių gamyba",261,Elektroninių komponentų ir plokščių gamyba,2611,Elektroninių komponentų gamyba,261100,Elektroninių komponentų gamyba,900
C,Apdirbamoji gamyba,26,"Kompiuterinių, elektroninių ir optinių gaminių gamyba",264,Vartotojiškos elektroninės įrangos gamyba,2640,Vartotojiškos elektroninės įrangos gamyba,264000,Vartotojiškos elektroninės įrangos gamyba,901
C,Apdirbamoji gamyba,26,"Kompiuterinių, elektroninių ir optinių gaminių gamyba",265,"Matavimo, bandymo, navigacinės ir kontrolės įrangos gamyba; įvairių tipų laikrodžių gamyba",2650,"Matavimo, bandymo, navigacinės ir kontrolės įrangos gamyba; įvairių tipų laikrodžių gamyba",265000,"Matavimo, bandymo, navigacinės ir kontrolės įrangos gamyba; įvairių tipų laikrodžių gamyba",902
C,Apdirbamoji gamyba,26,"Kompiuterinių, elektroninių ir optinių gaminių gamyba",265,"Matavimo, bandymo, navigacinės ir kontrolės įrangos gamyba; įvairių tipų laikrodžių gamyba",2651,"Matavimo, bandymo, navigacinės ir kontrolės įrangos prietaisų ir aparatų gamyba",265110,Elektros skaitiklių gamyba,903
C,Apdirbamoji gamyba,26,"Kompiuterinių, elektroninių ir optinių gaminių gamyba",265,"Matavimo, bandymo, navigacinės ir kontrolės įrangos gamyba; įvairių tipų laikrodžių gamyba",2651,"Matavimo, bandymo, navigacinės ir kontrolės įrangos prietaisų ir aparatų gamyba",265120,Vandens skaitiklių gamyba,904
C,Apdirbamoji gamyba,26,"Kompiuterinių, elektroninių ir optinių gaminių gamyba",265,"Matavimo, bandymo, navigacinės ir kontrolės įrangos gamyba; įvairių tipų laikrodžių gamyba",2651,"Matavimo, bandymo, navigacinės ir kontrolės įrangos prietaisų ir aparatų gamyba",265130,Dujų skaitiklių gamyba,905
C,Apdirbamoji gamyba,26,"Kompiuterinių, elektroninių ir optinių gaminių gamyba",267,Optinių prietaisų ir fotografijos įrangos gamyba,2670,Optinių prietaisų ir fotografijos įrangos gamyba,267000,Optinių prietaisų ir fotografijos įrangos gamyba,906
C,Apdirbamoji gamyba,26,"Kompiuterinių, elektroninių ir optinių gaminių gamyba",268,Magnetinių ir optinių laikmenų gamyba,2680,Magnetinių ir optinių laikmenų gamyba,268000,Magnetinių ir optinių laikmenų gamyba,907
C,Apdirbamoji gamyba,27,Elektros įrangos gamyba,272,Baterijų ir akumuliatorių gamyba,2720,Baterijų ir akumuliatorių gamyba,272000,Baterijų ir akumuliatorių gamyba,908
C,Apdirbamoji gamyba,27,Elektros įrangos gamyba,273,Laidų ir instaliacijos įtaisų gamyba,2730,Laidų ir instaliacijos įtaisų gamyba,273000,Laidų ir instaliacijos įtaisų gamyba,909
C,Apdirbamoji gamyba,27,Elektros įrangos gamyba,274,Elektros apšvietimo įrangos gamyba,2740,Elektros apšvietimo įrangos gamyba,274000,Elektros apšvietimo įrangos gamyba,910
C,Apdirbamoji gamyba,27,Elektros įrangos gamyba,279,Kitos elektros įrangos gamyba,2790,Kitos elektros įrangos gamyba,279000,Kitos elektros įrangos gamyba,911
C,Apdirbamoji gamyba,28,Niekur kitur nepriskirtų mašinų ir įrangos gamyba,281,Bendrosios paskirties mašinų gamyba,2810,Bendrosios paskirties mašinų gamyba,281000,Bendrosios paskirties mašinų gamyba,912
C,Apdirbamoji gamyba,28,Niekur kitur nepriskirtų mašinų ir įrangos gamyba,281,Bendrosios paskirties mašinų gamyba,2811,"Variklių ir turbinų, išskyrus orlaivių, transporto priemonių ir motociklų variklius, gamyba",281100,"Variklių ir turbinų, išskyrus orlaivių, transporto priemonių ir motociklų variklius, gamyba",913
C,Apdirbamoji gamyba,28,Niekur kitur nepriskirtų mašinų ir įrangos gamyba,281,Bendrosios paskirties mašinų gamyba,2812,Hidraulinės energijos įrangos gamyba,281200,Hidraulinės energijos įrangos gamyba,914
C,Apdirbamoji gamyba,28,Niekur kitur nepriskirtų mašinų ir įrangos gamyba,282,Kitų bendrosios paskirties mašinų ir įrangos gamyba,2822,Kėlimo ir krovimo įrangos gamyba,282200,Kėlimo ir krovimo įrangos gamyba,915
C,Apdirbamoji gamyba,28,Niekur kitur nepriskirtų mašinų ir įrangos gamyba,283,Žemės ir miškų ūkio mašinų gamyba,2830,Žemės ir miškų ūkio mašinų gamyba,283000,Žemės ir miškų ūkio mašinų gamyba,916
C,Apdirbamoji gamyba,28,Niekur kitur nepriskirtų mašinų ir įrangos gamyba,289,Kitų specialiosios paskirties mašinų gamyba,2895,Popieriaus ir kartono gamybos mašinų gamyba,289500,Popieriaus ir kartono gamybos mašinų gamyba,917
C,Apdirbamoji gamyba,29,"Variklinių transporto priemonių, priekabų ir puspriekabių gamyba",293,Variklinių transporto priemonių dalių ir pagalbinių reikmenų gamyba,2930,Variklinių transporto priemonių dalių ir pagalbinių reikmenų gamyba,293000,Variklinių transporto priemonių dalių ir pagalbinių reikmenų gamyba,918
C,Apdirbamoji gamyba,29,"Variklinių transporto priemonių, priekabų ir puspriekabių gamyba",293,Variklinių transporto priemonių dalių ir pagalbinių reikmenų gamyba,2931,Variklinių transporto priemonių elektros ir elektroninės įrangos gamyba,293100,Variklinių transporto priemonių elektros ir elektroninės įrangos gamyba,919
C,Apdirbamoji gamyba,30,Kitų transporto priemonių ir įrangos gamyba,304,Karinių kovinių transporto priemonių gamyba,3040,Karinių kovinių transporto priemonių gamyba,304000,Karinių kovinių transporto priemonių gamyba,920
C,Apdirbamoji gamyba,30,Kitų transporto priemonių ir įrangos gamyba,309,Niekur kitur nepriskirtų transporto priemonių gamyba,3091,Motociklų gamyba,309100,Motociklų gamyba,921
C,Apdirbamoji gamyba,31,Baldų gamyba,310,Baldų gamyba,3101,Įstaigos ir prekybos įmonių (parduotuvių) baldų gamyba,310100,Įstaigos ir prekybos įmonių (parduotuvių) baldų gamyba,922
C,Apdirbamoji gamyba,31,Baldų gamyba,310,Baldų gamyba,3103,Čiužinių gamyba,310300,Čiužinių gamyba,923
C,Apdirbamoji gamyba,32,Kita gamyba,324,Žaidimų ir žaislų gamyba,3240,Žaidimų ir žaislų gamyba,324060,Plastikinių triračių ir kitų žaislų su ratukais gamyba,924
C,Apdirbamoji gamyba,32,Kita gamyba,329,Niekur kitur nepriskirta gamyba,3290,Niekur kitur nepriskirta gamyba,329000,Niekur kitur nepriskirta gamyba,925
C,Apdirbamoji gamyba,33,Mašinų ir įrangos remontas ir įrengimas,331,"Metalo gaminių, mašinų ir įrangos remontas",3311,Metalo gaminių remontas,331100,Metalo gaminių remontas,926
C,Apdirbamoji gamyba,33,Mašinų ir įrangos remontas ir įrengimas,331,"Metalo gaminių, mašinų ir įrangos remontas",3312,Mašinų remontas,331200,Mašinų remontas,927
C,Apdirbamoji gamyba,33,Mašinų ir įrangos remontas ir įrengimas,331,"Metalo gaminių, mašinų ir įrangos remontas",3313,Elektroninės ir optinės įrangos remontas,331300,Elektroninės ir optinės įrangos remontas,928
C,Apdirbamoji gamyba,33,Mašinų ir įrangos remontas ir įrengimas,331,"Metalo gaminių, mašinų ir įrangos remontas",3315,Įvairių tipų laivų remontas ir techninė priežiūra,331500,Įvairių tipų laivų remontas ir techninė priežiūra,929
C,Apdirbamoji gamyba,33,Mašinų ir įrangos remontas ir įrengimas,331,"Metalo gaminių, mašinų ir įrangos remontas",3319,Kitos įrangos remontas,331900,Kitos įrangos remontas,930
D,"Elektros, dujų, garo tiekimas ir oro kondicionavimas",35,"Elektros, dujų, garo tiekimas ir oro kondicionavimas",351,"Elektros energijos gamyba, perdavimas ir paskirstymas",3510,"Elektros energijos gamyba, perdavimas ir paskirstymas",351000,"Elektros energijos gamyba, perdavimas ir paskirstymas",931
D,"Elektros, dujų, garo tiekimas ir oro kondicionavimas",35,"Elektros, dujų, garo tiekimas ir oro kondicionavimas",353,Garo tiekimas ir oro kondicionavimas,3530,Garo tiekimas ir oro kondicionavimas,353020,Karšto vandens tiekimas,932
E,"Vandens tiekimas nuotekų valymas, atliekų tvarkymas ir regeneravimas",38,"Atliekų surinkimas, tvarkymas ir šalinimas; medžiagų atgavimas",382,Atliekų tvarkymas ir šalinimas,3820,Atliekų tvarkymas ir šalinimas,382000,Atliekų tvarkymas ir šalinimas,933
F,Statyba,42,Inžinerinių statinių statyba,421,Kelių ir geležinkelių tiesimas,4211,Kelių ir automagistralių tiesimas,421110,Kelio dangos ir stovėjimo aikštelių ženklinimas,934
F,Statyba,42,Inžinerinių statinių statyba,429,Kitų inžinerinių statinių statyba,4291,Vandens statinių statyba,429100,Vandens statinių statyba,935
F,Statyba,43,Specializuota statybos veikla,431,Statinių nugriovimas ir statybvietės paruošimas,4312,Statybvietės paruošimas,431200,Statybvietės paruošimas,936
F,Statyba,43,Specializuota statybos veikla,432,"Elektros, vandentiekio ir kitos įrangos įrengimas",4320,"Elektros, vandentiekio ir kitos įrangos įrengimas",432000,"Elektros, vandentiekio ir kitos įrangos įrengimas",937
F,Statyba,43,Specializuota statybos veikla,432,"Elektros, vandentiekio ir kitos įrangos įrengimas",4321,Elektros sistemų įrengimas,432100,Elektros sistemų įrengimas,938
F,Statyba,43,Specializuota statybos veikla,432,"Elektros, vandentiekio ir kitos įrangos įrengimas",4321,Elektros sistemų įrengimas,432130,"Antenų, ryšio sistemų įrengimas",939
F,Statyba,43,Specializuota statybos veikla,432,"Elektros, vandentiekio ir kitos įrangos įrengimas",4329,Kitos įrangos įrengimas,432900,Kitos įrangos įrengimas,940
F,Statyba,43,Specializuota statybos veikla,433,Statybos baigimas ir apdaila,4333,Grindų ir sienų dengimas,433300,Grindų ir sienų dengimas,941
G,Didmeninė ir mažmeninė prekyba; variklinių transporto priemonių ir motociklų remontas,45,Variklinių transporto priemonių ir motociklų didmeninė ir mažmeninė prekyba bei remontas,451,Variklinių transporto priemonių pardavimas,4510,Variklinių transporto priemonių pardavimas,451000,Variklinių transporto priemonių pardavimas,942
G,Didmeninė ir mažmeninė prekyba; variklinių transporto priemonių ir motociklų remontas,45,Variklinių transporto priemonių ir motociklų didmeninė ir mažmeninė prekyba bei remontas,451,Variklinių transporto priemonių pardavimas,4511,Automobilių ir lengvųjų variklinių transporto priemonių pardavimas,451100,Automobilių ir lengvųjų variklinių transporto priemonių pardavimas,943
H,Transportas ir saugojimas,49,Sausumos transportas ir transportavimas vamzdynais,494,Krovininis kelių transportas ir perkraustymo veikla,4941,Krovininis kelių transportas,494100,Krovininis kelių transportas,944
H,Transportas ir saugojimas,50,Vandens transportas,500,Vandens transportas,5000,Vandens transportas,500000,Vandens transportas,945
G,Didmeninė ir mažmeninė prekyba; variklinių transporto priemonių ir motociklų remontas,45,Variklinių transporto priemonių ir motociklų didmeninė ir mažmeninė prekyba bei remontas,453,Variklinių transporto priemonių atsarginių dalių ir pagalbinių reikmenų pardavimas,4531,Variklinių transporto priemonių atsarginių dalių ir pagalbinių reikmenų didmeninė prekyba,453100,Variklinių transporto priemonių atsarginių dalių ir pagalbinių reikmenų didmeninė prekyba,946
G,Didmeninė ir mažmeninė prekyba; variklinių transporto priemonių ir motociklų remontas,46,"Didmeninė prekyba, išskyrus prekybą variklinėmis transporto priemonėmis ir motociklais",461,Didmeninė prekyba už atlygį ar pagal sutartį,4610,Didmeninė prekyba už atlygį ar pagal sutartį,461000,Didmeninė prekyba už atlygį ar pagal sutartį,947
G,Didmeninė ir mažmeninė prekyba; variklinių transporto priemonių ir motociklų remontas,46,"Didmeninė prekyba, išskyrus prekybą variklinėmis transporto priemonėmis ir motociklais",461,Didmeninė prekyba už atlygį ar pagal sutartį,4612,"Degalų, rūdų, metalų ir pramoninių cheminių preparatų pardavimo agentų veikla",461200,"Degalų, rūdų, metalų ir pramoninių cheminių preparatų pardavimo agentų veikla",948
G,Didmeninė ir mažmeninė prekyba; variklinių transporto priemonių ir motociklų remontas,46,"Didmeninė prekyba, išskyrus prekybą variklinėmis transporto priemonėmis ir motociklais",461,Didmeninė prekyba už atlygį ar pagal sutartį,4619,Įvairių prekių pardavimo agentų veikla,461900,Įvairių prekių pardavimo agentų veikla,949
G,Didmeninė ir mažmeninė prekyba; variklinių transporto priemonių ir motociklų remontas,46,"Didmeninė prekyba, išskyrus prekybą variklinėmis transporto priemonėmis ir motociklais",462,Žemės ūkio žaliavų ir gyvų gyvulių didmeninė prekyba,4620,Žemės ūkio žaliavų ir gyvų gyvulių didmeninė prekyba,462000,Žemės ūkio žaliavų ir gyvų gyvulių didmeninė prekyba,950
G,Didmeninė ir mažmeninė prekyba; variklinių transporto priemonių ir motociklų remontas,46,"Didmeninė prekyba, išskyrus prekybą variklinėmis transporto priemonėmis ir motociklais",463,"Maisto produktų, gėrimų, tabako ir jo gaminių didmeninė prekyba",4631,"Vaisių, uogų ir daržovių didmeninė prekyba",463100,"Vaisių, uogų ir daržovių didmeninė prekyba",951
G,Didmeninė ir mažmeninė prekyba; variklinių transporto priemonių ir motociklų remontas,46,"Didmeninė prekyba, išskyrus prekybą variklinėmis transporto priemonėmis ir motociklais",463,"Maisto produktų, gėrimų, tabako ir jo gaminių didmeninė prekyba",4633,"Pieno produktų, kiaušinių bei valgomųjų aliejaus ir riebalų didmeninė prekyba",463300,"Pieno produktų, kiaušinių bei valgomųjų aliejaus ir riebalų didmeninė prekyba",952
G,Didmeninė ir mažmeninė prekyba; variklinių transporto priemonių ir motociklų remontas,46,"Didmeninė prekyba, išskyrus prekybą variklinėmis transporto priemonėmis ir motociklais",463,"Maisto produktų, gėrimų, tabako ir jo gaminių didmeninė prekyba",4634,Gėrimų didmeninė prekyba,463410,Alkoholinių gėrimų didmeninė prekyba,953
G,Didmeninė ir mažmeninė prekyba; variklinių transporto priemonių ir motociklų remontas,46,"Didmeninė prekyba, išskyrus prekybą variklinėmis transporto priemonėmis ir motociklais",463,"Maisto produktų, gėrimų, tabako ir jo gaminių didmeninė prekyba",4634,Gėrimų didmeninė prekyba,463420,Nealkoholinių gėrimų didmeninė prekyba,954
G,Didmeninė ir mažmeninė prekyba; variklinių transporto priemonių ir motociklų remontas,46,"Didmeninė prekyba, išskyrus prekybą variklinėmis transporto priemonėmis ir motociklais",464,Namų ūkio reikmenų didmeninė prekyba,4642,Drabužių ir avalynės didmeninė prekyba,464210,Guminės avalynės didmeninė prekyba,955
G,Didmeninė ir mažmeninė prekyba; variklinių transporto priemonių ir motociklų remontas,46,"Didmeninė prekyba, išskyrus prekybą variklinėmis transporto priemonėmis ir motociklais",464,Namų ūkio reikmenų didmeninė prekyba,4644,Porceliano ir stiklo dirbinių bei valymo priemonių didmeninė prekyba,464400,Porceliano ir stiklo dirbinių bei valymo priemonių didmeninė prekyba,956
G,Didmeninė ir mažmeninė prekyba; variklinių transporto priemonių ir motociklų remontas,46,"Didmeninė prekyba, išskyrus prekybą variklinėmis transporto priemonėmis ir motociklais",464,Namų ūkio reikmenų didmeninė prekyba,4645,Kvepalų ir kosmetikos priemonių didmeninė prekyba,464500,Kvepalų ir kosmetikos priemonių didmeninė prekyba,957
G,Didmeninė ir mažmeninė prekyba; variklinių transporto priemonių ir motociklų remontas,46,"Didmeninė prekyba, išskyrus prekybą variklinėmis transporto priemonėmis ir motociklais",464,Namų ūkio reikmenų didmeninė prekyba,4648,"Laikrodžių, papuošalų ir juvelyrinių dirbinių didmeninė prekyba",464800,"Laikrodžių, papuošalų ir juvelyrinių dirbinių didmeninė prekyba",958
G,Didmeninė ir mažmeninė prekyba; variklinių transporto priemonių ir motociklų remontas,46,"Didmeninė prekyba, išskyrus prekybą variklinėmis transporto priemonėmis ir motociklais",467,Kita specializuota didmeninė prekyba,4671,"Kietojo, skystojo ir dujinio kuro bei priedų didmeninė prekyba",467110,Kietojo kuro didmeninė prekyba,959
G,Didmeninė ir mažmeninė prekyba; variklinių transporto priemonių ir motociklų remontas,46,"Didmeninė prekyba, išskyrus prekybą variklinėmis transporto priemonėmis ir motociklais",467,Kita specializuota didmeninė prekyba,4671,"Kietojo, skystojo ir dujinio kuro bei priedų didmeninė prekyba",467140,Dyzelinio kuro didmeninė prekyba,960
G,Didmeninė ir mažmeninė prekyba; variklinių transporto priemonių ir motociklų remontas,46,"Didmeninė prekyba, išskyrus prekybą variklinėmis transporto priemonėmis ir motociklais",467,Kita specializuota didmeninė prekyba,4673,"Medienos, statybinių medžiagų ir sanitarinių įrenginių didmeninė prekyba",467300,"Medienos, statybinių medžiagų ir sanitarinių įrenginių didmeninė prekyba",961
G,Didmeninė ir mažmeninė prekyba; variklinių transporto priemonių ir motociklų remontas,46,"Didmeninė prekyba, išskyrus prekybą variklinėmis transporto priemonėmis ir motociklais",467,Kita specializuota didmeninė prekyba,4674,"Metalinių dirbinių, vandentiekio ir šildymo įrangos bei reikmenų didmeninė prekyba",467430,Šildymo įrangos didmeninė prekyba,962
G,Didmeninė ir mažmeninė prekyba; variklinių transporto priemonių ir motociklų remontas,46,"Didmeninė prekyba, išskyrus prekybą variklinėmis transporto priemonėmis ir motociklais",467,Kita specializuota didmeninė prekyba,4675,Chemijos produktų didmeninė prekyba,467520,Ne vaistinės paskirties stipriai veikiančiųjų ir nuodingųjų medžiagų didmeninė prekyba,963
G,Didmeninė ir mažmeninė prekyba; variklinių transporto priemonių ir motociklų remontas,47,"Mažmeninė prekyba, išskyrus variklinių transporto priemonių ir motociklų prekybą",471,Mažmeninė prekyba nespecializuotose parduotuvėse,4710,Mažmeninė prekyba nespecializuotose parduotuvėse,471000,Mažmeninė prekyba nespecializuotose parduotuvėse,964
H,Transportas ir saugojimas,50,Vandens transportas,503,Vidaus vandenų keleivinis transportas,5030,Vidaus vandenų keleivinis transportas,503000,Vidaus vandenų keleivinis transportas,965
H,Transportas ir saugojimas,51,Oro transportas,512,Krovininis oro transportas ir kosminis transportas,5121,Krovininis oro transportas,512100,Krovininis oro transportas,966
G,Didmeninė ir mažmeninė prekyba; variklinių transporto priemonių ir motociklų remontas,47,"Mažmeninė prekyba, išskyrus variklinių transporto priemonių ir motociklų prekybą",471,Mažmeninė prekyba nespecializuotose parduotuvėse,4711,"Mažmeninė prekyba nespecializuotose parduotuvėse, kuriose vyrauja maistas, gėrimai ir tabakas",471100,"Mažmeninė prekyba nespecializuotose parduotuvėse, kuriose vyrauja maistas, gėrimai ir tabakas",967
G,Didmeninė ir mažmeninė prekyba; variklinių transporto priemonių ir motociklų remontas,47,"Mažmeninė prekyba, išskyrus variklinių transporto priemonių ir motociklų prekybą",472,"Maisto, gėrimų ir tabako mažmeninė prekyba specializuotose parduotuvėse",4720,"Maisto, gėrimų ir tabako mažmeninė prekyba specializuotose parduotuvėse",472000,"Maisto, gėrimų ir tabako mažmeninė prekyba specializuotose parduotuvėse",968
G,Didmeninė ir mažmeninė prekyba; variklinių transporto priemonių ir motociklų remontas,47,"Mažmeninė prekyba, išskyrus variklinių transporto priemonių ir motociklų prekybą",472,"Maisto, gėrimų ir tabako mažmeninė prekyba specializuotose parduotuvėse",4722,Mėsos ir mėsos produktų mažmeninė prekyba specializuotose parduotuvėse,472200,Mėsos ir mėsos produktų mažmeninė prekyba specializuotose parduotuvėse,969
G,Didmeninė ir mažmeninė prekyba; variklinių transporto priemonių ir motociklų remontas,47,"Mažmeninė prekyba, išskyrus variklinių transporto priemonių ir motociklų prekybą",472,"Maisto, gėrimų ir tabako mažmeninė prekyba specializuotose parduotuvėse",4724,"Duonos, bandelių, konditerijos gaminių ir cukraus saldumynų mažmeninė prekyba specializuotose parduotuvėse",472400,"Duonos, bandelių, konditerijos gaminių ir cukraus saldumynų mažmeninė prekyba specializuotose parduotuvėse",970
G,Didmeninė ir mažmeninė prekyba; variklinių transporto priemonių ir motociklų remontas,47,"Mažmeninė prekyba, išskyrus variklinių transporto priemonių ir motociklų prekybą",472,"Maisto, gėrimų ir tabako mažmeninė prekyba specializuotose parduotuvėse",4725,Gėrimų mažmeninė prekyba specializuotose parduotuvėse,472500,Gėrimų mažmeninė prekyba specializuotose parduotuvėse,971
G,Didmeninė ir mažmeninė prekyba; variklinių transporto priemonių ir motociklų remontas,47,"Mažmeninė prekyba, išskyrus variklinių transporto priemonių ir motociklų prekybą",472,"Maisto, gėrimų ir tabako mažmeninė prekyba specializuotose parduotuvėse",4726,Tabako gaminių mažmeninė prekyba specializuotose parduotuvėse,472600,Tabako gaminių mažmeninė prekyba specializuotose parduotuvėse,972
G,Didmeninė ir mažmeninė prekyba; variklinių transporto priemonių ir motociklų remontas,47,"Mažmeninė prekyba, išskyrus variklinių transporto priemonių ir motociklų prekybą",474,Informacijos ir ryšių technologijų (IRT) įrangos mažmeninė prekyba specializuotose parduotuvėse,4742,Telekomunikacijų įrangos mažmeninė prekyba specializuotose parduotuvėse,474200,Telekomunikacijų įrangos mažmeninė prekyba specializuotose parduotuvėse,973
G,Didmeninė ir mažmeninė prekyba; variklinių transporto priemonių ir motociklų remontas,47,"Mažmeninė prekyba, išskyrus variklinių transporto priemonių ir motociklų prekybą",475,Kitos namų ūkio įrangos mažmeninė prekyba specializuotose parduotuvėse,4752,"Metalo dirbinių, dažų ir stiklo mažmeninė prekyba specializuotose parduotuvėse",475210,"Dažų, lakų ir politūrų mažmeninė prekyba",974
G,Didmeninė ir mažmeninė prekyba; variklinių transporto priemonių ir motociklų remontas,47,"Mažmeninė prekyba, išskyrus variklinių transporto priemonių ir motociklų prekybą",475,Kitos namų ūkio įrangos mažmeninė prekyba specializuotose parduotuvėse,4753,"Kilimų, kilimėlių, sienų ir grindų dangų mažmeninė prekyba specializuotose parduotuvėse",475300,"Kilimų, kilimėlių, sienų ir grindų dangų mažmeninė prekyba specializuotose parduotuvėse",975
G,Didmeninė ir mažmeninė prekyba; variklinių transporto priemonių ir motociklų remontas,47,"Mažmeninė prekyba, išskyrus variklinių transporto priemonių ir motociklų prekybą",476,Kultūros ir poilsio prekių mažmeninė prekyba specializuotose parduotuvėse,4763,Muzikos ir vaizdo įrašų mažmeninė prekyba specializuotose parduotuvėse,476300,Muzikos ir vaizdo įrašų mažmeninė prekyba specializuotose parduotuvėse,976
G,Didmeninė ir mažmeninė prekyba; variklinių transporto priemonių ir motociklų remontas,47,"Mažmeninė prekyba, išskyrus variklinių transporto priemonių ir motociklų prekybą",477,Kitų prekių mažmeninė prekyba specializuotose parduotuvėse,4774,Medicinos ir ortopedinių prekių mažmeninė prekyba specializuotose parduotuvėse,477400,Medicinos ir ortopedinių prekių mažmeninė prekyba specializuotose parduotuvėse,977
G,Didmeninė ir mažmeninė prekyba; variklinių transporto priemonių ir motociklų remontas,47,"Mažmeninė prekyba, išskyrus variklinių transporto priemonių ir motociklų prekybą",477,Kitų prekių mažmeninė prekyba specializuotose parduotuvėse,4778,Kita naujų prekių mažmeninė prekyba specializuotose parduotuvėse,477810,"Suvenyrų, meno dirbinių ir religinių reikmenų specializuota mažmeninė prekyba",978
G,Didmeninė ir mažmeninė prekyba; variklinių transporto priemonių ir motociklų remontas,47,"Mažmeninė prekyba, išskyrus variklinių transporto priemonių ir motociklų prekybą",477,Kitų prekių mažmeninė prekyba specializuotose parduotuvėse,4778,Kita naujų prekių mažmeninė prekyba specializuotose parduotuvėse,477890,Kita specializuota mažmeninė prekyba,979
G,Didmeninė ir mažmeninė prekyba; variklinių transporto priemonių ir motociklų remontas,47,"Mažmeninė prekyba, išskyrus variklinių transporto priemonių ir motociklų prekybą",479,"Mažmeninė prekyba ne parduotuvėse, kioskuose ar prekyvietėse",4791,Užsakomasis pardavimas paštu arba internetu,479100,Užsakomasis pardavimas paštu arba internetu,980
G,Didmeninė ir mažmeninė prekyba; variklinių transporto priemonių ir motociklų remontas,47,"Mažmeninė prekyba, išskyrus variklinių transporto priemonių ir motociklų prekybą",479,"Mažmeninė prekyba ne parduotuvėse, kioskuose ar prekyvietėse",4799,"Kita mažmeninė prekyba ne parduotuvėse, kioskuose ar prekyvietėse",479900,"Kita mažmeninė prekyba ne parduotuvėse, kioskuose ar prekyvietėse",981
H,Transportas ir saugojimas,49,Sausumos transportas ir transportavimas vamzdynais,492,Krovininis geležinkelio transportas,4920,Krovininis geležinkelio transportas,492000,Krovininis geležinkelio transportas,982
H,Transportas ir saugojimas,49,Sausumos transportas ir transportavimas vamzdynais,493,Kitas keleivinis sausumos transportas,4930,Kitas keleivinis sausumos transportas,493000,Kitas keleivinis sausumos transportas,983
H,Transportas ir saugojimas,49,Sausumos transportas ir transportavimas vamzdynais,493,Kitas keleivinis sausumos transportas,4939,"Kitas, niekur kitur nepriskirtas, keleivinis sausumos transportas",493900,"Kitas, niekur kitur nepriskirtas, keleivinis sausumos transportas",984
H,Transportas ir saugojimas,49,Sausumos transportas ir transportavimas vamzdynais,494,Krovininis kelių transportas ir perkraustymo veikla,4940,Krovininis kelių transportas ir perkraustymo veikla,494000,Krovininis kelių transportas ir perkraustymo veikla,985
C,Apdirbamoji gamyba,13,Tekstilės gaminių gamyba,132,Tekstilės audimas,1320,Tekstilės audimas,132000,Tekstilės audimas,986
H,Transportas ir saugojimas,52,Sandėliavimas ir transportui būdingų paslaugų veikla,522,Transportui būdingų paslaugų veikla,5221,Sausumos transportui būdingų paslaugų veikla,522110,Traukinių eismo organizavimas ir reguliavimas,987
H,Transportas ir saugojimas,52,Sandėliavimas ir transportui būdingų paslaugų veikla,522,Transportui būdingų paslaugų veikla,5229,Kita transportui būdingų paslaugų veikla,522920,Krovinių gabenimo agentų ir ekspeditorių veikla,988
H,Transportas ir saugojimas,53,Pašto ir pasiuntinių (kurjerių) veikla,530,Pašto ir pasiuntinių (kurjerių) veikla,5300,Pašto ir pasiuntinių (kurjerių) veikla,530000,Pašto ir pasiuntinių (kurjerių) veikla,989
H,Transportas ir saugojimas,53,Pašto ir pasiuntinių (kurjerių) veikla,532,Kita pašto ir pasiuntinių (kurjerių) veikla,5320,Kita pašto ir pasiuntinių (kurjerių) veikla,532000,Kita pašto ir pasiuntinių (kurjerių) veikla,990
I,Apgyvendinimo ir maitinimo paslaugų veikla,55,Apgyvendinimo veikla,559,Kita apgyvendinimo veikla,5590,Kita apgyvendinimo veikla,559000,Kita apgyvendinimo veikla,991
I,Apgyvendinimo ir maitinimo paslaugų veikla,56,Maitinimo ir gėrimų teikimo veikla,562,Pagaminto valgio tiekimas renginiams ir kitų maitinimo paslaugų veikla,5620,Pagaminto valgio tiekimas renginiams ir kitų maitinimo paslaugų veikla,562000,Pagaminto valgio tiekimas renginiams ir kitų maitinimo paslaugų veikla,992
J,Informacija ir ryšiai,58,Leidybinė veikla,582,Programinės įrangos leidyba,5820,Programinės įrangos leidyba,582000,Programinės įrangos leidyba,993
J,Informacija ir ryšiai,59,"Kino filmų, vaizdo filmų ir televizijos programų gamyba, garso įrašymo ir muzikos įrašų leidybos veikla",590,"Kino filmų, vaizdo filmų ir televizijos programų gamyba, garso įrašymo ir muzikos įrašų leidybos veikla",5900,"Kino filmų, vaizdo filmų ir televizijos programų gamyba, garso įrašymo ir muzikos įrašų leidybos veikla",590000,"Kino filmų, vaizdo filmų ir televizijos programų gamyba, garso įrašymo ir muzikos įrašų leidybos veikla",994
J,Informacija ir ryšiai,59,"Kino filmų, vaizdo filmų ir televizijos programų gamyba, garso įrašymo ir muzikos įrašų leidybos veikla",591,"Kino filmų, vaizdo filmų ir televizijos programų rengėjų veikla",5911,"Kino filmų, vaizdo filmų ir televizijos programų gamyba",591100,"Kino filmų, vaizdo filmų ir televizijos programų gamyba",995
J,Informacija ir ryšiai,59,"Kino filmų, vaizdo filmų ir televizijos programų gamyba, garso įrašymo ir muzikos įrašų leidybos veikla",591,"Kino filmų, vaizdo filmų ir televizijos programų rengėjų veikla",5914,Kino filmų rodymas,591400,Kino filmų rodymas,996
J,Informacija ir ryšiai,60,Programų rengimas ir transliavimas,600,Programų rengimas ir transliavimas,6000,Programų rengimas ir transliavimas,600000,Programų rengimas ir transliavimas,997
J,Informacija ir ryšiai,61,Telekomunikacijos,619,Kitų ryšių paslaugų veikla,6190,Kitų ryšių paslaugų veikla,619000,Kitų ryšių paslaugų veikla,998
J,Informacija ir ryšiai,62,"Kompiuterių programavimo, konsultacinė ir susijusi veikla",620,"Kompiuterių programavimo, konsultacinė ir susijusi veikla",6201,Kompiuterių programavimo veikla,620100,Kompiuterių programavimo veikla,999
J,Informacija ir ryšiai,62,"Kompiuterių programavimo, konsultacinė ir susijusi veikla",620,"Kompiuterių programavimo, konsultacinė ir susijusi veikla",6202,Kompiuterių konsultacinė veikla,620200,Kompiuterių konsultacinė veikla,1000
J,Informacija ir ryšiai,63,Informacinių paslaugų veikla,630,Informacinių paslaugų veikla,6300,Informacinių paslaugų veikla,630000,Informacinių paslaugų veikla,1001
J,Informacija ir ryšiai,63,Informacinių paslaugų veikla,639,Kita informacinių paslaugų veikla,6391,Naujienų agentūrų veikla,639100,Naujienų agentūrų veikla,1002
K,Finansinė ir draudimo veikla,64,"Finansinių paslaugų veikla, išskyrus draudimą ir pensijų lėšų kaupimą",641,Piniginis tarpininkavimas,6419,Kitas piniginis tarpininkavimas,641900,Kitas piniginis tarpininkavimas,1003
K,Finansinė ir draudimo veikla,66,Pagalbinė finansinių paslaugų ir draudimo veikla,662,Pagalbinė draudimo ir pensijų lėšų kaupimo veikla,6620,Pagalbinė draudimo ir pensijų lėšų kaupimo veikla,662000,Pagalbinė draudimo ir pensijų lėšų kaupimo veikla,1004
K,Finansinė ir draudimo veikla,66,Pagalbinė finansinių paslaugų ir draudimo veikla,663,Fondų valdymo veikla,6630,Fondų valdymo veikla,663000,Fondų valdymo veikla,1005
L,Nekilnojamojo turto operacijos,68,Nekilnojamojo turto operacijos,683,Nekilnojamojo turto operacijos už atlygį arba pagal sutartį,6832,Nekilnojamojo turto tvarkyba už atlygį arba pagal sutartį,683200,Nekilnojamojo turto tvarkyba už atlygį arba pagal sutartį,1006
M,"Profesinė, mokslinė ir techninė veikla",69,Teisinė ir apskaitos veikla,690,Teisinė ir apskaitos veikla,6900,Teisinė ir apskaitos veikla,690000,Teisinė ir apskaitos veikla,1007
M,"Profesinė, mokslinė ir techninė veikla",69,Teisinė ir apskaitos veikla,691,Teisinė veikla,6910,Teisinė veikla,691020,Konsultacijos ir atstovavimas darbo ginčuose,1008
M,"Profesinė, mokslinė ir techninė veikla",69,Teisinė ir apskaitos veikla,692,"Apskaitos, buhalterijos ir audito veikla; konsultacijos mokesčių klausimais",6920,"Apskaitos, buhalterijos ir audito veikla; konsultacijos mokesčių klausimais",692000,"Apskaitos, buhalterijos ir audito veikla; konsultacijos mokesčių klausimais",1009
M,"Profesinė, mokslinė ir techninė veikla",69,Teisinė ir apskaitos veikla,692,"Apskaitos, buhalterijos ir audito veikla; konsultacijos mokesčių klausimais",6920,"Apskaitos, buhalterijos ir audito veikla; konsultacijos mokesčių klausimais",692030,Firmų ir kitų bendrovių komercinių operacijų apskaitos tvarkymas,1010
M,"Profesinė, mokslinė ir techninė veikla",69,Teisinė ir apskaitos veikla,692,"Apskaitos, buhalterijos ir audito veikla; konsultacijos mokesčių klausimais",6920,"Apskaitos, buhalterijos ir audito veikla; konsultacijos mokesčių klausimais",692040,Mokesčių konsultacijos,1011
M,"Profesinė, mokslinė ir techninė veikla",70,Pagrindinių buveinių veikla; konsultacinė valdymo veikla,702,Konsultacinė valdymo veikla,7021,Viešųjų ryšių ir komunikacijos veikla,702100,Viešųjų ryšių ir komunikacijos veikla,1012
M,"Profesinė, mokslinė ir techninė veikla",71,Architektūros ir inžinerijos veikla; techninis tikrinimas ir analizė,710,Architektūros ir inžinerijos veikla; techninis tikrinimas ir analizė,7100,Architektūros ir inžinerijos veikla; techninis tikrinimas ir analizė,710000,Architektūros ir inžinerijos veikla; techninis tikrinimas ir analizė,1013
M,"Profesinė, mokslinė ir techninė veikla",71,Architektūros ir inžinerijos veikla; techninis tikrinimas ir analizė,711,Architektūros ir inžinerijos veikla bei su ja susijusios techninės konsultacijos,7112,Inžinerijos veikla ir su ja susijusios techninės konsultacijos,711200,Inžinerijos veikla ir su ja susijusios techninės konsultacijos,1014
M,"Profesinė, mokslinė ir techninė veikla",71,Architektūros ir inžinerijos veikla; techninis tikrinimas ir analizė,711,Architektūros ir inžinerijos veikla bei su ja susijusios techninės konsultacijos,7112,Inžinerijos veikla ir su ja susijusios techninės konsultacijos,711240,Geodezinė veikla,1015
M,"Profesinė, mokslinė ir techninė veikla",71,Architektūros ir inžinerijos veikla; techninis tikrinimas ir analizė,711,Architektūros ir inžinerijos veikla bei su ja susijusios techninės konsultacijos,7112,Inžinerijos veikla ir su ja susijusios techninės konsultacijos,711260,Miškotvarka ir žemėtvarka,1016
M,"Profesinė, mokslinė ir techninė veikla",71,Architektūros ir inžinerijos veikla; techninis tikrinimas ir analizė,712,Techninis tikrinimas ir analizė,7120,Techninis tikrinimas ir analizė,712010,"Aplinkos kontrolė, ekologinis monitoringas",1017
M,"Profesinė, mokslinė ir techninė veikla",72,Moksliniai tyrimai ir taikomoji veikla,720,Moksliniai tyrimai ir taikomoji veikla,7200,Moksliniai tyrimai ir taikomoji veikla,720000,Moksliniai tyrimai ir taikomoji veikla,1018
M,"Profesinė, mokslinė ir techninė veikla",72,Moksliniai tyrimai ir taikomoji veikla,721,Gamtos mokslų ir inžinerijos moksliniai tyrimai ir taikomoji veikla,7219,Kiti gamtos mokslų ir inžinerijos moksliniai tyrimai ir taikomoji veikla,721910,Agrarinių mokslų tiriamieji ir taikomieji darbai,1019
M,"Profesinė, mokslinė ir techninė veikla",73,Reklama ir rinkos tyrimas,731,Reklama,7311,Reklamos agentūrų veikla,731100,Reklamos agentūrų veikla,1020
M,"Profesinė, mokslinė ir techninė veikla",74,"Kita profesinė, mokslinė ir techninė veikla",742,Fotografavimo veikla,7420,Fotografavimo veikla,742000,Fotografavimo veikla,1021
M,"Profesinė, mokslinė ir techninė veikla",75,Veterinarinė veikla,750,Veterinarinė veikla,7500,Veterinarinė veikla,750030,Veterinarinė diagnostinė veikla,1022
N,Administracinė ir aptarnavimo veikla,77,Nuoma ir išperkamoji nuoma,771,Variklinių transporto priemonių nuoma ir išperkamoji nuoma,7712,Sunkiasvorių variklinių transporto priemonių nuoma ir išperkamoji nuoma,771220,Turistinių autobusų nuoma,1023
N,Administracinė ir aptarnavimo veikla,77,Nuoma ir išperkamoji nuoma,772,Asmeninių ir namų ūkio prekių nuoma ir išperkamoji nuoma,7720,Asmeninių ir namų ūkio prekių nuoma ir išperkamoji nuoma,772000,Asmeninių ir namų ūkio prekių nuoma ir išperkamoji nuoma,1024
N,Administracinė ir aptarnavimo veikla,77,Nuoma ir išperkamoji nuoma,772,Asmeninių ir namų ūkio prekių nuoma ir išperkamoji nuoma,7721,Poilsio ir sporto reikmenų nuoma ir išperkamoji nuoma,772110,Pramoginių valčių nuoma,1025
N,Administracinė ir aptarnavimo veikla,77,Nuoma ir išperkamoji nuoma,772,Asmeninių ir namų ūkio prekių nuoma ir išperkamoji nuoma,7721,Poilsio ir sporto reikmenų nuoma ir išperkamoji nuoma,772120,Jojamųjų žirgų nuoma,1026
N,Administracinė ir aptarnavimo veikla,77,Nuoma ir išperkamoji nuoma,772,Asmeninių ir namų ūkio prekių nuoma ir išperkamoji nuoma,7722,Vaizdajuosčių ir kompaktinių diskų nuoma,772200,Vaizdajuosčių ir kompaktinių diskų nuoma,1027
N,Administracinė ir aptarnavimo veikla,77,Nuoma ir išperkamoji nuoma,772,Asmeninių ir namų ūkio prekių nuoma ir išperkamoji nuoma,7729,Kitų asmeninių ir namų ūkio prekių nuoma ir išperkamoji nuoma,772900,Kitų asmeninių ir namų ūkio prekių nuoma ir išperkamoji nuoma,1028
N,Administracinė ir aptarnavimo veikla,77,Nuoma ir išperkamoji nuoma,772,Asmeninių ir namų ūkio prekių nuoma ir išperkamoji nuoma,7729,Kitų asmeninių ir namų ūkio prekių nuoma ir išperkamoji nuoma,772920,Baldų ir kitų asmeniniam naudojimui skirtų daiktų nuoma,1029
N,Administracinė ir aptarnavimo veikla,77,Nuoma ir išperkamoji nuoma,772,Asmeninių ir namų ūkio prekių nuoma ir išperkamoji nuoma,7729,Kitų asmeninių ir namų ūkio prekių nuoma ir išperkamoji nuoma,772930,"Muzikos instrumentų, teatro dekoracijų ir kostiumų nuoma",1030
N,Administracinė ir aptarnavimo veikla,77,Nuoma ir išperkamoji nuoma,773,"Kitų mašinų, įrangos ir materialiųjų vertybių nuoma ir išperkamoji nuoma",7732,Statybos ir inžinerinių statybos darbų mašinų ir įrenginių nuoma ir išperkamoji nuoma,773200,Statybos ir inžinerinių statybos darbų mašinų ir įrenginių nuoma ir išperkamoji nuoma,1031
N,Administracinė ir aptarnavimo veikla,77,Nuoma ir išperkamoji nuoma,773,"Kitų mašinų, įrangos ir materialiųjų vertybių nuoma ir išperkamoji nuoma",7733,"Įstaigos mašinų ir įrangos, įskaitant kompiuterius, nuoma ir išperkamoji nuoma",773300,"Įstaigos mašinų ir įrangos, įskaitant kompiuterius, nuoma ir išperkamoji nuoma",1032
N,Administracinė ir aptarnavimo veikla,77,Nuoma ir išperkamoji nuoma,773,"Kitų mašinų, įrangos ir materialiųjų vertybių nuoma ir išperkamoji nuoma",7739,"Kitų, niekur kitur nepriskirtų, mašinų, įrangos ir materialiųjų vertybių nuoma ir išperkamoji nuoma",773940,"Konteinerių, kilnojamųjų platformų ir padėklų nuoma",1033
N,Administracinė ir aptarnavimo veikla,77,Nuoma ir išperkamoji nuoma,774,"Intelektinės nuosavybės ir panašių produktų, išskyrus autorių teisių saugomus objektus, išperkamoji nuoma",7740,"Intelektinės nuosavybės ir panašių produktų, išskyrus autorių teisių saugomus objektus, išperkamoji nuoma",774000,"Intelektinės nuosavybės ir panašių produktų, išskyrus autorių teisių saugomus objektus, išperkamoji nuoma",1034
N,Administracinė ir aptarnavimo veikla,79,"Kelionių agentūrų, ekskursijų organizatorių, išankstinio užsakymo paslaugų ir susijusi veikla",790,"Kelionių agentūrų, ekskursijų organizatorių, išankstinio užsakymo paslaugų ir susijusi veikla",7900,"Kelionių agentūrų, ekskursijų organizatorių, išankstinio užsakymo paslaugų ir susijusi veikla",790000,"Kelionių agentūrų, ekskursijų organizatorių, išankstinio užsakymo paslaugų ir susijusi veikla",1035
N,Administracinė ir aptarnavimo veikla,79,"Kelionių agentūrų, ekskursijų organizatorių, išankstinio užsakymo paslaugų ir susijusi veikla",791,Kelionių agentūrų ir ekskursijų organizatorių veikla,7910,Kelionių agentūrų ir ekskursijų organizatorių veikla,791000,Kelionių agentūrų ir ekskursijų organizatorių veikla,1036
N,Administracinė ir aptarnavimo veikla,82,"Administracinė veikla, įstaigų ir kitų verslo įmonių aptarnavimo veikla",820,"Administracinė veikla, įstaigų ir kitų verslo įmonių aptarnavimo veikla",8200,"Administracinė veikla, įstaigų ir kitų verslo įmonių aptarnavimo veikla",820000,"Administracinė veikla, įstaigų ir kitų verslo įmonių aptarnavimo veikla",1037
N,Administracinė ir aptarnavimo veikla,82,"Administracinė veikla, įstaigų ir kitų verslo įmonių aptarnavimo veikla",821,Įstaigų administracinė ir aptarnavimo veikla,8210,Įstaigų administracinė ir aptarnavimo veikla,821000,Įstaigų administracinė ir aptarnavimo veikla,1038
N,Administracinė ir aptarnavimo veikla,82,"Administracinė veikla, įstaigų ir kitų verslo įmonių aptarnavimo veikla",821,Įstaigų administracinė ir aptarnavimo veikla,8211,Kombinuotųjų įstaigos administracinių paslaugų veikla,821100,Kombinuotųjų įstaigos administracinių paslaugų veikla,1039
N,Administracinė ir aptarnavimo veikla,82,"Administracinė veikla, įstaigų ir kitų verslo įmonių aptarnavimo veikla",829,Niekur kitur nepriskirta verslui būdingų paslaugų veikla,8290,Niekur kitur nepriskirta verslui būdingų paslaugų veikla,829000,Niekur kitur nepriskirta verslui būdingų paslaugų veikla,1040
O,Viešasis valdymas ir gynyba; privalomasis socialinis draudimas,84,Viešasis valdymas ir gynyba; privalomasis socialinis draudimas,841,Valstybės valdymas ir bendroji ekonominė bei socialinė bendruomenės politika,8411,Bendroji viešojo valdymo veikla,841160,Centrinių administracinių institucijų įstatymų leidžiamoji ir vykdomoji veikla,1041
O,Viešasis valdymas ir gynyba; privalomasis socialinis draudimas,84,Viešasis valdymas ir gynyba; privalomasis socialinis draudimas,841,Valstybės valdymas ir bendroji ekonominė bei socialinė bendruomenės politika,8413,Verslo veiklos reguliavimas ir parama efektyviau ją organizuoti,841300,Verslo veiklos reguliavimas ir parama efektyviau ją organizuoti,1042
P,Švietimas,85,Švietimas,853,Vidurinis ugdymas,8531,Bendrasis vidurinis ugdymas,853100,Bendrasis vidurinis ugdymas,1043
P,Švietimas,85,Švietimas,853,Vidurinis ugdymas,8532,Techninis ir profesinis vidurinis mokymas,853200,Techninis ir profesinis vidurinis mokymas,1044
P,Švietimas,85,Švietimas,854,Aukštasis mokslas,8540,Aukštasis mokslas,854000,Aukštasis mokslas,1045
Q,Žmonių sveikatos priežiūra ir socialinis darbas,86,Žmonių sveikatos priežiūros veikla,860,Žmonių sveikatos priežiūros veikla,8600,Žmonių sveikatos priežiūros veikla,860000,Žmonių sveikatos priežiūros veikla,1046
Q,Žmonių sveikatos priežiūra ir socialinis darbas,86,Žmonių sveikatos priežiūros veikla,861,Ligoninių veikla,8610,Ligoninių veikla,861030,Reabilitacijos ligoninių veikla,1047
Q,Žmonių sveikatos priežiūra ir socialinis darbas,86,Žmonių sveikatos priežiūros veikla,862,Medicininės ir odontologinės praktikos veikla,8620,Medicininės ir odontologinės praktikos veikla,862000,Medicininės ir odontologinės praktikos veikla,1048
Q,Žmonių sveikatos priežiūra ir socialinis darbas,86,Žmonių sveikatos priežiūros veikla,869,Kita žmonių sveikatos priežiūros veikla,8690,Kita žmonių sveikatos priežiūros veikla,869030,Medicinos laboratorijų veikla,1049
Q,Žmonių sveikatos priežiūra ir socialinis darbas,87,Kita stacionarinė globos veikla,870,Kita stacionarinė globos veikla,8700,Kita stacionarinė globos veikla,870000,Kita stacionarinė globos veikla,1050
Q,Žmonių sveikatos priežiūra ir socialinis darbas,87,Kita stacionarinė globos veikla,872,"Stacionarinė protiškai atsilikusių, psichikos ligonių, sergančiųjų priklausomybės ligomis globos veikla",8720,"Stacionarinė protiškai atsilikusių, psichikos ligonių, sergančiųjų priklausomybės ligomis globos veikla",872000,"Stacionarinė protiškai atsilikusių, psichikos ligonių, sergančiųjų priklausomybės ligomis globos veikla",1051
Q,Žmonių sveikatos priežiūra ir socialinis darbas,88,Nesusijusio su apgyvendinimu socialinio darbo veikla,880,Nesusijusio su apgyvendinimu socialinio darbo veikla,8800,Nesusijusio su apgyvendinimu socialinio darbo veikla,880000,Nesusijusio su apgyvendinimu socialinio darbo veikla,1052
Q,Žmonių sveikatos priežiūra ir socialinis darbas,88,Nesusijusio su apgyvendinimu socialinio darbo veikla,889,"Kita, nesusijusi su apgyvendinimu, socialinio darbo veikla",8899,"Kita, niekur kitur nepriskirta, nesusijusi su apgyvendinimu socialinio darbo veikla",889900,"Kita, niekur kitur nepriskirta, nesusijusi su apgyvendinimu socialinio darbo veikla",1053
R,"Meninė, pramoginė ir poilsio organizavimo veikla",90,"Kūrybinė, meninė ir pramogų organizavimo veikla",900,"Kūrybinė, meninė ir pramogų organizavimo veikla",9000,"Kūrybinė, meninė ir pramogų organizavimo veikla",900000,"Kūrybinė, meninė ir pramogų organizavimo veikla",1054
R,"Meninė, pramoginė ir poilsio organizavimo veikla",90,"Kūrybinė, meninė ir pramogų organizavimo veikla",900,"Kūrybinė, meninė ir pramogų organizavimo veikla",9002,Scenos pastatymams būdingų paslaugų veikla,900200,Scenos pastatymams būdingų paslaugų veikla,1055
R,"Meninė, pramoginė ir poilsio organizavimo veikla",93,"Sportinė veikla, pramogų ir poilsio organizavimo veikla",931,Sportinė veikla,9311,Sporto įrenginių eksploatavimas,931100,Sporto įrenginių eksploatavimas,1056
R,"Meninė, pramoginė ir poilsio organizavimo veikla",93,"Sportinė veikla, pramogų ir poilsio organizavimo veikla",931,Sportinė veikla,9319,Kita sportinė veikla,931910,Sportinė ar mėgėjų medžioklė ir su ja susijusi veikla,1057
R,"Meninė, pramoginė ir poilsio organizavimo veikla",93,"Sportinė veikla, pramogų ir poilsio organizavimo veikla",931,Sportinė veikla,9319,Kita sportinė veikla,931920,Sportinė ar mėgėjų žvejyba ir su ja susijusi veikla,1058
S,Kita aptarnavimo veikla,94,Narystės organizacijų veikla,940,Narystės organizacijų veikla,9400,Narystės organizacijų veikla,940000,Narystės organizacijų veikla,1059
S,Kita aptarnavimo veikla,95,Kompiuterių ir asmeninių bei namų ūkio reikmenų taisymas,951,Kompiuterių ir ryšių įrangos remontas,9511,Kompiuterių ir išorinės įrangos remontas,951100,Kompiuterių ir išorinės įrangos remontas,1060
S,Kita aptarnavimo veikla,95,Kompiuterių ir asmeninių bei namų ūkio reikmenų taisymas,951,Kompiuterių ir ryšių įrangos remontas,9512,Ryšių įrangos remontas,951210,Ryšio sistemų techninė priežiūra,1061
S,Kita aptarnavimo veikla,95,Kompiuterių ir asmeninių bei namų ūkio reikmenų taisymas,952,Asmeninių ir namų ūkio reikmenų taisymas,9521,Vartotojiškos elektroninės įrangos remontas,952100,Vartotojiškos elektroninės įrangos remontas,1062
S,Kita aptarnavimo veikla,95,Kompiuterių ir asmeninių bei namų ūkio reikmenų taisymas,952,Asmeninių ir namų ūkio reikmenų taisymas,9522,"Buitinių aparatų ir prietaisų, namų bei sodo įrangos remontas",952200,"Buitinių aparatų ir prietaisų, namų bei sodo įrangos remontas",1063
S,Kita aptarnavimo veikla,96,Kita asmenų aptarnavimo veikla,960,Kita asmenų aptarnavimo veikla,9601,Tekstilės ir kailių gaminių skalbimas ir (sausasis) valymas,960100,Tekstilės ir kailių gaminių skalbimas ir (sausasis) valymas,1064
S,Kita aptarnavimo veikla,96,Kita asmenų aptarnavimo veikla,960,Kita asmenų aptarnavimo veikla,9609,"Kita, niekur kitur nepriskirta, asmenų aptarnavimo veikla",960900,"Kita, niekur kitur nepriskirta, asmenų aptarnavimo veikla",1065
T,"Namų ūkių, samdančių darbininkus, veikla; namų ūkių veikla, susijusi su savoms reikmėms tenkinti skirtų nediferencijuojamų gaminių gamyba ir paslaugų teikimu",97,"Namų ūkių, samdančių namų ūkio personalą, veikla",970,"Namų ūkių, samdančių namų ūkio personalą, veikla",9700,"Namų ūkių, samdančių namų ūkio personalą, veikla",970000,"Namų ūkių, samdančių namų ūkio personalą, veikla",1066
T,"Namų ūkių, samdančių darbininkus, veikla; namų ūkių veikla, susijusi su savoms reikmėms tenkinti skirtų nediferencijuojamų gaminių gamyba ir paslaugų teikimu",98,"Privačių namų ūkių veikla, susijusi su savoms reikmėms tenkinti skirtų nediferencijuojamų gaminių gamyba ir paslaugų teikimu",981,"Privačių namų ūkių veikla, susijusi su savoms reikmėms tenkinti skirtų nediferencijuojamų gaminių ar reikmenų gamyba",9810,"Privačių namų ūkių veikla, susijusi su savoms reikmėms tenkinti skirtų nediferencijuojamų gaminių ar reikmenų gamyba",981000,"Privačių namų ūkių veikla, susijusi su savoms reikmėms tenkinti skirtų nediferencijuojamų gaminių ar reikmenų gamyba",1067
C,Apdirbamoji gamyba,16,"Medienos bei medienos ir kamštienos gaminių, išskyrus baldus, gamyba; gaminių iš šiaudų ir pynimo medžiagų gamyba",160,"Medienos bei medienos ir kamštienos gaminių, išskyrus baldus, gamyba; gaminių iš šiaudų ir pynimo medžiagų gamyba",1600,"Medienos bei medienos ir kamštienos gaminių, išskyrus baldus, gamyba; gaminių iš šiaudų ir pynimo medžiagų gamyba",160000,"Medienos bei medienos ir kamštienos gaminių, išskyrus baldus, gamyba; gaminių iš šiaudų ir pynimo medžiagų gamyba",1068
C,Apdirbamoji gamyba,20,Chemikalų ir chemijos produktų gamyba,203,"Dažų, lakų ir panašių dangų medžiagų, spaustuvinių dažų ir mastikų gamyba",2030,"Dažų, lakų ir panašių dangų medžiagų, spaustuvinių dažų ir mastikų gamyba",203000,"Dažų, lakų ir panašių dangų medžiagų, spaustuvinių dažų ir mastikų gamyba",1069
C,Apdirbamoji gamyba,20,Chemikalų ir chemijos produktų gamyba,205,Kitų cheminių medžiagų gamyba,2059,"Kitų, niekur kitur nepriskirtų, cheminių medžiagų gamyba",205900,"Kitų, niekur kitur nepriskirtų, cheminių medžiagų gamyba",1070
C,Apdirbamoji gamyba,22,Guminių ir plastikinių gaminių gamyba,222,Plastikinių gaminių gamyba,2220,Plastikinių gaminių gamyba,222000,Plastikinių gaminių gamyba,1071
F,Statyba,43,Specializuota statybos veikla,433,Statybos baigimas ir apdaila,4330,Statybos baigimas ir apdaila,433000,Statybos baigimas ir apdaila,1072
H,Transportas ir saugojimas,52,Sandėliavimas ir transportui būdingų paslaugų veikla,522,Transportui būdingų paslaugų veikla,5222,Vandens transportui būdingų paslaugų veikla,522200,Vandens transportui būdingų paslaugų veikla,1073
K,Finansinė ir draudimo veikla,64,"Finansinių paslaugų veikla, išskyrus draudimą ir pensijų lėšų kaupimą",649,"Kita finansinių paslaugų veikla, išskyrus draudimą ir pensijų lėšų kaupimą",6490,"Kita finansinių paslaugų veikla, išskyrus draudimą ir pensijų lėšų kaupimą",649000,"Kita finansinių paslaugų veikla, išskyrus draudimą ir pensijų lėšų kaupimą",1074
M,"Profesinė, mokslinė ir techninė veikla",69,Teisinė ir apskaitos veikla,691,Teisinė veikla,6910,Teisinė veikla,691000,Teisinė veikla,1075
M,"Profesinė, mokslinė ir techninė veikla",71,Architektūros ir inžinerijos veikla; techninis tikrinimas ir analizė,712,Techninis tikrinimas ir analizė,7120,Techninis tikrinimas ir analizė,712000,Techninis tikrinimas ir analizė,1076
M,"Profesinė, mokslinė ir techninė veikla",72,Moksliniai tyrimai ir taikomoji veikla,721,Gamtos mokslų ir inžinerijos moksliniai tyrimai ir taikomoji veikla,7211,Biotechnologijos moksliniai tyrimai ir taikomoji veikla,721100,Biotechnologijos moksliniai tyrimai ir taikomoji veikla,1077
N,Administracinė ir aptarnavimo veikla,81,Pastatų aptarnavimas ir kraštovaizdžio tvarkymas,813,Kraštovaizdžio tvarkymas,8130,Kraštovaizdžio tvarkymas,813000,Kraštovaizdžio tvarkymas,1078
